red child Received: [ 'start' ]
Voice assistant WebSocket server is running on ws://localhost:8000
recorder child Received: start
control parent Received:  started
Received: {"payload":"*pong*","_msgid":"5d9dc6717016ba74"}
red parent Received:  started
Received: {"_msgid":"3311370b28506203","payload":1729885469214,"topic":""}
red parent Received:  { _msgid: '3311370b28506203', payload: 1729885469214, topic: '' }
Sending to parent: <Buffer 7b 22 5f 6d 73 67 69 64 22 3a 22 33 33 31 31 33 37 30 62 32 38 35 30 36 32 30 33 22 2c 22 70 61 79 6c 6f 61 64 22 3a 31 37 32 39 38 38 35 34 36 39 32 ... 14 more bytes>
red child Received: [ 'start' ]
Voice assistant WebSocket server is running on ws://localhost:8000
recorder child Received: start
control parent Received:  started
Received: {"payload":"*pong*","_msgid":"7f10c3a8fab5fdb3"}
red parent Received:  started
red child Received: [ 'start' ]
Voice assistant WebSocket server is running on ws://localhost:8000
recorder child Received: start
control parent Received:  started
Received: {"payload":"*pong*","_msgid":"fde318b6a0645e12"}
red parent Received:  started
red child Received: [ 'start' ]
Voice assistant WebSocket server is running on ws://localhost:8000
recorder child Received: start
control parent Received:  started
Received: {"payload":"*pong*","_msgid":"9f341e07910c41f4"}
red parent Received:  started
red child Received: [ 'start' ]
Voice assistant WebSocket server is running on ws://localhost:8000
recorder child Received: start
control parent Received:  started
Received: {"payload":"*pong*","_msgid":"14e480d0f5f3ee22"}
red parent Received:  started
red child Received: [ 'start' ]
Voice assistant WebSocket server is running on ws://localhost:8000
recorder child Received: start
red child Received: [ 'start' ]
Voice assistant WebSocket server is running on ws://localhost:8000
recorder child Received: start
control parent Received:  started
Received: {"payload":"*pong*","_msgid":"cc2ca8a159e6749f"}
red parent Received:  started
red child Received: [ 'start' ]
Voice assistant WebSocket server is running on ws://localhost:8000
recorder child Received: start
control parent Received:  started
Received: {"payload":"*pong*","_msgid":"59d4ec4d0bae91fb"}
red parent Received:  started
red child Received: [ 'start' ]
Voice assistant WebSocket server is running on ws://localhost:8000
recorder child Received: start
Received: {"payload":"*pong*","_msgid":"f44dd9981f9f440d"}
red parent Received:  started
control parent Received:  started
red child Received: [ 'start' ]
Voice assistant WebSocket server is running on ws://localhost:8000
recorder child Received: start
control parent Received:  started
Received: {"payload":"*pong*","_msgid":"d5af597ded947f57"}
red parent Received:  started
red child Received: [ 'start' ]
Voice assistant WebSocket server is running on ws://localhost:8000
recorder child Received: start
control parent Received:  started
Received: {"payload":"*pong*","_msgid":"af495de6e41a162c"}
red parent Received:  started
red child Received: [ 'start' ]
Voice assistant WebSocket server is running on ws://localhost:8000
recorder child Received: start
control parent Received:  started
Received: {"payload":"*pong*","_msgid":"1ef30bf3c0a05868"}
red parent Received:  started
12354.
red child Received: [ 'start' ]
Voice assistant WebSocket server is running on ws://localhost:8000
recorder child Received: start
control parent Received:  started
Received: {"payload":"*pong*","_msgid":"1e723a80c95c39b2"}
red parent Received:  started
red child Received: [ 'start' ]
Voice assistant WebSocket server is running on ws://localhost:8000
recorder child Received: start
control parent Received:  started
Received: {"payload":"*pong*","_msgid":"a4bcf3c779745b05"}
red parent Received:  started
aaaaaaaaaaaaa
Control & Red init ok.
Main loop started.
recorder child Received: idle
red child Received: [ 'start' ]
Voice assistant WebSocket server is running on ws://localhost:8000
recorder child Received: start
Received: {"payload":"*pong*","_msgid":"342aa038877c1da9"}
red parent Received:  started
control parent Received:  started
aaaaaaaaaaaaa
Control & Red init ok.
Main loop started.
recorder child Received: idle
control parent Received:  repeat
child speaker Received: play
red child Received: [ 'start' ]
Voice assistant WebSocket server is running on ws://localhost:8000
recorder child Received: start
control parent Received:  started
Received: {"payload":"*pong*","_msgid":"82426e52a5072140"}
red parent Received:  started
aaaaaaaaaaaaa
Control & Red init ok.
Main loop started.
recorder child Received: idle
control parent Received:  record
recorder child Received: record
control parent Received:  {
  message: 'stt',
  recC: [
    Int16Array(512) [
      -3632, -3126, -2492, -2042, -1689, -1453, -1321, -1215, -1181,
      -1197, -1542, -1707, -1845, -1725, -1596, -1404,  -879,  -272,
        369,  1037,  1788,  2344,  2650,  2594,  2419,  2400,  2183,
       2074,  2128,  2322,  2545,  2528,  2502,  2484,  2460,  2248,
       2175,  2192,  2427,  2929,  3594,  4379,  5139,  5979,  7096,
       7972,  8767,  9785, 10810, 11649, 12423, 13281, 14201, 15049,
      15615, 15877, 16178, 16271, 16280, 16146, 15742, 15439, 14794,
      14051, 13339, 12254, 11107,  9923,  8514,  6925,  5448,  3902,
       2421,  1008,  -211, -1268, -2247, -2974, -3671, -4200, -4535,
      -4427, -4150, -3824, -3494, -3213, -2962, -2561, -2281, -1812,
      -1422, -1135,  -791,  -825,  -958, -1276, -1790, -2330, -2805,
      -3467,
      ... 412 more items
    ],
    Int16Array(512) [
       6118,  5515,  4974,  4676,  4371,  3994,  3639,  3300,  2887,
       2422,  1809,  1300,   665,    74,  -698, -1440, -2005, -2519,
      -2906, -3414, -3954, -4266, -4600, -4932, -5196, -5465, -5786,
      -6041, -6170, -6296, -6507, -6825, -7071, -7321, -7271, -7336,
      -7475, -7461, -7544, -7445, -7446, -7305, -7480, -7455, -7247,
      -7132, -6867, -6871, -6949, -7216, -7309, -6995, -6813, -6726,
      -6727, -6663, -6787, -6801, -6800, -6910, -6801, -6762, -6609,
      -6327, -6018, -5714, -5565, -5583, -5540, -5365, -5256, -5115,
      -5029, -4833, -4849, -4756, -4457, -4132, -3776, -3429, -3362,
      -3281, -3065, -2900, -2809, -2669, -2250, -2019, -1799, -1625,
      -1543, -1622, -1566, -1396, -1130,  -761,  -425,    37,   497,
        826,
      ... 412 more items
    ],
    Int16Array(512) [
       8234,  7865,  7473,  7268,  7036,  6725,  6347,  6070,  5914,
       5971,  6206,  6736,  7640,  8792, 10250, 11676, 13129, 14228,
      15225, 16230, 17150, 17852, 18267, 18577, 18702, 18804, 18610,
      18283, 18071, 17709, 17259, 16735, 16197, 15743, 15385, 14887,
      14289, 13836, 13388, 13025, 12654, 12274, 11622, 10906, 10273,
       9788,  9357,  8568,  7917,  7385,  6669,  6118,  5530,  4906,
       4211,  3649,  3008,  2504,  2032,  1611,  1514,  1200,  1042,
        819,   488,   233,   -44,  -265,  -403,  -621,  -941, -1064,
      -1245, -1250, -1299, -1532, -1521, -1418, -1052,  -752,  -626,
       -445,  -407,  -315,  -186,  -314,  -288,  -241,  -218,   -58,
        -85,  -150,  -189,  -510,  -706, -1094, -1671, -1977, -2179,
      -2625,
      ... 412 more items
    ],
    Int16Array(512) [
       -6753,  -6825,  -6828,  -6738,  -6695,  -6615,  -6508,  -6471,
       -6437,  -6260,  -6057,  -5908,  -5559,  -5361,  -5349,  -5311,
       -5258,  -5237,  -5123,  -5204,  -5325,  -5366,  -5640,  -5602,
       -5676,  -5596,  -5569,  -5476,  -5481,  -5754,  -6026,  -6231,
       -6257,  -6222,  -6183,  -6163,  -6075,  -6107,  -6153,  -6032,
       -5952,  -5792,  -5703,  -5724,  -5787,  -5727,  -5737,  -5822,
       -5942,  -5893,  -5831,  -5818,  -5805,  -5808,  -5687,  -5592,
       -5194,  -4824,  -4471,  -4383,  -4359,  -4723,  -5081,  -5402,
       -5865,  -6334,  -6819,  -7783,  -8986, -10097, -11191, -12479,
      -13969, -15431, -16950, -18245, -19384, -20168, -20553, -20508,
      -20304, -19885, -19380, -18734, -17874, -16828, -15958, -15092,
      -14080, -13140, -12549, -12202, -11783, -11553, -11272, -11025,
      -10814, -10432,  -9936,  -9432,
      ... 412 more items
    ],
    Int16Array(512) [
       4293,  4090,  3753,  3607,  3402,  3439,  3412,  3286,  3419,
       3398,  3124,  2835,  2662,  2507,  2428,  2212,  2142,  2285,
       2203,  2248,  2155,  1983,  1943,  1791,  1780,  1608,  1456,
       1270,   931,   649,   406,   233,   180,   170,   193,    23,
        -88,   -52,  -345,  -578,  -559,  -674,  -802,  -950, -1185,
      -1310, -1431, -1666, -1752, -1799, -1929, -1968, -2088, -2173,
      -2184, -2048, -1878, -1708, -1718, -1959, -1885, -1689, -1443,
      -1470, -1586, -1631, -1525, -1453, -1271, -1201, -1210, -1224,
      -1108,  -998,  -898,  -965, -1116, -1157, -1144, -1056, -1033,
      -1072, -1150, -1045, -1016,  -896,  -927,  -861,  -840,  -758,
       -783,  -800,  -812,  -866,  -899,  -875,  -884,  -705,  -661,
       -610,
      ... 412 more items
    ],
    Int16Array(512) [
        702,   888,  1067,   885,   695,   545,   325,   277,   223,
        326,   336,   434,   461,   370,   361,   147,   158,   199,
        372,   443,   493,   667,   707,   780,   574,   324,   159,
       -147,  -341,  -300,  -293,  -279,  -210,  -230,  -405,  -542,
       -543,  -653,  -940, -1051, -1053, -1022, -1012, -1096, -1301,
      -1443, -1495, -1544, -1364, -1072, -1008, -1039, -1080, -1145,
      -1313, -1470, -1644, -1846, -1879, -1970, -1947, -1870, -1782,
      -1530, -1525, -1496, -1399, -1462, -1524, -1638, -1545, -1326,
      -1296, -1200, -1089, -1051,  -977, -1054, -1088, -1073, -1058,
       -934,  -931,  -906, -1001, -1201, -1485, -1749, -2006, -2198,
      -2336, -2375, -2470, -2638, -2678, -2761, -2709, -2624, -2458,
      -2311,
      ... 412 more items
    ],
    Int16Array(512) [
      -3426, -3348, -3155, -3075, -2971, -3060, -2973, -2842, -2927,
      -2786, -2746, -2874, -2887, -3031, -3080, -3253, -3274, -3324,
      -3236, -3233, -3199, -2815, -2566, -2384, -2328, -2236, -2110,
      -2039, -2056, -2186, -2234, -2153, -1876, -1816, -1818, -1874,
      -2001, -2027, -2037, -1915, -1760, -1634, -1461, -1344, -1168,
       -967,  -750,  -549,  -369,   -40,   185,   461,   501,   638,
        879,  1068,  1268,  1451,  1594,  1732,  1883,  2094,  2241,
       2491,  2911,  3149,  3485,  3428,  3495,  3620,  3691,  3969,
       3996,  4075,  3968,  3901,  3938,  3965,  3965,  4006,  4070,
       3954,  3719,  3606,  3747,  3716,  3752,  3967,  3850,  3773,
       3773,  3614,  3455,  3387,  3192,  3118,  3003,  2806,  2825,
       2705,
      ... 412 more items
    ],
    Int16Array(512) [
        185,   109,   177,   157,   112,    51,    14,    39,    28,
        -22,  -201,  -337,  -379,  -396,  -446,  -565,  -564,  -500,
       -362,  -222,  -208,  -304,  -574,  -495,  -675,  -821,  -739,
       -998, -1063, -1066,  -992,  -854,  -699,  -794,  -859,  -929,
      -1049, -1126, -1282, -1366, -1451, -1462, -1567, -1728, -1656,
      -1579, -1685, -1777, -1694, -1451, -1316, -1153, -1039,  -952,
      -1003, -1191, -1307, -1335, -1321, -1437, -1239, -1098,  -907,
       -763,  -729,  -725,  -585,  -482,  -432,  -346,  -233,  -200,
       -232,  -408,  -557,  -602,  -525,  -365,  -206,   -55,  -110,
         56,    77,   196,   354,   382,   416,   570,   628,   612,
        691,   628,   797,   836,   856,   740,   906,  1109,  1118,
       1167,
      ... 412 more items
    ],
    Int16Array(512) [
      -1837, -1800, -1924, -2071, -2065, -1825, -1504, -1373, -1517,
      -1530, -1411, -1462, -1347, -1234,  -971,  -676,  -628,  -670,
       -531,  -513,  -483,  -406,  -392,  -231,  -246,  -137,   -11,
        147,   332,   404,   382,   186,   108,    47,   -96,  -138,
        -26,   242,   374,   454,   595,   932,  1133,  1142,  1233,
       1225,  1094,  1022,  1052,  1139,  1176,  1187,  1121,  1140,
       1078,   953,   915,   956,   846,   729,   770,   890,  1009,
       1129,  1244,  1200,  1075,   998,  1052,  1147,  1247,  1444,
       1458,  1377,  1457,  1460,  1551,  1759,  2021,  2081,  2212,
       2186,  2225,  2268,  2213,  2126,  2222,  2287,  2414,  2572,
       2514,  2521,  2353,  2175,  2136,  2207,  2344,  2321,  2340,
       2453,
      ... 412 more items
    ],
    Int16Array(512) [
       551,  654,  823,  926, 1060, 1188, 1167, 1124, 1153, 1387,
      1656, 1804, 1770, 1819, 1766, 1780, 1724, 1614, 1718, 1820,
      1936, 1937, 2057, 2031, 1992, 2110, 2289, 2121, 1941, 2004,
      1865, 1777, 1695, 1720, 1896, 1940, 1993, 1959, 1882, 1652,
      1516, 1678, 1724, 1790, 1876, 1976, 1953, 1905, 1865, 1690,
      1748, 1685, 1654, 1734, 1819, 2031, 1976, 2009, 1941, 1644,
      1622, 1627, 1732, 1817, 1695, 1617, 1655, 1518, 1559, 1628,
      1630, 1546, 1366, 1233, 1165, 1123, 1068, 1097,  894,  771,
       571,  517,  420,  403,  379,  469,  384,  475,  445,  350,
       446,  246,   45, -182, -256, -311, -222, -309, -325, -484,
      ... 412 more items
    ],
    Int16Array(512) [
      -1715, -1528, -1484, -1540, -1669, -1720, -1764, -1653, -1594,
      -1421, -1089,  -966,  -827,  -741,  -672,  -517,  -415,  -516,
       -437,  -257,  -252,  -190,   -88,    17,   173,   243,   349,
        438,   472,   471,   458,   462,   485,   490,   491,   524,
        583,   739,  1053,   961,   785,   752,   780,   855,   860,
        824,   755,   640,   784,   927,   973,  1011,   989,   907,
        851,   548,   233,    -3,   106,   159,    93,   125,   241,
         65,    -2,   -54,  -335,  -527,  -566,  -568,  -545,  -627,
       -759,  -778,  -752,  -994, -1059,  -991, -1121, -1219, -1360,
      -1529, -1728, -2016, -2388, -2568, -2519, -2331, -2228, -2277,
      -2386, -2534, -2546, -2556, -2573, -2598, -2578, -2365, -2136,
      -2091,
      ... 412 more items
    ],
    Int16Array(512) [
      -2824, -2658, -2373, -2104, -1778, -1319, -1212, -1055, -1276,
      -1157,  -920,  -824,  -545,  -453,  -390,  -163,   -23,    84,
         71,   168,   365,   473,   637,   771,  1074,  1096,  1000,
        889,   849,   874,  1000,  1181,  1345,  1404,  1344,  1475,
       1710,  1858,  1848,  1819,  1839,  1976,  1956,  1806,  1579,
       1653,  1734,  1578,  1701,  1665,  1572,  1468,  1592,  1785,
       1914,  1808,  1682,  1590,  1515,  1456,  1464,  1454,  1384,
       1424,  1495,  1577,  1689,  1824,  1601,  1627,  1715,  1883,
       2055,  2133,  2076,  1925,  1940,  1850,  1785,  1890,  1997,
       2044,  1926,  1730,  1725,  1724,  1769,  1884,  1790,  1918,
       1928,  1888,  2038,  2125,  2048,  2024,  1884,  1713,  1514,
       1409,
      ... 412 more items
    ],
    Int16Array(512) [
      -457, -608, -858, -1028, -1041, -870, -701, -548, -435, -537,
      -628, -660, -713,  -668,  -703, -746, -831, -745, -632, -633,
      -716, -743, -671,  -506,  -405, -424, -228, -194, -129, -176,
      -340, -532, -651,  -718,  -843, -720, -579, -421, -260, -129,
         4,   39,   30,    -1,   -26, -147,  -86,    8,   -4,   70,
       255,  442,  439,   386,   316,  256,  358,  389,  681,  771,
       773,  626,  399,   431,   431,  580,  659,  588,  513,  446,
       310,  256,  251,   158,   103,   79,  121,  268,  257,  427,
       483,  539,  499,   477,   633,  492,  157,  106,   83,  153,
       214,  174,  158,   102,    25,  -94,   24,   68,   50,   48,
      ... 412 more items
    ],
    Int16Array(512) [
        293,   289,   385,   448,   455,   318,   260,   246,   204,
        288,   350,   326,   395,   371,   392,   408,   437,   543,
        541,   487,   528,   717,   772,   835,   923,   976,  1037,
       1003,   846,   994,  1044,  1095,  1219,  1134,  1147,  1287,
       1264,  1318,  1406,  1449,  1565,  1477,  1549,  1655,  1537,
       1621,  1679,  1595,  1566,  1425,  1115,   876,   674,   472,
        478,   374,   183,   109,   101,   104,   -71,  -202,  -293,
       -471,  -509,  -580,  -648,  -974, -1121, -1360, -1540, -1614,
      -1571, -1548, -1636, -1795, -1775, -1827, -1970, -1954, -2077,
      -2292, -2423, -2369, -2204, -2066, -2023, -1991, -1914, -1807,
      -1658, -1527, -1233,  -686,  -313,    52,   383,   419,   673,
       1087,
      ... 412 more items
    ],
    Int16Array(512) [
         7,  162,  357,  540,  797,  827, 1021, 1190, 1198, 1483,
      1615, 1698, 1734, 1841, 1950, 2099, 2370, 2606, 2749, 2625,
      2657, 2854, 2925, 3028, 3119, 3108, 3181, 3295, 3282, 3474,
      3458, 3635, 3818, 3759, 3680, 3575, 3766, 3976, 4149, 4102,
      4019, 3734, 3787, 3811, 3688, 3725, 3368, 3043, 2785, 2572,
      2365, 2390, 2328, 2096, 1914, 1669, 1493, 1404, 1297, 1114,
       976,  948, 1063, 1246, 1222, 1350, 1533, 1633, 1748, 1930,
      2118, 2396, 2751, 2868, 3046, 3286, 3686, 3985, 4142, 4311,
      4454, 4648, 4754, 4771, 4765, 4996, 5185, 5194, 5003, 4854,
      4675, 4411, 4222, 4244, 4246, 3969, 3741, 3415, 3073, 2554,
      ... 412 more items
    ],
    Int16Array(512) [
       3903,  4029,  3984,  3858,  3666,  3543,  3229,  2935,  2865,
       2806,  2650,  2178,  1700,  1286,   998,   700,   319,   -25,
       -218,  -497,  -958, -1302, -1840, -2226, -2448, -2810, -3211,
      -3641, -3986, -4214, -4444, -4699, -5042, -5271, -5330, -5523,
      -5729, -5846, -5681, -5630, -5364, -5319, -5222, -5027, -4862,
      -4597, -4463, -4123, -4026, -3796, -3742, -3660, -3423, -3013,
      -2707, -2600, -2427, -2210, -1996, -2029, -1991, -2004, -2017,
      -2004, -1930, -1817, -1691, -1554, -1359, -1133,  -903,  -587,
       -132,   339,   775,  1281,  1692,  2253,  2676,  2997,  3194,
       3297,  3767,  4133,  4486,  4603,  4633,  4594,  4626,  4710,
       4546,  4385,  4107,  3766,  3378,  3034,  2754,  2374,  2139,
       1750,
      ... 412 more items
    ],
    Int16Array(512) [
      -1277, -1160, -1066,  -996,  -952, -1104, -1272, -1281,
      -1257, -1218, -1101, -1181, -1160, -1198, -1075, -1152,
      -1228, -1170, -1409, -1450, -1590, -1739, -1650, -1531,
      -1430, -1430, -1565, -1642, -1710, -1605, -1515, -1482,
      -1373, -1397, -1487, -1470, -1428, -1272, -1221, -1258,
      -1118, -1018,  -874,  -738,  -692,  -652,  -661,  -689,
       -817, -1006,  -976,  -799,  -647,  -720,  -783,  -861,
       -935, -1177, -1286, -1328, -1382, -1326, -1371, -1273,
      -1319, -1414, -1657, -1946, -1965, -2094, -2243, -2156,
      -2093, -2148, -2119, -2114, -2184, -2284, -2498, -2425,
      -2211, -2076, -1974, -2042, -2154, -2129, -2113, -2085,
      -1902, -1631, -1619, -1621, -1452, -1313, -1421, -1422,
      -1520, -1701, -1632, -1519,
      ... 412 more items
    ],
    Int16Array(512) [
      -1343, -1317, -1259, -1212, -1321, -1352, -1373, -1517, -1549,
      -1566, -1499, -1410, -1497, -1579, -1573, -1506, -1401, -1393,
      -1371, -1481, -1650, -1598, -1437, -1206, -1131, -1259, -1450,
      -1739, -1869, -1935, -1953, -1896, -1985, -2190, -2101, -1965,
      -1884, -1770, -1676, -1644, -1773, -2208, -2289, -2413, -2491,
      -2377, -2355, -2234, -2156, -2133, -1807, -1616, -1658, -1691,
      -1822, -1785, -1686, -1658, -1554, -1532, -1502, -1083,  -821,
       -649,  -617,  -593,  -438,  -136,   -53,    90,   253,   408,
        686,   920,   912,   846,  1062,  1324,  1416,  1619,  1564,
       1368,  1491,  1526,  1575,  1540,  1608,  1712,  1655,  1638,
       1699,  1526,  1496,  1528,  1273,  1091,  1139,  1047,   913,
        881,
      ... 412 more items
    ],
    Int16Array(512) [
       -14,  -12, -137, -176, -179,  -84,    2, -105, -248, -419, -495,
      -436, -385, -244, -194, -199, -265, -156, -288, -296, -302, -380,
      -347, -315, -447, -558, -252, -155, -172,  -49,   67,  174,   13,
      -100,  -40,  -56,   36,  151,  184,   33,  -76,   40,  110,   53,
       -78, -100,   60,   94,   68,  219,  183,  148,  112,   19,  -20,
       -13,   -8,   25,  167,  124,   93,  179,  206,  123,  -41, -237,
      -319, -246, -189, -151, -170, -225, -304, -534, -652, -586, -504,
      -364, -383, -260,  -62,  -30,  -43, -129, -296, -268, -283, -263,
      -302, -318,  -93,  -89, -181, -193, -184, -291, -360, -336, -261,
      -222,
      ... 412 more items
    ],
    Int16Array(512) [
        258,   416,   678,   864,  1000,   830,   867,   922,   960,
       1098,  1252,  1343,  1260,  1197,  1108,  1037,   842,   660,
        646,   625,   568,   807,   813,   769,   663,   671,   568,
        457,   464,   419,   453,   371,   332,   254,   236,   134,
        120,   -35,  -128,    24,    -1,  -178,    31,     0,  -154,
       -178,  -231,  -370,  -226,  -198,  -190,  -158,  -380,  -293,
       -330,  -218,  -207,  -354,  -443,  -455,  -602,  -469,  -454,
       -400,  -373,  -429,  -492,  -550,  -528,  -523,  -576,  -600,
       -664,  -753,  -707,  -902,  -904,  -834,  -884, -1172, -1294,
      -1377, -1406, -1481, -1565, -1568, -1501, -1320, -1197, -1044,
       -974, -1044, -1046,  -790,  -782,  -629,  -507,  -628,  -627,
       -686,
      ... 412 more items
    ],
    Int16Array(512) [
       -68,   21,  100,  -44, -108,  -62,   -5,   20,  -48,  -55, -146,
      -133, -284, -197, -101,  -55,   71,  148,  192,  254,  251,  127,
       226,  159,   69, -172, -126,  -40,   44,   99,  133,  207,  207,
       244,  273,  338,  231,   85, -214, -459, -668, -685, -450, -347,
      -316, -135,  -82, -108, -213, -337, -282, -246, -206, -173, -104,
       -44,   34,   13,   82,   43,  -12,  197,  455,  531,  514,  332,
       169,  226,  358,  470,  641,  832,  784,  892,  934,  683,  622,
       586,  608,  734,  816,  844,  687,  674,  734,  764,  789,  782,
       653,  770,  894,  981, 1043,  845,  825,  845,  809,  673,  315,
       224,
      ... 412 more items
    ],
    Int16Array(512) [
       -29,   19,   43,   23,  -76, -120,   40,  223,  199,  111,  277,
       396,  430,  334,  379,  427,  414,  401,  387,  332,  346,  508,
       410,  298,  199,   28,  144,  293,  330,  499,  533,  465,  405,
       443,  566,  619,  611,  544,  599,  622,  613,  473,  265,  193,
       123,  151,   71, -179, -271, -396, -436, -391, -136, -136, -199,
      -138,   71,  131,  134,  149,    0, -123, -135,  -55,   66,  208,
       286,  199,   60,   44, -115,  -82,   15,   46,   50,  -13,  -57,
       161,  184,  131,  331,  304,  318,  235,  105,    0,  -26, -109,
      -229, -382, -369, -363, -526, -599, -625, -529, -570, -265, -146,
      -122,
      ... 412 more items
    ],
    Int16Array(512) [
       213, 323, 427,  492,  471,  566,  738,  852,  675,  500,  571,
       541, 563, 593,  446,  311,  253,  224,  323,  310,  371,  282,
       306, 308, 439,  458,  444,  492,  282,  198,  332,  346,  317,
       313, 391, 458,  417,  446,  470,  449,  495,  569,  292,  242,
        51, 128, 210,  280,  588,  685,  858,  861,  805,  742,  714,
       657, 556, 562,  662,  632,  493,  479,  358,  237,  140,  -36,
         2, 137, 186,  239,  271,  110,   68, -153, -137,   20,  -81,
       -50, -22, -88, -291, -387, -291, -296, -254, -286, -136, -139,
      -107, -96, -96, -234, -372, -342, -284, -280, -351, -317, -337,
      -376,
      ... 412 more items
    ],
    Int16Array(512) [
        24,  142,  201,  125,  -46, -358, -633, -685, -460, -384, -345,
      -162, -258, -253, -271, -273, -244, -149,  -59,  -60, -121, -250,
      -357, -359, -368, -429, -422, -227,   18,  209,  426,  461,  303,
       125,  167,  244,  300,  225,  229,  158,   86,   43,  -50,    8,
         2,  155,  274,  203,   77,  188,  171,  370,  352,  546,  746,
       732,  600,  639,  669,  507,  452,  358,  394,  497,  752,  752,
       567,  370,  135,  186,  132,  137,  255,  256,  454,  549,  521,
       485,  551,  647,  737,  718,  555,  531,  439,  316,  213,  178,
       147,  329,  562,  484,  364,  284,  278,  354,  392,  172,   96,
       110,
      ... 412 more items
    ],
    Int16Array(512) [
       441,  341,  299,  293,  334,  377,  337,  381,  461,  478,
       584,  615,  595,  670,  887,  981,  981,  963,  930,  887,
       784,  864,  880,  977, 1060, 1043, 1035,  928,  842,  877,
       946, 1045, 1181, 1240, 1247, 1279, 1214, 1068,  924,  903,
       911, 1019, 1100, 1121, 1219, 1302, 1334, 1295, 1153,  999,
       956,  953,  936, 1123, 1191, 1415, 1521, 1545, 1557, 1434,
      1330, 1246, 1277, 1309, 1289, 1273, 1433, 1493, 1382, 1352,
      1275, 1365, 1338, 1136, 1104, 1132, 1023,  928,  917, 1083,
      1110, 1113, 1157, 1258, 1325, 1268, 1401, 1383, 1280, 1259,
      1273, 1040,  639,  499,  465,  472,  486,  545,  666,  837,
      ... 412 more items
    ],
    Int16Array(512) [
       -226,   -85,   -19,   207,   467,   514,   405,   358,   400,
        317,   283,   291,   279,   273,   154,   252,   329,   390,
        447,   301,   215,   272,   265,   224,   -84,  -306,  -313,
       -347,  -472,  -626,  -651,  -728,  -742,  -745,  -701,  -745,
       -650,  -679,  -797,  -914,  -889, -1000, -1036, -1142, -1269,
      -1304, -1131, -1167, -1173,  -940,  -972,  -804,  -715,  -637,
       -580,  -751,  -906, -1001, -1120, -1026, -1073, -1232, -1295,
      -1453, -1422, -1237, -1189, -1029, -1023, -1028, -1120, -1095,
       -928, -1039, -1081, -1146, -1220, -1270, -1294, -1383, -1405,
      -1318, -1419, -1339, -1273, -1309, -1185, -1238, -1098,  -970,
       -868,  -783,  -686,  -649,  -691,  -562,  -575,  -634,  -669,
       -685,
      ... 412 more items
    ],
    Int16Array(512) [
       157,   44,  -82,   30,   89,   76,  145,   12,  -11,  -73,  -10,
       194,  273,  295,  145,   -5,  -50,  -29,  -96, -333, -626, -658,
      -628, -663, -688, -557, -349, -197, -170, -224, -274, -380, -351,
      -337, -233, -182, -178, -326, -413, -419, -310,  -84,  140,  396,
       294,  186,    4, -180, -155,   56,   26,  177,  398,  494,  421,
       473,  583,  559,  400,  341,  190,  -26,  -81,   13,   62,  -31,
        12,   62,  127,  139,  138,  191,   78,  243,  373,  422,  429,
       482,  400,  386,  379,  291,  289,  248,  224,  210,  215,  183,
       175,  254,  206,  222,  375,  313,  265,  280,  237,  215,  306,
       441,
      ... 412 more items
    ],
    Int16Array(512) [
       201,  163,  247,  113,  193,  166, -155, -158, -111,  101,  238,
       270,  160,  135,  110,  134,  168,  346,  475,  580,  688,  711,
       557,  646,  727,  587,  668,  641,  541,  605,  687,  560,  331,
        38,   33,  310,  411,  327,   87, -258, -110,   87,  -55,  174,
       146,   86,  -24,  -58, -103,  -89,  -29, -301, -241, -126,  -68,
      -250, -388, -332, -155,  -27,    7,   57,  232,   68,  -78, -107,
        85,  -56,  -53, -113, -312, -256,  -27,  103,  276,  528,  465,
       395,  317,  275,  147,   50,  122,  258,  274,  164,   42,  -50,
        39, -269, -271, -308, -420, -428, -364, -364, -431, -366, -333,
      -323,
      ... 412 more items
    ],
    Int16Array(512) [
       -845,  -753,  -575, -636, -720, -640, -750, -915, -1038, -1069,
       -999,  -926,  -935, -882, -927, -975, -955, -975,  -918,  -987,
      -1172, -1142, -1093, -943, -794, -778, -645, -614,  -682,  -629,
       -479,  -378,  -344, -298, -382, -430, -401, -136,   195,   386,
        558,   549,   566,  466,  361,  341,  204,  -54,   -77,    60,
        140,   142,   211,  236,  387,  485,  549,  597,   553,   677,
        618,   648,   559,  405,  118,   64,   44,   -2,   111,   -73,
       -252,  -273,  -289, -354, -340, -329, -402, -418,  -258,  -191,
       -232,  -287,  -475, -444, -152, -108,    2,    1,   186,   302,
        232,   327,   206,  115,   53,  120,  225,  211,   252,   293,
      ... 412 more items
    ],
    Int16Array(512) [
      -314, -295, -249, -324, -242, -355, -393, -296, -486, -645,
      -568, -435, -605, -750, -589, -551, -473, -471, -584, -657,
      -759, -798, -833, -912, -966, -894, -791, -619, -620, -790,
      -804, -781, -861, -833, -917, -830, -561, -440, -459, -644,
      -748, -633, -484, -441, -469, -558, -544, -732, -961, -893,
      -919, -914, -811, -742, -646, -633, -550, -433, -411, -241,
       -30,  145,  136,  170,  174,  147,   21,   -6, -107, -181,
      -235, -265,  -46,   23,  288,  361,  525,  506,  470,  619,
       581,  745,  702,  523,  260,  320,  352,  362,  377,  514,
       627,  626,  552,  507,  478,  397,  549,  547,  489,  466,
      ... 412 more items
    ],
    Int16Array(512) [
        -50,  -161,   -95,  -228,  -124,    36,    15,   137,    28,
         99,    88,   195,   292,   313,   369,   350,   288,   -76,
       -229,  -479,  -652,  -659,  -790,  -797,  -864,  -829,  -872,
       -834,  -837,  -816,  -727,  -732,  -594,  -662,  -583,  -649,
       -705,  -720,  -796,  -843,  -887,  -715,  -683,  -677,  -819,
      -1099, -1298, -1388, -1416, -1432, -1288, -1205, -1045,  -892,
       -949,  -777,  -765,  -788,  -802,  -862,  -995, -1138, -1179,
      -1252, -1220, -1331, -1276, -1294, -1258, -1253, -1178, -1215,
      -1394, -1300, -1205, -1256, -1438, -1477, -1390, -1176, -1074,
      -1159, -1242, -1102, -1041,  -954, -1068,  -985,  -854,  -574,
       -400,  -420,  -442,  -685,  -700,  -622,  -496,  -410,  -368,
       -399,
      ... 412 more items
    ],
    Int16Array(512) [
        246,   220,    91,  -127,  -101,  -159,  -304,  -330,  -385,
       -515,  -534,  -396,  -395,  -502,  -395,  -374,  -401,  -358,
       -115,   -85,  -219,  -232,  -177,  -170,  -100,  -190,  -256,
       -323,  -417,  -593,  -567,  -534,  -592,  -437,  -198,  -117,
       -117,  -109,  -131,   -37,  -152,  -239,  -136,  -120,  -404,
       -661,  -780,  -846,  -837,  -765,  -588,  -488,  -404,  -464,
       -568,  -851, -1057, -1198, -1288, -1139, -1018, -1019, -1003,
      -1129, -1189, -1162, -1059,  -832,  -793,  -741,  -767,  -842,
       -925, -1047, -1211, -1111, -1187, -1267, -1190, -1145, -1291,
      -1165, -1063, -1151, -1181, -1427, -1441, -1545, -1530, -1471,
      -1363, -1157, -1069,  -987, -1069, -1093, -1291, -1289, -1202,
      -1069,
      ... 412 more items
    ],
    Int16Array(512) [
        612,  755,  793,  699,  712,  710,   682,   734,   670,
        671,  633,  754,  684,  435,  482,   576,   826,  1031,
       1139,  937,  775,  652,  556,  710,   747,   596,   611,
        694,  535,  397,  392,  490,  310,   311,   349,   456,
        408,  150, -146, -333, -382, -476,  -346,  -283,  -307,
       -522, -497, -349, -223, -149, -219,  -191,  -272,  -320,
       -443, -631, -588, -635, -598, -514,  -410,  -431,  -441,
       -500, -551, -463, -479, -468, -459,  -480,  -333,  -327,
       -402, -476, -429, -357, -375, -451,  -505,  -524,  -678,
       -783, -942, -776, -666, -753, -925, -1013, -1073, -1097,
      -1006, -924, -723, -540, -528, -603,  -692,  -777,  -778,
       -721,
      ... 412 more items
    ],
    Int16Array(512) [
       -163,  -95,  -10,   -89,   -79,     1,   70,  136,   21,   -25,
       -130,  113,  104,   -26,    76,   125,  133,  158,  309,   259,
        306,  335,  445,   408,   323,   341,  413,  580,  613,   595,
        491,  602,  722,   811,   826,   702,  683,  560,  539,   529,
        383,  378,  339,   299,   451,   601,  623,  548,  535,   479,
        562,  545,  404,   338,   144,    34, -221, -372, -482,  -520,
       -608, -643, -686,  -761,  -849,  -903, -830, -848, -729,  -715,
       -493, -331, -426,  -603,  -713,  -687, -772, -869, -820, -1016,
       -951, -952, -920,  -855,  -897,  -678, -746, -904, -981, -1115,
      -1012, -884, -978, -1124, -1153, -1032, -946, -842, -751,  -729,
      ... 412 more items
    ],
    Int16Array(512) [
      -114,  -84, -197, -323, -306, -297, -361, -201, -215, -150,
       -70, -144,  -79, -195, -180, -205, -132, -152,   60,  302,
       313,  265,   45,  275,  332,  305,  462,  661,  891,  932,
      1003,  985,  691,  500,  542,  485,  522,  606,  669, 1006,
      1203, 1213, 1227, 1297, 1197, 1302, 1306, 1187, 1085,  983,
       999,  994, 1150, 1157, 1202, 1116, 1053, 1192, 1226, 1266,
      1271, 1265, 1395, 1465, 1530, 1361, 1280, 1282, 1423, 1458,
      1373, 1394, 1355, 1294, 1059, 1101, 1184, 1019, 1030, 1034,
      1158, 1153, 1257, 1257, 1190, 1315, 1195, 1054,  896,  739,
       583,  438,  459,  408,  344,  403,  685,  723,  711,  614,
      ... 412 more items
    ],
    Int16Array(512) [
      -207, -261,  -76, -124, -167, -432, -505, -409, -257, -132, -28,
        40,  143,   43,  -18,   32,  175,  314,  228,  264,  262, 128,
       -83, -242, -325, -280, -186, -100,   34, -127, -182,  -20, -42,
      -153, -208, -233, -294, -342, -176, -172,  -23,  132,   25, -75,
        94,  108,  131,  286,  267,  309,  222,   83,  182,  196,  99,
       210,  210,  307,  399,  511,  504,  501,  603,  700,  661, 557,
       462,  307,  325,  244,  377,  385,  495,  693,  866, 1072, 994,
       930,  953, 1040, 1006,  900, 1014, 1063,  920,  833,  818, 810,
       900,  744,  565,  492,  530,  670,  625,  605,  673,  687, 676,
       570,
      ... 412 more items
    ],
    Int16Array(512) [
       524,  465,  453,  217,   -9,   41,  174,  235,  372,  622,  533,
       694,  730,  515,  406,  576,  524,  541,  545,  547,  643,  649,
       901, 1007, 1063, 1152, 1219, 1401, 1650, 1518, 1495, 1483, 1366,
      1290, 1203, 1175, 1135, 1162, 1301, 1320, 1360, 1336, 1196, 1099,
      1213, 1365, 1321, 1235, 1161, 1163, 1171, 1282, 1249, 1355, 1533,
      1428, 1303,  986,  905,  981,  939,  933,  836,  718,  525,  566,
       551,  543,  776,  891, 1073, 1133, 1142, 1146,  959,  783,  630,
       365,  172,  133,  120,   81,   46,  -36, -147,  -39,    4,  105,
       161,  227,  103,  -25,   56,   68,  340,  367,  361,  420,  405,
       323,
      ... 412 more items
    ],
    Int16Array(512) [
      -659, -621, -663, -750, -818, -799, -746, -792, -862, -911, -776,
      -491, -283, -355, -398, -447, -501, -500, -446, -334, -236,  -80,
        19,   67,   88,  -24, -121,  -35,    9,  -58,   -8,  176,  179,
       330,  329,  241,  251,  387,  521,  589,  582,  405,  379,  524,
       740,  737,  735,  735,  813, 1007,  919,  858,  850,  731,  639,
       491,  367,  277,  373,  505,  674,  636,  649,  934,  995, 1140,
      1143, 1107,  964,  963, 1076, 1028,  948,  680,  642,  717,  826,
       773,  827,  908,  875,  955,  905,  993, 1152, 1136, 1093, 1021,
       973, 1000, 1053, 1034, 1032,  989, 1107, 1206, 1173, 1217, 1133,
       990,
      ... 412 more items
    ],
    Int16Array(512) [
       504,  289,  151,  158,  208,  240,  492,  601,  473,  412,  195,
       128,  141,   63,  -12,  -16,  -68, -100, -127, -142,  -78,  -88,
       -82,  -69,  -36,   64,  140,  104,  329,  242,  121,  169,  136,
       295,  268,  142,   29, -114, -179, -116,  -38,  316,  483,  583,
       720,  705,  570,  361,  304,   55,  -25,   12,  104,  101,  195,
       147,  137,   24, -249, -402, -455, -466, -280, -113, -209, -136,
      -263, -300, -345, -361, -200,   88,  164,  141,   86,   56,   43,
        34,   37,  102,   57,  -68,  -65, -135, -217, -391, -385, -204,
         0,  268,  336,  412,  570,  453,  376,  270,  211,  296,  416,
       290,
      ... 412 more items
    ],
    Int16Array(512) [
       219,   220,   227,  371,  297,  251,   98, -142, -239,
      -227,  -122,   -32,   71,   42,   -2,   25,   68,  105,
       -10,  -113,   -93, -107, -111,   -9,   -6,  -13,  -78,
      -232,  -397,  -573, -708, -786, -676, -799, -819, -863,
      -878, -1013, -1162, -975, -830, -786, -693, -708, -893,
      -925,  -858,  -812, -639, -508, -718, -761, -864, -860,
      -609,  -542,  -518, -550, -588, -641, -686, -735, -645,
      -625,  -591,  -379, -264,   87,  246,  141,  -10, -140,
      -132,  -214,  -255, -306, -302, -330, -370, -365, -318,
      -202,  -215,  -286, -338, -341, -394, -295, -214, -270,
      -340,  -332,  -248, -100,  -62, -139,  -99, -138, -131,
       -92,
      ... 412 more items
    ],
    Int16Array(512) [
       608,  811,  762,  643,  427,  313,  456,  523,  586,  701,  776,
       573,  645,  552,  801,  897,  725,  600,  362,  380,  345,  289,
       141,  191,  170,  200,  319,  450,  542,  446,  508,  561,  550,
       423,  281,  279,  361,  383,  381,  417,  375,  237,   93, -205,
      -335, -326, -348, -305, -308, -463, -562, -302, -208, -168,  -29,
         4,  -91, -151, -208, -230, -282, -481, -448, -358, -351, -353,
      -521, -528, -510, -520, -521, -496, -268, -295, -321, -469, -553,
      -573, -566, -243,  -31,  -58, -151,  -27,    8,  -91, -122,  -78,
      -177, -260, -187,  -16,  187,  349,  268,  288,  322,  303,  397,
       392,
      ... 412 more items
    ],
    Int16Array(512) [
       -925, -764,  -658,  -346,  -394,  -479,  -642,  -713,  -712,
       -710, -697,  -707,  -643,  -805,  -790,  -676,  -559,  -455,
       -312,  -32,   137,   261,   229,    64,   132,   214,   308,
        177,   83,   136,   113,   274,   297,   141,   113,   105,
        -31, -229,  -357,  -373,  -352,  -223,   -94,    67,   228,
        190,  224,   139,    89,   -75,  -226,  -236,  -392,  -441,
       -432, -460,  -570,  -603,  -574,  -487,  -608,  -742,  -782,
       -785, -718,  -749,  -585,  -528,  -644,  -750,  -729,  -678,
       -708, -788,  -718,  -802,  -694,  -683,  -826,  -712,  -660,
       -715, -971, -1054, -1080, -1155, -1088, -1045, -1056, -1012,
       -898, -834,  -745,  -629,  -629,  -735,  -921, -1152, -1053,
      -1002,
      ... 412 more items
    ],
    Int16Array(512) [
      -829, -707, -665, -627, -481, -391, -345, -340, -344, -368, -419,
      -467, -411, -500, -466, -461, -287,  -23,  -50,  -21,  -75, -202,
      -300, -328, -105,   14,  -49, -107,  -69,  -35,  -31,  -17,  107,
        97,  148,  350,  361,  332,  335,  384,  419,  426,  419,  485,
       681,  670,  653,  729,  798, 1017, 1057,  995,  868,  815,  721,
       613,  408,  490,  603,  588,  595,  448,  589,  626,  522,  320,
       211,  223,  169,  223,  181,  258,  295,  276,  385,  235,  138,
       -42, -227, -200, -107, -168, -155, -347, -557, -631, -738, -567,
      -620, -399, -217, -205, -234, -260, -290, -400, -427, -316, -255,
      -319,
      ... 412 more items
    ],
    Int16Array(512) [
        -29,  -264, -335, -384, -401, -216, -117,  -116,   -49,
         63,    92, -119, -151, -366, -534, -399,  -293,  -259,
       -306,  -403, -520, -569, -580, -557, -491,  -430,  -365,
       -484,  -516, -419, -522, -539, -581, -633,  -804,  -996,
      -1161,  -967, -883, -790, -751, -802, -818,  -961,  -787,
       -769,  -807, -912, -868, -825, -816, -800,  -772,  -721,
       -649,  -604, -672, -700, -590, -436, -314,  -403,  -452,
       -537,  -616, -561, -587, -627, -781, -875,  -774,  -627,
       -729,  -705, -702, -731, -816, -955, -973, -1067, -1095,
      -1093, -1026, -847, -858, -830, -787, -744,  -750,  -706,
       -622,  -657, -689, -536, -417, -483, -596,  -628,  -611,
       -540,
      ... 412 more items
    ],
    Int16Array(512) [
      2597, 2771, 2978, 2781, 2721, 2833, 2851, 2798, 2724, 2515,
      2329, 2311, 2259, 2289, 2271, 2065, 1979, 2068, 2165, 2294,
      2193, 2157, 2282, 2339, 2444, 2260, 2275, 2186, 1870, 1637,
      1390, 1280, 1218, 1292, 1178, 1258, 1152, 1094, 1098,  924,
       865,  837,  743,  611,  658,  558,  419,  365,  282,  377,
       333,  287,  167,  -18,  -66,   21,  117,   11,   -9, -196,
      -345, -334, -302, -288, -143,   58,   72,   87,  197,  123,
       -99, -104,  -92, -200, -295, -272, -136, -206, -274, -212,
      -231, -414, -472, -501, -532, -573, -762, -774, -715, -615,
      -694, -619, -592, -652, -665, -762, -769, -752, -703, -873,
      ... 412 more items
    ],
    Int16Array(512) [
       284,  293,   403,   286,  387,  378,  444,  446,  376,
       251,  282,   127,    55,   98,  -10,   -1,  105,  179,
       343,  494,   385,   299,  127,  173,  250,  389,  401,
       325,  375,   378,   286,  213,  254,  248,  175,   54,
      -167, -346,  -321,  -433, -434, -307, -327, -381, -384,
      -251,  -50,  -124,  -318, -500, -573, -649, -554, -574,
      -720, -749,  -726,  -561, -349, -428, -582, -652, -848,
      -814, -614,  -763,  -801, -787, -705, -501, -356, -322,
      -468, -496,  -433,  -530, -507, -465, -698, -768, -830,
      -779, -903, -1038, -1062, -968, -767, -543, -527, -450,
      -532, -543,  -348,  -258, -271, -510, -684, -776, -800,
      -753,
      ... 412 more items
    ],
    Int16Array(512) [
       287,  308,  364,  457,  655,  610,  762, 1044, 1059, 1124, 1369,
      1383, 1345, 1259, 1153, 1026,  843,  732,  739,  640,  691,  866,
       969, 1105, 1193, 1335, 1421, 1420, 1156,  921,  894, 1023, 1099,
      1139, 1268, 1229, 1302, 1278, 1181, 1167, 1102, 1045,  980,  997,
      1082,  992,  806,  827,  835,  939,  939,  995,  962,  969,  891,
       796,  727,  708,  670,  343,  388,  280,  256,  177,   50,   19,
        53,  112,  163,  231,   79,  -96, -199, -439, -456, -521, -613,
      -715, -747, -507, -423, -255, -304, -366, -201, -285, -313, -238,
      -265, -208, -150, -199, -221, -179, -166, -212, -235, -258, -108,
        25,
      ... 412 more items
    ],
    Int16Array(512) [
      -442, -452, -407, -243, -123, -188, -103, -197, -395, -401, -302,
      -305, -242, -381, -393, -233, -162,   18,  184,  275,  302,  204,
       181,  257,  380,  503,  461,  440,  588,  733,  719,  740,  757,
       765,  734,  746,  895,  813,  742,  670,  791,  799,  956, 1107,
      1112, 1259, 1265, 1199, 1157, 1139, 1009,  817,  704,  637,  721,
       658,  599,  540,  489,  456,  332,  574,  546,  571,  525,  530,
       620,  537,  338,   35,    0,   33,  -13,  -31,   66,   22,  101,
         3, -255, -422, -585, -649, -609, -485, -520, -586, -381, -405,
      -633, -516, -260, -115,  -80, -188, -414, -623, -592, -514, -732,
      -846,
      ... 412 more items
    ],
    Int16Array(512) [
       -58,   14,  -34, -184, -195, -335, -323, -254, -294, -412, -355,
      -363, -250, -209, -233, -155,   72,  289,  347,  477,  608,  635,
       622,  628,  653,  727,  738,  716,  710,  560,  467,  574,  393,
       338,  317,  377,  453,  628,  749,  937,  810,  848,  947, 1007,
      1034,  935,  872,  964, 1134, 1210, 1311, 1187, 1099, 1072, 1164,
      1076, 1100, 1055, 1068,  965, 1022, 1105, 1122, 1273, 1247, 1127,
      1123, 1052,  787,  789,  722,  620,  588,  665,  689,  610,  560,
       565,  573,  445,  554,  529,  544,  612,  482,  398,  307,  341,
       339,  315,  231,  132,  121,  171,   60,  -75,  -47,   92,  155,
       230,
      ... 412 more items
    ],
    Int16Array(512) [
       215, 282, 314, 454, 422, 160,   15,  61,   6,   61,  -41,
       -52, -80,  41, 182, 282, 516,  525, 506, 485,  276,  356,
       301, 175, 112,  21,  58,  80,  216, 404, 398,  416,  485,
       524, 551, 636, 783, 562, 594,  670, 821, 841,  787,  865,
       802, 734, 666, 700, 644, 591,  431, 460, 519,  491,  636,
       762, 966, 844, 878, 841, 903, 1031, 843, 735,  674,  621,
       395, 369, 296, 335, 444, 486,  464, 379, 552,  520,  468,
       336, 132, 187, 184, 132, 129,  211, 161,  62,  169,  126,
        84,  54,  76, 134, 159, 321,  211,  78,  -2, -104, -165,
      -150,
      ... 412 more items
    ],
    Int16Array(512) [
      -1255, -1233, -1346, -1273, -1178, -1195, -1201, -1222, -1157,
      -1133,  -911,  -868,  -912,  -996, -1079, -1071, -1242, -1282,
      -1132, -1081,  -931,  -739,  -632,  -648,  -735,  -628,  -717,
       -691,  -656,  -647,  -964, -1052,  -778,  -706,  -668,  -678,
       -513,  -622,  -656,  -511,  -487,  -401,  -300,  -200,  -221,
        -18,   208,   306,   428,   352,   357,   299,   278,   296,
        196,   163,   193,   463,   573,   511,   479,   575,   557,
        828,   878,   843,   911,   909,   933,   848,   840,   651,
        581,   657,   555,   584,   583,   573,   464,   421,   500,
        447,   506,   573,   554,   599,   574,   562,   873,   978,
        850,   706,   767,   830,   754,   800,   878,   932,   823,
        690,
      ... 412 more items
    ],
    Int16Array(512) [
       -27,  188,  203, 125, 183, 173,  44,  -42, -161, -218, -292,
       -90,   98,  311, 266,  90, 148, 199,  301,  295,  208,   44,
        51,  136,  269, 313, 322, 249, 183,  212,  212,  200,  261,
       201,  164,  193, 124, 101,  30,  44,  203,  351,  452,  631,
       576,  575,  405, 211, 126,  27,  44,   10,   86,  102,  142,
        91,   58,  149, 330, 293, 387, 628,  724,  802,  901,  956,
      1135, 1116, 1023, 979, 932, 917, 932, 1008,  931,  695,  571,
       683,  629,  670, 597, 517, 478, 545,  578,  638,  700,  802,
       814,  708,  599, 534, 487, 405, 309,  119,  192,   96,  159,
        62,
      ... 412 more items
    ],
    Int16Array(512) [
      -332, -328, -292, -322, -425, -575, -694, -634, -403, -203, -256,
      -399, -442, -458, -524, -411, -326, -379, -347, -346, -321, -261,
      -328, -394, -277, -214,   -8,   58,   41,  -15, -186, -251, -135,
      -169, -293,  -67,   11,  117,  143,  162,  204,  267,  362,  476,
       522,  478,  270,  -74,   10,  200,  392,  623,  633,  523,  529,
       614, 1003, 1271, 1245, 1042,  983,  940,  809,  764,  649,  692,
       824,  764,  776,  791,  897,  967, 1065, 1155, 1178, 1078,  871,
       857,  608,  504,  482,  372,  385,  305,  307,  252,  226,  181,
       162,  289,  237,  197,  183,  218,  343,  525,  504,  396,  398,
       403,
      ... 412 more items
    ],
    Int16Array(512) [
       -559,  -503, -453, -505, -466, -586,  -672,  -727, -816,
      -1095, -1076, -957, -766, -669, -753,  -547,  -513, -489,
       -478,  -601, -704, -728, -846, -972, -1048, -1011, -928,
       -928,  -843, -827, -941, -959, -983,  -818,  -774, -752,
       -721,  -818, -674, -568, -412, -368,  -382,  -286, -281,
        -65,    -1, -117, -154, -178, -105,   -96,     2,   47,
        -47,   -71,   65,  279,  475,  550,   542,   639,  784,
        926,   993, 1143, 1283, 1401, 1433,  1342,  1229, 1078,
       1052,  1122, 1255, 1231, 1202, 1383,  1488,  1598, 1778,
       1948,  2144, 2260, 2394, 2415, 2385,  2182,  2189, 2077,
       1881,  1717, 1611, 1661, 1724, 1781,  1636,  1606, 1813,
       1977,
      ... 412 more items
    ],
    Int16Array(512) [
       334,  358,  244,  131,   77,   88,  261,   83,   44,   26,   83,
       233,  390,  503,  441,  389,  419,  364,  361,  410,  281,  226,
       184,  250,  319,  314,  153,   93,   39,  -71,   43,  160,  327,
       519,  562,  637,  774,  555,  560,  433,  532,  507,  321,  228,
        19,   36,   26,   27,  -71,   98,  158,  286,  274,  379,  442,
       424,  565,  718,  953, 1039,  947,  936,  699,  641,  708,  768,
       805,  805,  741,  749,  608,  550,  627,  672,  847,  929,  946,
       738,  492,  480,  554,  822, 1039, 1062, 1115, 1062, 1100, 1136,
      1217, 1138, 1091, 1038,  909, 1011,  882,  841,  822,  744,  874,
       920,
      ... 412 more items
    ],
    Int16Array(512) [
         44,    -8,   -45,   -63,    35,   105,   221,   209,    96,
        -60,  -246,  -304,  -493,  -532,  -412,  -567,  -476,  -418,
       -411,  -374,  -506,  -509,  -575,  -591,  -491,  -529,  -610,
       -473,  -508,  -526,  -351,  -489,  -622,  -744,  -763,  -807,
       -907,  -918,  -998, -1081, -1229, -1253, -1294, -1436, -1533,
      -1190, -1034, -1089, -1121, -1175, -1190, -1240, -1138, -1076,
      -1063, -1270, -1342, -1326, -1211, -1096, -1155, -1096, -1046,
       -933,  -838,  -761,  -809,  -840,  -786,  -963,  -959, -1012,
      -1035,  -990,  -765,  -774,  -709,  -614,  -716,  -644,  -472,
       -413,  -619,  -402,  -384,  -440,  -332,  -497,  -553,  -624,
       -505,  -401,  -475,  -291,  -120,   -26,    71,    90,   200,
        253,
      ... 412 more items
    ],
    Int16Array(512) [
       -217,  -100,     7,  -134,  -124,   -63,  -159,  -243,  -360,
       -315,  -116,   -97,   -89,   -79,  -130,  -191,  -267,  -269,
        -88,    18,   118,    16,  -151,   -54,   -19,   -65,   -83,
       -186,  -277,  -323,  -367,  -547,  -633,  -844, -1100, -1179,
      -1056,  -886,  -639,  -623,  -609,  -692,  -755,  -666,  -725,
       -713,  -956, -1051, -1146, -1177, -1255, -1229, -1124, -1140,
      -1132, -1073, -1020, -1082, -1003,  -930, -1030,  -988,  -978,
      -1097, -1028,  -842,  -773,  -855,  -857,  -913,  -632,  -503,
       -648,  -786,  -803,  -883,  -953,  -692,  -577,  -553,  -374,
       -242,  -221,  -128,  -129,  -136,    -4,   -52,  -208,  -248,
       -415,  -517,  -392,  -332,  -332,  -395,  -377,  -430,  -443,
       -475,
      ... 412 more items
    ],
    Int16Array(512) [
       931,  973,  966,  932,  892,  913,  797,  847,  917, 1058, 1023,
       884,  894, 1009,  992,  915,  997,  775,  727,  802,  570,  383,
       447,  514,  581,  616,  567,  699,  712,  840,  877,  485,  440,
       531,  670,  842,  747,  557,  544,  472,  419,  447,  361,  278,
       245,  296,  307,  162,  223,  262,  335,  288,  106,  154,   56,
       -22,  121,  164,   57,  -58, -202, -200, -411, -351, -296, -366,
      -321, -365, -412, -351, -218, -239, -346, -443, -574, -456, -512,
      -536, -526, -447, -414, -507, -372, -292, -260, -215, -148, -121,
      -262, -219, -297, -326, -466, -517, -537, -710, -463, -353, -301,
      -492,
      ... 412 more items
    ],
    Int16Array(512) [
      -142, -229, -335, -293, -158,  -18,  132,  266,  564,  607,  620,
       499,  490,  679,  632,  473,  342,  396,  357,  229,  270,  222,
        93,  -20,  154,  220,  249,  283,  262,  129,  123,  107,  178,
       149,  128,  -23, -239, -183, -141, -108, -241,  -76, -110,   25,
        77, -163, -228, -324, -298, -300, -158,  -25,   35,  -65,   70,
        81,  104,  174,  106,   27,  -23,  119,  271,  198,  103,  134,
        46,  149,  124,  -70, -168, -100,  -81, -202, -347, -440, -482,
      -669, -704, -798, -754, -607, -378, -170,  -41,    0, -133, -153,
      -312, -416, -440, -457, -470, -521, -404, -493, -533, -513, -434,
      -254,
      ... 412 more items
    ],
    Int16Array(512) [
       148,   90,  120,   63,  -24,   -5,  107,   51,  101,  235,  333,
       407,  347,  290,  172,   14,  -91,   16,  283,  393,  556,  693,
       730,  741,  588,  367,  121,   43,  -10,   -4,  124,  215,  195,
       232,  334,  545,  786,  774,  684,  588,  491,  539,  559,  597,
       433,  352,  417,  430,  486,  556,  651,  764,  745,  572,  567,
       466,  434,  525,  644,  794,  717,  670,  666,  546,  618,  767,
       825,  746,  763,  821,  802,  791,  666,  545,  472,  475,  563,
       585,  602,  549,  380,  197,   25, -133, -172, -115, -126,  -43,
       -83, -121, -162, -143, -197, -104,   15, -245, -374, -383, -311,
      -106,
      ... 412 more items
    ],
    Int16Array(512) [
       492,  386,  254,  292,  157,   91,  -99, -232, -147,  -95, -251,
      -329, -381, -254, -206, -302, -210, -247, -334, -540, -572, -591,
      -543, -705, -845, -715, -582, -368, -211,   71,  180,  119, -125,
      -407, -342, -165,   63,  115,   92,  -83, -195, -232,  -32,  173,
       326,  540,  488,  519,  657,  596,  492,  497,  653,  802,  908,
       907,  761,  621,  410,  338,  403,  553,  623,  443,  329,  145,
       182,  203,  387,  407,  422,  438,  354,  259,  182,  182,   65,
       -85,  -57,  106,  114,  261,  303,  502,  611,  617,  615,  437,
       330,  353,  182,  154,  129,  -53,   27,   36,   26,   14,  -40,
        88,
      ... 412 more items
    ],
    Int16Array(512) [
        77,  109,   77,  205,  219,  130, 267, 309,  356,  202,   68,
        23,   86,  136,   95,   91,  260, 313, 333,  235,    0, -301,
      -308, -228, -177,  -93,  -53,   57,  26, -94, -221, -420, -338,
      -224,   70,   82,   31,  -12,   50, 151,  25,  -35, -217, -313,
      -357, -337, -186, -198, -192, -169, -73, -82, -123, -160, -265,
      -169, -179,  -21,  -12,  230,  366, 467, 453,  434,  412,  282,
        41,  -10,   90,   34,  141,  139, 123, 165,  258,  220,  251,
       365,  380,  318,  287,  252,  283, 363, 386,  282,  144,   72,
        99,  236,  221,   62,    6,  125, 181, 221,  269,  149,   51,
       -61,
      ... 412 more items
    ],
    Int16Array(512) [
      538, 491,  439,  284,  196,   -9,  -97, -189,  -53,  182,  410,
      441, 393,  326,  147,  119,  121,  263,  123,    2,  -11,  -10,
      -36, -29,  -49,   55,  145,   92,   93,   68,  326,  301,  111,
       61, -86, -167, -102,  134,  136,  245,  433,  491,  409,  380,
      506, 370,  313,  293,  349,  330,  268,  246,  343,  240,  219,
      329, 572,  742,  985,  987,  888,  901,  928,  947,  901,  941,
      870, 869,  825,  833,  841,  746,  636,  623,  719,  695,  755,
      726, 714,  771,  910, 1081, 1111, 1171, 1216, 1159, 1084, 1036,
      888, 798,  738,  882,  912, 1012,  988,  763,  707,  733,  736,
      671,
      ... 412 more items
    ],
    Int16Array(512) [
      -583, -622, -459, -350, -220,  -33,   42,   42,  -95, -135,
      -200, -199, -296, -391, -321, -323, -299, -257, -421, -423,
      -474, -432, -358, -363, -421, -481, -642, -713, -757, -870,
      -745, -671, -603, -408, -335, -365, -354, -488, -584, -616,
      -569, -560, -438, -310, -345, -258, -247, -286, -263,  -73,
        20,  177,  132,   77,  -54, -150,  -78, -177, -108, -131,
      -100,  -69, -100, -104,  -74,  -11,   91,  157,  187,  157,
       294,  315,   29, -111, -142,    4,  -40,  -74, -163, -228,
      -282, -234, -146, -213, -252, -255, -286, -142, -185, -420,
      -589, -481, -288, -338, -186,  -83,  -54,  -38,  -62,  -61,
      ... 412 more items
    ],
    Int16Array(512) [
        10,   14,   26,   59,  -54,  -78,  -54, -101, -114, -179, -294,
      -326, -329, -399, -534, -761, -756, -729, -478, -395, -408, -434,
      -562, -760, -802, -708, -766, -818, -713, -547, -547, -646, -703,
      -610, -581, -456, -386, -347, -360, -117, -146, -129,   18,  -16,
       -83,  -89,   -6,  -65,  -12,  -74,  -86,   79,  217,  333,  502,
       566,  404,  402,  428,  353,  357,  175,  290,  275,  200,  453,
       542,  600,  626,  478,  352,  256,  350,  354,  340,  317,  102,
       124,   59,  -73, -156,  -50, -231, -110,  144,  220,  260,  401,
       539,  512,  617,  500,  462,  285,  337,  295,  243,  220,  180,
       170,
      ... 412 more items
    ],
    Int16Array(512) [
      -1130, -1021, -1052, -1099, -1008, -1174, -1123, -1168, -1046, -915,
       -782,  -670,  -556,  -540,  -630,  -656,  -613,  -611,  -812, -787,
       -778,  -814,  -836,  -696,  -521,  -409,  -292,  -161,  -214, -129,
        -67,  -100,  -213,  -164,   -71,  -180,  -165,  -250,  -219,   43,
        212,   436,   534,   546,   618,   564,   432,   336,   451,  446,
        581,   741,   719,   745,   758,   718,   621,   693,   694,  637,
        666,   707,   638,   637,   752,   942,   988,   870,   832,  546,
        405,   248,   244,   395,   412,   457,   453,   489,   460,  404,
        440,   440,   434,   394,   260,   299,   344,   470,   267,  133,
         49,    13,    68,   -61,  -191,  -226,  -180,  -191,  -146, -144,
      ... 412 more items
    ],
    Int16Array(512) [
      -381, -296, -322, -493, -403, -422, -453, -297, -229, -336,
      -379, -320, -349, -397, -459, -545, -525, -508, -483, -548,
      -689, -604, -456, -288, -206, -194, -172,  -61,   -9, -198,
      -154, -141, -181, -249, -221, -177, -386, -505, -527, -538,
      -433, -449, -245,  -99, -161, -227, -203, -140, -378, -483,
      -499, -458, -510, -430, -539, -743, -712, -639, -505, -464,
      -385, -369, -380, -424, -439, -263, -131,  -15,  136,  146,
        96,   85,   62,   69,   55,  -93, -100, -228, -329, -456,
      -591, -513, -517, -391, -301, -359, -367, -233, -100,   20,
        48,  -77, -180, -313, -222, -207, -316, -407, -594, -637,
      ... 412 more items
    ],
    Int16Array(512) [
       497,  550,  598,  553,  499,  461,  403,  296,  350,  427,  469,
       478,  401,  256,  384,  281,  251,  259,   -1,  -71,    3,  -35,
      -121, -102, -150, -100, -260, -355, -209,  -41,  -46,   -5,  -84,
      -249, -302, -413, -313, -287, -190, -131, -116, -339, -509, -507,
      -441, -636, -473, -399, -296, -290, -264, -177,   51,  168,  134,
        96,   66,  190,   77,   75,   63,   58,   95,  -18,  124,  167,
       190,  140,  237,  267,  206,  248,  203,  178,   82,  -51,   33,
       172,  301,  370,  377,  476,  523,  526,  630,  576,  586,  658,
       359,  210,  105,   93,  101,  150,  163,  165,  275,  161,   62,
       -14,
      ... 412 more items
    ],
    Int16Array(512) [
       317,  393,  309,  369,   407,   459,   444,   427,   308,  353,
       311,  268,  271,    7,   108,   108,   -24,     9,   213,  362,
       263,  187,  140,  116,    31,  -169,  -259,  -261,  -187,  -36,
        35,  170,  209,  324,   390,   518,   394,   463,   326,  151,
        74,   47,   52,  -20,    13,   -27,   114,    19,   -80, -101,
      -102, -123,  -57, -107,  -179,  -163,  -173,   -25,   -29,   26,
        19,    9,   33,  -91,  -198,  -336,  -410,  -357,  -358, -394,
      -442, -421, -376, -410,  -461,  -445,  -337,  -164,   -76,  -34,
      -122, -247, -196, -177,  -184,  -467,  -718,  -871,  -815, -698,
      -676, -668, -717, -842, -1019, -1117, -1254, -1290, -1100, -931,
      ... 412 more items
    ],
    Int16Array(512) [
       -373,  -505,  -411,  -436,  -490,  -558,  -386,  -266,  -265,
       -279,  -336,  -407,  -344,  -341,  -353,  -376,  -344,  -432,
       -355,  -352,  -424,  -299,   -61,   100,   153,   187,   184,
        103,   165,   146,   158,   203,   172,   190,   205,   221,
        -29,    37,   -10,   -50,   -95,  -138,   -74,  -161,  -208,
       -338,  -455,  -369,  -504,  -558,  -530,  -446,  -460,  -507,
       -607,  -669,  -555,  -568,  -461,  -269,   -62,  -222,  -478,
       -531,  -645,  -666,  -546,  -539,  -609,  -611,  -733,  -747,
       -887, -1037, -1090, -1203,  -995, -1061,  -954,  -846, -1230,
      -1218, -1322, -1377, -1221, -1293, -1318, -1374, -1494, -1557,
      -1678, -1630, -1445, -1531, -1570, -1611, -1706, -1616, -1368,
      -1229,
      ... 412 more items
    ],
    Int16Array(512) [
      -281, -254, -226, -125,  -94,   40,   38,  282,  334,  451,
       711,  820,  849,  893,  725,  650,  613,  602,  807,  922,
       887,  889,  912, 1091, 1270, 1431, 1513, 1462, 1366, 1359,
      1674, 1839, 1923, 1904, 1916, 1972, 2032, 1982, 2144, 2125,
      2127, 2187, 2080, 2011, 1904, 1723, 1496, 1379, 1323, 1376,
      1310, 1304, 1497, 1531, 1570, 1685, 1705, 1752, 1842, 1663,
      1398, 1285, 1171, 1106, 1017, 1049, 1110, 1150, 1049,  880,
       850,  881,  695,  569,  355,  333,  399,  335,  348,  262,
       332,  315,  229,  188,  155,   16,  -69,  -71, -113, -195,
      -323, -317, -364, -410, -480, -628, -660, -707, -620, -500,
      ... 412 more items
    ],
    Int16Array(512) [
       116,  197,  217,  266,  293,  389,  408,  626,  691,  860,
       853,  820, 1013, 1044, 1139, 1191, 1310, 1263, 1332, 1443,
      1594, 1914, 2087, 2134, 2142, 2474, 2624, 2643, 2660, 2612,
      2694, 2643, 2687, 2665, 2697, 2538, 2446, 2662, 2804, 2847,
      2815, 2849, 2929, 3047, 3077, 3072, 3170, 3131, 3096, 3088,
      3070, 3077, 2820, 2658, 2693, 2656, 2686, 2679, 2511, 2492,
      2475, 2464, 2346, 2303, 2189, 2278, 2292, 2108, 2008, 1990,
      2024, 2092, 2199, 2129, 2172, 2042, 1969, 2103, 2053, 2097,
      1807, 1819, 1774, 1468, 1440, 1373, 1460, 1416, 1497, 1568,
      1688, 1633, 1628, 1666, 1535, 1346, 1041,  807,  644,  733,
      ... 412 more items
    ],
    Int16Array(512) [
      -1474, -1402, -1124, -1043, -986, -760, -615, -501, -394,
       -311,  -383,  -228,    16,  166,  552,  742,  662,  617,
        632,   706,   848,  1211, 1526, 1671, 1739, 1916, 2151,
       2281,  2598,  2785,  2736, 2746, 2713, 2936, 3054, 3151,
       3332,  3348,  3563,  3706, 3841, 4042, 4086, 4149, 4226,
       4136,  4108,  4173,  4327, 4552, 4705, 4751, 4850, 4874,
       4923,  4796,  4878,  4885, 4783, 4665, 4516, 4475, 4309,
       4412,  4425,  4529,  4558, 4396, 4347, 4276, 4268, 4283,
       4270,  4232,  4091,  4003, 3995, 4030, 4008, 3947, 3778,
       3440,  3234,  3288,  3234, 3201, 3233, 3364, 3435, 3407,
       3298,  3333,  3263,  3310, 3350, 3382, 3370, 3233, 3053,
       2818,
      ... 412 more items
    ],
    Int16Array(512) [
      1367, 1523, 1700, 1642, 1624, 1369, 1346, 1443, 1730, 1941, 2023,
      2108, 2182, 2313, 2080, 2062, 1965, 1862, 2016, 2194, 2017, 1922,
      1875, 1604, 1539, 1470, 1260, 1245, 1201, 1383, 1472, 1451, 1335,
      1186, 1212, 1123,  994,  910,  928,  968,  826,  563,  478,  385,
       398,  404,  475,  597,  606,  570,  522,  499,  508,  454,  531,
       558,  599,  750,  793,  562,  325,   46,  -53,  -77, -126, -102,
      -274, -233, -102,  -42,  -51,  -56,  -89,  -43,  -14,   36,  -34,
       -91,    2,    4,    3,  -80, -239, -344, -355, -191, -253, -298,
      -397, -559, -556, -534, -459, -352, -294, -109,  124,  240,  329,
       277,
      ... 412 more items
    ],
    Int16Array(512) [
      -1241, -1289, -1235, -1361, -1329, -1357, -1139, -1154, -1179,
      -1222, -1182, -1176, -1252, -1300, -1363, -1276, -1229, -1211,
      -1253, -1256, -1124, -1131, -1154, -1045, -1069, -1027, -1115,
      -1183, -1257, -1345, -1249, -1067,  -946,  -856, -1159, -1417,
      -1498, -1577, -1594, -1880, -1977, -1955, -1868, -1925, -1978,
      -1945, -1937, -1726, -1716, -1656, -1481, -1555, -1474, -1318,
      -1163, -1178, -1159, -1161,  -935,  -714,  -662,  -661,  -579,
       -300,  -197,   157,   580,   752,   932,  1014,  1164,  1118,
       1043,   992,   792,   784,  1063,  1133,  1324,  1563,  1567,
       1569,  1550,  1736,  1872,  1964,  1922,  1984,  1856,  1837,
       1821,  1699,  1683,  1451,  1251,  1171,  1075,   974,   909,
       1026,
      ... 412 more items
    ],
    Int16Array(512) [
        164,  178,  237,  432,   394,   295,   92,   41,  -41,  -33,
        -55,  127,  349,  178,   240,   298,  347,  437,  388,  472,
        523,  548,  432,  277,   206,   112,  176,  112,   70,   68,
         44,  150,   29,  137,   262,   151,  -46, -355, -426, -521,
       -469, -656, -770, -839, -1041, -1117, -985, -863, -829, -935,
      -1056, -947, -988, -910,  -710,  -784, -708, -671, -855, -920,
       -963, -825, -700, -621,  -704,  -741, -760, -693, -576, -356,
       -143,  -67,  175,  121,    75,    65,   79,   12,   49,   76,
         25,   59,  -38,  117,    -2,   -74,  -41,  -18,  -39, -123,
         88,   76,   -9, -111,  -164,  -101,  -66,   41,   78,  132,
      ... 412 more items
    ],
    Int16Array(512) [
       409,  436,  580,  490,  393,  523,  450,  261,  343,  248,
       117,   76,    5,  -67, -194, -400, -454, -326, -530, -786,
      -784, -826, -715, -690, -663, -551, -542, -508, -541, -565,
      -443, -498, -582, -765, -844, -883, -979, -954, -954, -887,
      -946, -938, -920, -904, -824, -816, -677, -576, -406, -250,
      -268, -465, -602, -549, -546, -644, -756, -722, -625, -455,
      -353, -361, -405, -305, -348, -458, -422, -396, -349, -182,
      -156,  -26,   -5,  -32,   94,   18,  -16,   40,   50,  136,
       -50, -326, -246, -328, -323, -115,  -19,   40,   29,  -15,
        93,   36,  -16,  -22, -104,  -28, -159,  -45,  232,  242,
      ... 412 more items
    ],
    Int16Array(512) [
        116,   -22,   -89,  -229,  -325,  -458,  -337,  -277,  -199,
       -182,  -324,  -337,  -474,  -579,  -743,  -886,  -875,  -952,
       -867,  -888,  -999,  -986,  -847,  -716,  -514,  -563,  -569,
       -655,  -787, -1002, -1289, -1279, -1220, -1020,  -970,  -804,
       -810,  -869,  -877,  -783,  -811,  -846,  -923,  -917,  -955,
      -1150, -1058, -1024, -1036, -1055, -1097, -1141, -1229, -1245,
      -1211, -1070,  -992,  -781,  -807,  -971, -1035,  -968,  -741,
       -623,  -659,  -847,  -755,  -726,  -890,  -965,  -928,  -931,
       -949,  -976,  -862,  -677,  -484,  -371,  -333,  -480,  -496,
       -579,  -714,  -828,  -945,  -925, -1029, -1166, -1248, -1108,
      -1043,  -900,  -897, -1040, -1000,  -773,  -649,  -397,  -213,
       -180,
      ... 412 more items
    ],
    Int16Array(512) [
      -196, -240, -299, -367, -259, -167,  -93,  -83,  -77,  -66, -174,
       -48, -138, -156, -249, -484, -454, -390, -411, -206, -110,    1,
       -70, -107,  -73, -316, -327, -225, -182, -295, -373, -347, -337,
      -346, -371, -533, -433, -358, -345, -255,    7,   49,   76,  189,
       176,   56,   29,   37, -193, -186, -112,    1,  235,  371,  400,
       455,  308,  204,  168,  194,   50,   13,   71,  177,  174,  202,
       291,  277,  396,  448,  532,  421,  217,   75,   97,  183,  113,
       -48, -122, -147,  -78,  -65,  -86, -101,  -74,  -15,   57,  149,
       194,  170,  142,  283,  415,  598,  490,  631,  613,  579,  556,
       453,
      ... 412 more items
    ],
    Int16Array(512) [
       821,  801,  875,   821,   762,   562,   509,  451,  490,  412,
       303,  293,  426,   457,   431,   432,   251,  124,  217,  453,
       491,  424,  480,   409,   285,   237,   105,   96,    4,  -78,
       -18,  104,  113,   194,   206,   279,   282,   28, -133, -370,
      -472, -548, -510,  -556,  -580,  -606,  -696, -548, -795, -972,
      -949, -834, -661,  -460,  -467,  -521,  -609, -665, -767, -857,
      -930, -974, -950, -1012, -1088, -1050, -1001, -930, -809, -860,
      -724, -601, -388,  -133,   -78,  -150,  -122,  -93, -107, -110,
      -243, -240, -153,  -188,  -385,  -413,  -299, -207, -150, -113,
       -31,   57,  202,   162,    63,   -44,   -29,  -70,    8,   -9,
      ... 412 more items
    ],
    Int16Array(512) [
       1248, 1133, 1040,   945,   809,   675,   812,   893,   743,
        681,  641,  507,   547,   592,   390,   499,   451,   387,
        264,   -4,  -77,   -42,     2,   -93,  -177,  -186,  -284,
        -51,  -94, -112,  -195,  -272,  -381,  -523,  -522,  -713,
       -840, -950, -945,  -910,  -956, -1081, -1060,  -968,  -808,
       -642, -742, -758,  -601,  -500,  -369,  -417,  -517,  -779,
       -751, -758, -959, -1010, -1068, -1070, -1265, -1235, -1208,
      -1093, -969, -851,  -709,  -717,  -477,  -338,  -289,  -329,
       -417, -417, -560,  -698,  -766,  -795,  -640,  -484,  -420,
       -616, -656, -412,  -300,  -247,    12,    13,    58,    -9,
       -167,  -93,    6,    19,   -72,    12,   159,   203,   241,
        296,
      ... 412 more items
    ],
    Int16Array(512) [
      1491, 1474, 1473, 1576, 1731, 1843, 1929, 2003, 2258, 2388,
      2426, 2293, 1913, 1698, 1712, 1802, 1986, 2023, 2072, 2210,
      2380, 2431, 2333, 2178, 2173, 2202, 2012, 2075, 2107, 2003,
      1936, 1885, 1881, 1828, 1951, 1978, 1936, 1909, 2001, 2133,
      2135, 2108, 2015, 2026, 1942, 1856, 1661, 1474, 1417, 1494,
      1606, 1624, 1530, 1765, 1744, 1627, 1596, 1448, 1271, 1045,
      1004,  893,  556,  505,  415,  345,  268,  266,  191,   82,
       102,   25,  -51, -176, -332, -571, -688, -546, -521, -585,
      -633, -772, -747, -563, -520, -405, -322, -393, -538, -526,
      -471, -526, -243,   38,  169,  324,  473,  655,  705,  875,
      ... 412 more items
    ],
    Int16Array(512) [
      1135, 1101,  980, 1019,  1070,  960, 1017,  935,  972,
      1096,  889,  725,  650,   512,  488,  425,  357,  325,
       329,  208,  130,   44,   -68, -206, -393, -627, -813,
      -867, -785, -546, -605,  -457, -366, -411, -327, -479,
      -517, -475, -414, -570,  -580, -653, -777, -918, -772,
      -825, -877, -811, -865,  -704, -569, -719, -836, -771,
      -802, -829, -835, -942, -1019, -830, -734, -679, -640,
      -480, -492, -492, -433,  -437, -399, -145,  -10,    7,
       -57,  -86,   71,  294,   470,  510,  566,  716,  878,
       858,  690,  560,  561,   818, 1033, 1043, 1076, 1055,
      1211, 1507, 1501, 1632,  1776, 1933, 2069, 2202, 2223,
      2121,
      ... 412 more items
    ],
    Int16Array(512) [
       1031,  1161,  1206,  1396,  1400,  1460,  1300,  1323,  1273,
       1278,  1445,  1479,  1660,  1720,  1828,  1852,  1667,  1540,
       1434,  1337,  1367,  1145,  1012,   812,   710,   547,   431,
        217,   157,    62,   -45,    61,   155,    41,  -201,  -303,
       -338,  -346,  -556,  -772,  -969,  -996, -1127, -1197, -1264,
      -1427, -1636, -1637, -1635, -1729, -1804, -1916, -2277, -2321,
      -2426, -2496, -2637, -2774, -2819, -2893, -3010, -3169, -3164,
      -3198, -3314, -3544, -3512, -3549, -3650, -3760, -3946, -4126,
      -4325, -4499, -4637, -4744, -4938, -4972, -5156, -5312, -5427,
      -5695, -5845, -5892, -5816, -5965, -6071, -5914, -5941, -6087,
      -6287, -6551, -6600, -6662, -6640, -6496, -6261, -6217, -6113,
      -6235,
      ... 412 more items
    ],
    Int16Array(512) [
        695,  723,  771,  653,  739,  746,  781,  683,   480,
        334,  153,  185,  169,  143,   49,   43,  139,   159,
        212,  176,  249,  374,  414,  453,  548,  605,   745,
       1031, 1197, 1287, 1271, 1205, 1328, 1375, 1451,  1618,
       1603, 1731, 1965, 2123, 2145, 2206, 2335, 2554,  2665,
       2680, 2887, 3114, 3319, 3358, 3364, 3337, 3437,  3264,
       3138, 3078, 3068, 3115, 3073, 3043, 2943, 2851,  2705,
       2750, 2625, 2557, 2564, 2483, 2549, 2483, 2219,  1964,
       1773, 1757, 1718, 1665, 1440, 1073,  906,  876,   906,
        784,  595,  485,  409,  243,  132,  121,  226,   103,
         54,    1,  -86, -217, -392, -491, -660, -863, -1096,
      -1182,
      ... 412 more items
    ],
    Int16Array(512) [
      1895, 1743, 1746, 1800, 1621, 1515, 1399, 1353, 1313, 1058,
       910, 1017,  990,  978,  881,  931,  908,  789,  726,  583,
       609,  659,  849,  754,  717,  768,  706,  518,  397,  295,
       232,  154,   84,   61,   -1, -118, -250, -464, -501, -628,
      -540, -540, -596, -637, -662, -639, -773, -848, -938, -897,
      -858, -883, -896, -807, -771, -819, -788, -765, -880, -864,
      -750, -578, -611, -458, -355, -490, -442, -288,  -25,  109,
       294,  313,  258,  292,  207,  219,  328,  393,  409,  424,
       565,  658,  704,  723,  797,  843,  956,  999, 1076, 1102,
      1156, 1109, 1015, 1128, 1152, 1285, 1456, 1610, 1650, 1698,
      ... 412 more items
    ],
    Int16Array(512) [
        739,   459,   357,   254,   258,   159,    17,    -4,    -5,
         45,   -54,   -37,   -84,   -66,   -98,  -109,    -8,  -112,
       -231,  -265,  -195,  -234,  -151,  -254,  -214,  -103,  -184,
       -208,  -187,  -154,  -205,  -278,  -327,  -470,  -620,  -833,
       -809,  -618,  -449,  -366,  -371,  -286,  -205,  -143,  -128,
       -207,  -321,  -250,  -361,  -493,  -632,  -862,  -811,  -739,
       -698,  -567,  -678,  -908, -1117, -1151, -1245, -1349, -1413,
      -1463, -1377, -1387, -1428, -1442, -1367, -1289, -1232, -1274,
      -1225, -1043, -1108, -1182, -1303, -1482, -1537, -1527, -1383,
      -1244, -1081,  -839,  -793,  -859,  -794,  -594,  -525,  -361,
       -307,  -550,  -583,  -630,  -873,  -734,  -531,  -540,  -436,
       -433,
      ... 412 more items
    ],
    Int16Array(512) [
       1221,  1048,  1106,  1052,   841,   894,   896,   867,   909,
        736,   564,   490,   450,   652,   958,  1049,  1049,  1156,
       1291,  1236,  1225,  1412,  1393,  1420,  1356,  1329,  1239,
       1102,  1041,   997,  1185,  1119,  1158,  1128,  1070,  1148,
       1042,   924,   858,   867,   786,   676,   628,   493,   364,
        311,   195,   226,   316,   228,   245,   387,   428,   416,
        203,    13,   -77,  -244,  -281,  -408,  -434,  -430,  -402,
       -309,  -281,  -482,  -497,  -541,  -655,  -590,  -497,  -322,
       -344,  -310,  -530,  -703,  -731,  -750,  -857,  -899,  -919,
       -988, -1267, -1404, -1283, -1208, -1136, -1151, -1187, -1230,
      -1199, -1287, -1399, -1364, -1269, -1237, -1032,  -947,  -983,
      -1087,
      ... 412 more items
    ],
    Int16Array(512) [
       -476,  -459,  -399,  -460,  -473,  -596,  -647,  -680,  -557,
       -449,  -501,  -620,  -681,  -705,  -559,  -634,  -738,  -679,
       -920, -1097, -1278, -1340, -1341, -1373, -1480, -1534, -1498,
      -1527, -1554, -1772, -1858, -2025, -2179, -2217, -2392, -2534,
      -2587, -2544, -2464, -2472, -2592, -2695, -2749, -2770, -2737,
      -2849, -3024, -3133, -3090, -3114, -3114, -2932, -2773, -2605,
      -2433, -2446, -2494, -2326, -2290, -2329, -2415, -2290, -2139,
      -1991, -1741, -1645, -1334, -1009,  -756,  -661,  -543,  -397,
       -425,  -334,  -246,    28,   112,   185,   275,   342,   450,
        452,   357,   484,   679,   671,   785,  1046,  1352,  1321,
       1207,  1171,  1341,  1533,  1752,  1915,  1823,  1722,  1850,
       1914,
      ... 412 more items
    ],
    Int16Array(512) [
       125,   88,   82,   19,    8,   13,  -27, -133,   13,  127,
       257,  370,  415,  564,  681,  750,  839,  901, 1057, 1075,
       954,  847,  766,  953, 1110, 1163, 1216, 1290, 1353, 1427,
      1512, 1466, 1461, 1384, 1327, 1342, 1298, 1395, 1382, 1337,
      1371, 1554, 1643, 1667, 1808, 1988, 2112, 2231, 2338, 2105,
      1978, 1763, 1760, 1709, 1567, 1510, 1636, 1750, 1848, 1867,
      1842, 1880, 1883, 2057, 2189, 2160, 2092, 2108, 2080, 1875,
      1909, 1946, 1787, 1719, 1665, 1568, 1473, 1601, 1561, 1414,
      1422, 1528, 1492, 1453, 1520, 1483, 1492, 1320, 1271, 1265,
      1269, 1435, 1586, 1687, 1492, 1352, 1556, 1539, 1575, 1709,
      ... 412 more items
    ],
    Int16Array(512) [
      -1889, -1860, -1894, -2022, -2085, -2143, -2215, -2311, -2286,
      -2309, -2338, -2308, -2211, -2066, -1919, -1663, -1653, -1618,
      -1436, -1292, -1282, -1279, -1386, -1462, -1415, -1339, -1308,
      -1299, -1243, -1219, -1105, -1079, -1101, -1102, -1206, -1154,
       -915,  -799,  -718,  -686,  -578,  -512,  -415,  -450,  -435,
       -399,  -254,   -60,  -122,  -111,   -97,   133,   324,   201,
        150,   170,   265,   363,   465,   585,   643,   651,   581,
        599,   645,   544,   537,   481,   425,   474,   447,   435,
        406,   331,   245,    76,   -68,  -183,  -316,  -406,  -439,
       -386,  -363,  -397,  -510,  -573,  -693,  -636,  -686,  -904,
       -910,  -860,  -952, -1035, -1245, -1371, -1451, -1468, -1543,
      -1724,
      ... 412 more items
    ],
    Int16Array(512) [
      -452, -408, -434, -363, -400, -220, -141,  -84, -117, -173, -235,
      -129,   36,   51,  105,  107,  145,  297,  405,  549,  604,  698,
       742,  669,  684,  659,  601,  614,  741,  863,  767,  773,  969,
      1001,  998,  915, 1060, 1079, 1118, 1033, 1065, 1105,  983,  933,
       803,  843, 1027, 1200, 1281, 1309, 1200, 1210, 1091,  962,  991,
       969, 1044,  858,  710,  660,  545,  634,  582,  667,  719,  769,
       834,  858,  880,  981,  953,  751,  777,  566,  621,  623,  482,
       422,  463,  661,  739,  777,  702,  606,  644,  666,  757,  677,
       775,  595,  510,  580,  525,  681,  885, 1228, 1472, 1441, 1341,
      1355,
      ... 412 more items
    ],
    Int16Array(512) [
        451,   340,   423,   642,   794,   848,   606,   351,   381,
        360,   192,    89,   206,   366,   448,   511,   594,   530,
        414,   377,   354,   413,   444,   270,   178,   106,    40,
        106,    80,     1,   -38,   -76,  -107,  -238,  -321,  -542,
       -746,  -707,  -569,  -488,  -500,  -633,  -991, -1213, -1195,
      -1202, -1235, -1353, -1342, -1254, -1305, -1387, -1529, -1662,
      -1894, -2144, -2159, -2191, -2259, -2242, -2101, -2062, -2024,
      -1909, -1700, -1536, -1595, -1554, -1707, -1900, -1901, -1962,
      -1944, -1885, -1866, -2088, -2043, -2071, -2059, -1826, -1656,
      -1735, -1897, -1869, -1860, -1883, -1841, -1717, -1577, -1397,
      -1441, -1580, -1653, -1685, -1733, -1664, -1593, -1584, -1682,
      -1387,
      ... 412 more items
    ],
    Int16Array(512) [
      1533, 1296, 1110,  857,  785, 807, 826, 923, 1026, 1025, 1031,
      1036, 1019,  984, 1096, 1066, 904, 848, 777,  713,  762,  818,
       873,  848,  591,  439,  241, 313, 320, 385,  445,  259,  136,
        20,    4,   17,   18,   94, 216, 281, 455,  668,  834,  792,
       765,  717,  656,  642,  534, 523, 320, 136,  132,  231,  286,
       189,  211,  245,  215,  133,  53,  88, 155,  242,  353,  372,
       385,  402,  382,  442,  427, 388, 363, 445,  454,  513,  350,
       159,   84,  144,  220,  246, 321, 258, 181,   98,  -95, -165,
      -149,  -31,   78,  271,  373, 498, 561, 490,  539,  388,  300,
       345,
      ... 412 more items
    ],
    Int16Array(512) [
      2216, 2250, 2261, 2284, 2233, 2229, 2218, 2343, 2227, 2179,
      2060, 1996, 1905, 1885, 1926, 1900, 2014, 2052, 2075, 2059,
      2060, 2004, 2063, 2188, 2424, 2618, 2687, 2700, 2759, 2740,
      2871, 2850, 2750, 2638, 2607, 2608, 2639, 2626, 2416, 2576,
      2494, 2436, 2313, 2327, 2447, 2550, 2484, 2426, 2648, 2725,
      2752, 2701, 2750, 2863, 2871, 2879, 2761, 2626, 2628, 2508,
      2534, 2559, 2319, 2327, 2427, 2322, 2438, 2497, 2458, 2446,
      2410, 2258, 1982, 1844, 1761, 1704, 1683, 1573, 1394, 1263,
      1307, 1231, 1080, 1000, 1057,  975,  729,  718,  689,  735,
       581,  362,   44, -234, -361, -558, -569, -748, -912, -995,
      ... 412 more items
    ],
    Int16Array(512) [
      1600, 1580, 1541, 1434, 1266, 1258, 1394, 1460, 1533, 1581,
      1683, 1637, 1589, 1476, 1308, 1305, 1220, 1252, 1263, 1322,
      1355, 1431, 1557, 1451, 1298, 1210, 1037, 1124, 1302, 1214,
      1279, 1385, 1459, 1415, 1503, 1610, 1681, 1746, 1676, 1728,
      1744, 1748, 1638, 1606, 1573, 1717, 1893, 1992, 1963, 1888,
      1832, 1758, 1724, 1592, 1403, 1349, 1320, 1372, 1394, 1588,
      1667, 1653, 1666, 1500, 1424, 1394, 1277, 1051,  835,  676,
       605,  417,  236,  203,  297,  606,  766,  802,  751,  700,
       646,  644,  553,  403,  307,  129,   83,  103,  117,   49,
       -51, -230, -320, -230, -132,   -1,   28,  222,  279,  230,
      ... 412 more items
    ],
    Int16Array(512) [
       -751,  -737,  -685,  -634,  -721,  -830,  -812,  -826,  -853,
       -947, -1074, -1174, -1322, -1318, -1252, -1156, -1237, -1242,
      -1255, -1346, -1251, -1274,  -997,  -973, -1053, -1117, -1204,
      -1237, -1185, -1159, -1287, -1268, -1330, -1376, -1431, -1223,
      -1198, -1100, -1162, -1250, -1200, -1205, -1168, -1191, -1251,
      -1123, -1069,  -924,  -852,  -890, -1024, -1007,  -944, -1002,
      -1014,  -938,  -833,  -956,  -939,  -887,  -823,  -682,  -563,
       -342,  -204,  -322,  -421,  -612,  -564,  -553,  -565,  -542,
       -487,  -356,  -263,  -390,  -441,  -589,  -563,  -355,  -331,
       -351,  -480,  -522,  -472,  -629,  -610,  -668,  -832,  -860,
       -883,  -813,  -705,  -636,  -675,  -592,  -435,  -351,  -410,
       -484,
      ... 412 more items
    ],
    Int16Array(512) [
      -498, -566, -536, -632, -524, -474, -530, -715, -758, -635, -526,
      -501, -347, -215, -151, -330, -225,  -27,  -59,   28,  -49,  -26,
      -215, -358, -574, -703, -624, -767, -777, -678, -661, -670, -716,
      -794, -830, -727, -607, -549, -466, -395, -506, -435, -548, -602,
      -812, -905, -894, -834, -516, -399, -558, -665, -677, -764, -720,
      -615, -566, -602, -659, -510, -471, -450, -346, -375, -301, -255,
      -149,  -70,  -51,   56,   71,   30,   31,   78,   78, -110,   -3,
        83,  205,  267,  273,  243,   84,  189,  163,  191,  205,  228,
       262,  419,  574,  485,  560,  393,  333,  336,  258,   60,   27,
       184,
      ... 412 more items
    ],
    Int16Array(512) [
      -101,  -44,   38,   35,  -13,   -7, -176, -432, -268, -282, -402,
      -293, -192, -182, -189,  -77,  -27,   14,   21,  210,  185,  -22,
       -10,   58,  -24, -151, -239, -373, -572, -565, -370, -366, -228,
       -74, -160, -163, -107, -143,  -64,  -66,  -55,   81,  153,   81,
       -16, -225, -455, -401, -483, -299, -357, -385, -368, -454, -390,
      -335, -338, -268, -230, -384, -490, -493, -580, -565, -600, -599,
      -705, -818, -624, -373, -104, -135, -258, -431, -561, -533, -512,
      -407, -191,  -74, -121,  -30,   90,  260,  169,  117,  168,  269,
       180,  327,  195,  202,  428,  416,  376,  476,  625,  670,  708,
       832,
      ... 412 more items
    ],
    Int16Array(512) [
       115,   100,  -24, -111, -123, -243, -163, -177,  -95,  -33,
        27,   -61,  -26,  -32,  -67,    1, -102,    3,  -19,  -90,
       -77,  -183,  -83,  -28, -113,  -52, -225, -213, -263, -540,
      -575,  -701, -789, -637, -516, -600, -605, -533, -581, -469,
      -496,  -571, -561, -576, -718, -878, -896, -865, -811, -895,
      -987, -1039, -822, -818, -872, -833, -832, -884, -774, -771,
      -725,  -615, -750, -898, -842, -672, -540, -358, -471, -533,
      -601,  -391, -289, -200, -112, -212, -204, -202,   13,   57,
       110,    77,  162,  232,  309,  365,  371,  414,  434,  513,
       511,   683,  625,  632,  642,  569,  596,  746,  818,  765,
      ... 412 more items
    ],
    ... 55 more items
  ],
  recL: Int16Array(79360) [
    -3632, -3126, -2492, -2042, -1689, -1453, -1321, -1215, -1181,
    -1197, -1542, -1707, -1845, -1725, -1596, -1404,  -879,  -272,
      369,  1037,  1788,  2344,  2650,  2594,  2419,  2400,  2183,
     2074,  2128,  2322,  2545,  2528,  2502,  2484,  2460,  2248,
     2175,  2192,  2427,  2929,  3594,  4379,  5139,  5979,  7096,
     7972,  8767,  9785, 10810, 11649, 12423, 13281, 14201, 15049,
    15615, 15877, 16178, 16271, 16280, 16146, 15742, 15439, 14794,
    14051, 13339, 12254, 11107,  9923,  8514,  6925,  5448,  3902,
     2421,  1008,  -211, -1268, -2247, -2974, -3671, -4200, -4535,
    -4427, -4150, -3824, -3494, -3213, -2962, -2561, -2281, -1812,
    -1422, -1135,  -791,  -825,  -958, -1276, -1790, -2330, -2805,
    -3467,
    ... 79260 more items
  ]
}
Unknown message from control worker: [object Object]
red child Received: [ 'start' ]
Voice assistant WebSocket server is running on ws://localhost:8000
recorder child Received: start
control parent Received:  started
Received: {"payload":"*pong*","_msgid":"717ff41fd3d6e914"}
red parent Received:  started
aaaaaaaaaaaaa
Control & Red init ok.
Main loop started.
recorder child Received: idle
keyword detected:  1
control parent Received:  repeat
child speaker Received: play
red child Received: [ 'start' ]
Voice assistant WebSocket server is running on ws://localhost:8000
recorder child Received: start
control parent Received:  started
Received: {"payload":"*pong*","_msgid":"622571792bed0b5a"}
red parent Received:  started
aaaaaaaaaaaaa
Control & Red init ok.
Main loop started.
recorder child Received: idle
keyword detected:  3
control parent Received:  record
recorder child Received: record
control parent Received:  {
  message: 'stt',
  recC: [
    Int16Array(512) [
      0, 0, 0, 0, 0, 0, 0, 0, 0, 0, 0, 0,
      0, 0, 0, 0, 0, 0, 0, 0, 0, 0, 0, 0,
      0, 0, 0, 0, 0, 0, 0, 0, 0, 0, 0, 0,
      0, 0, 0, 0, 0, 0, 0, 0, 0, 0, 0, 0,
      0, 0, 0, 0, 0, 0, 0, 0, 0, 0, 0, 0,
      0, 0, 0, 0, 0, 0, 0, 0, 0, 0, 0, 0,
      0, 0, 0, 0, 0, 0, 0, 0, 0, 0, 0, 0,
      0, 0, 0, 0, 0, 0, 0, 0, 0, 0, 0, 0,
      0, 0, 0, 0,
      ... 412 more items
    ],
    Int16Array(512) [
         0,    0,    0,    0,    0,    0,    0,    0,    0,    0,    0,
        -1,    1,   -1,    2,   -2,    2,   -3,    3,   -3,    3,   -3,
         3,   -2,    1,   -1,   14,  530,  697,  841, 1131, 1221, 1260,
      1363, 1424, 1732, 1810, 1877, 1998, 1993, 2216, 2383, 2694, 2687,
      2582, 2739, 2822, 3166, 3256, 3317, 3489, 3726, 3843, 4063, 4100,
      4154, 4360, 4407, 4806, 5286, 5748, 5875, 5891, 6016, 6194, 6167,
      6174, 6190, 6145, 6181, 6288, 6446, 6417, 6420, 6448, 6535, 6483,
      6300, 6183, 5990, 5712, 5463, 5326, 5401, 5357, 5207, 5018, 4842,
      4803, 4635, 4518, 4514, 4219, 4018, 3954, 3779, 3677, 3551, 3589,
      3606,
      ... 412 more items
    ],
    Int16Array(512) [
      -564, -444, -214, -221,  -49,  -88,  -48,  -31, -122,  -58, -136,
      -119,  -38, -186, -237, -104,   36,  185,  190,  247,  380,  513,
       535,  551,  571,  476,  490,  531,  491,  596,  678,  693,  814,
      1104, 1278, 1269, 1348, 1256, 1185, 1088, 1024, 1026, 1010,  981,
       977,  876,  706,  778,  800,  725,  658,  643,  609,  606,  534,
       436,  501,  595,  661,  836, 1152, 1306, 1358, 1428, 1355, 1269,
      1400, 1285, 1202, 1021,  929,  921,  872,  893,  944, 1187, 1235,
      1276, 1310, 1354, 1292, 1163, 1232, 1122,  961,  895,  814,  825,
       877,  918,  971,  747,  664,  662,  583,  608,  537,  264,   98,
       -64,
      ... 412 more items
    ],
    Int16Array(512) [
        -85,  -204,  -352,  -523,  -657,  -724,  -530,  -462,  -472,
       -753,  -963,  -921,  -890,  -685,  -503,  -522,  -574,  -729,
       -798,  -843,  -909,  -976, -1210, -1334, -1514, -1591, -1697,
      -1743, -1599, -1476, -1476, -1456, -1479, -1425, -1085,  -878,
       -794,  -602,  -381,  -303,  -428,  -601,  -551,  -462,  -351,
       -366,  -575,  -448,  -183,    -5,   -48,  -250,  -290,  -201,
       -187,  -121,    -6,  -107,  -121,   -81,    24,   115,    32,
         84,   149,   182,   236,   149,    68,    51,   141,   158,
        215,   414,   419,   255,   271,   261,   252,   361,   220,
        206,   376,   228,   123,    27,   115,    81,    70,    36,
         28,   167,   213,   407,   330,   312,   270,   -34,   -15,
        -52,
      ... 412 more items
    ],
    Int16Array(512) [
      -2873, -3035, -3052, -2983, -3236, -3424, -3294, -3160, -3016,
      -2940, -2918, -3052, -2957, -2793, -2784, -2768, -2705, -2563,
      -2531, -2433, -2290, -2235, -2239, -2104, -1888, -1531, -1178,
       -960,  -785,  -750,  -720,  -769,  -563,  -625,  -445,  -390,
       -225,   -56,   124,   483,   725,   847,   850,   533,   240,
        311,   294,   347,   465,   575,   530,   639,   750,   828,
        980,   934,   938,   920,   861,   829,   743,   797,   752,
        841,   956,   844,   796,   698,   691,   720,   773,   974,
       1029,   931,   825,   804,   880,   817,   715,   688,   524,
        419,   340,   160,   231,   278,   298,   301,   453,   573,
        637,   631,   585,   512,   360,   372,   541,   553,   410,
        218,
      ... 412 more items
    ],
    Int16Array(512) [
      -3116, -3094, -2798, -2626, -2600, -2496, -2148, -1922, -1943,
      -1878, -1778, -1801, -1714, -1629, -1686, -1489, -1445, -1301,
      -1079, -1102,  -869,  -720,  -648,  -607,  -543,  -621,  -611,
       -517,  -435,  -240,  -138,   -92,    83,   328,   525,   542,
        606,   874,   867,   780,   595,   605,   625,   707,   858,
        993,  1003,  1225,  1329,  1308,  1421,  1573,  1797,  2173,
       2336,  2347,  2410,  2468,  2722,  2939,  3009,  2824,  3013,
       3142,  2955,  3044,  2984,  2921,  2981,  2886,  2946,  2899,
       2540,  2382,  2316,  2489,  2416,  2406,  2445,  2375,  2257,
       2080,  2117,  2023,  1869,  1607,  1362,  1187,  1065,   870,
        932,   782,   381,   144,    54,   -21,  -207,  -486,  -864,
       -994,
      ... 412 more items
    ],
    Int16Array(512) [
       -39,  210,  303,  233,   11,   69,  -17, -135,  -34,  139,  341,
       372,  402,  546,  448,  595,  922,  916,  985, 1002,  890,  914,
       831,  821,  954, 1017, 1043, 1275, 1405, 1609, 1584, 1681, 1591,
      1514, 1620, 1562, 1416, 1333, 1342, 1303, 1402, 1525, 1587, 1780,
      1576, 1308, 1280, 1239, 1262, 1307, 1270, 1313, 1433, 1121, 1029,
       835,  892,  891,  701,  707,  589,  440,  350,  381,  310,  451,
       585,  677,  687,  622,  673,  742,  812,  718,  889,  875,  713,
       781,  688,  540,  337,  112,  156,   96,  125,  271,  369,  585,
       672,  665,  648,  679,  566,  445,  629,  765,  811,  748,  679,
       520,
      ... 412 more items
    ],
    Int16Array(512) [
       1355,  1029,   859,   673,   572,   418,   173,   -52,  -235,
       -316,  -525,  -760,  -819,  -816,  -995, -1313, -1470, -1655,
      -1917, -2107, -2122, -2177, -2051, -2053, -2158, -2205, -2068,
      -1920, -1803, -1809, -1795, -1711, -1707, -1608, -1510, -1524,
      -1611, -1681, -1614, -1398, -1175, -1130, -1230, -1221, -1242,
      -1286, -1098,  -985,  -957,  -984, -1023, -1138, -1020,  -998,
      -1049, -1128, -1215, -1226, -1313, -1345, -1342, -1178, -1217,
      -1190, -1000,  -817,  -743,  -893,  -933, -1096, -1104, -1075,
      -1114, -1122,  -951,  -905,  -965,  -921,  -961,  -919,  -792,
       -708,  -564,  -401,  -247,  -191,  -263,  -190,  -348,  -502,
       -711,  -851,  -851,  -801,  -604,  -584,  -449,  -631,  -716,
       -911,
      ... 412 more items
    ],
    Int16Array(512) [
      -275, -187, -412, -580, -611,  -642,  -662,  -730,  -702, -663,
      -738, -736, -823, -779, -898,  -952, -1074, -1195, -1078, -846,
      -839, -888, -765, -792, -946, -1118, -1147, -1099, -1019, -817,
      -657, -565, -536, -655, -514,  -507,  -547,  -466,  -324,  -90,
       -81, -116, -224, -241, -142,  -201,  -138,   -17,   156,  321,
       264,  301,  403,  432,  345,   244,   288,   398,   615,  533,
       393,  307,  294,  402,  522,   485,   512,   554,   527,  486,
       511,  541,  487,  547,  612,   620,   682,   797,   771,  842,
      1091,  976,  880,  600,  352,   336,   255,   374,   375,  339,
       227,  127,  -30,  -85,  -55,    26,   140,    45,    73,   34,
      ... 412 more items
    ],
    Int16Array(512) [
      -994, -1021, -1079, -1157, -1080, -888, -777,  -622,  -534,  -484,
      -354,  -424,  -384,  -355,  -216, -172,   -7,  -137,  -242,   -50,
        49,   243,   296,   547,   548,  419,  214,   193,   203,   229,
       452,   576,   702,   678,   666,  681,  765,   827,   983,   999,
      1008,   982,   827,   821,   723,  665,  832,   962,   959,   804,
       825,   840,   926,  1137,  1169, 1152,  996,   821,   668,   663,
       770,   648,   561,   498,   506,  424,  392,   383,   368,   367,
       165,   191,   374,   459,   311,  228,   -9,  -273,  -198,   -21,
       -81,  -263,  -388,  -419,  -447, -608, -638,  -845,  -942,  -909,
      -982, -1117, -1171, -1120, -1115, -957, -943, -1272, -1691, -1798,
      ... 412 more items
    ],
    Int16Array(512) [
        783,   795,   778,   906,   854,   884,   946,  1128,  1384,
       1614,  1730,  1886,  1934,  1903,  1826,  1838,  1954,  1799,
       1695,  1713,  1735,  1759,  1895,  1964,  2050,  2122,  2226,
       2159,  2124,  2132,  2102,  2040,  1861,  1855,  1950,  1934,
       1954,  2005,  2098,  2149,  1939,  1730,  1477,  1307,  1318,
       1312,  1299,  1203,   997,   764,   480,   369,   480,   452,
        376,   229,   180,   230,   101,   -65,   -96,  -153,  -283,
       -467,  -404,  -547,  -693,  -585,  -537,  -649,  -577,  -527,
       -824, -1105, -1245, -1327, -1630, -1743, -1736, -1759, -1712,
      -1881, -2168, -2139, -2216, -2229, -2194, -2084, -2183, -2348,
      -2453, -2606, -2646, -2765, -2794, -2596, -2541, -2808, -3112,
      -3313,
      ... 412 more items
    ],
    Int16Array(512) [
       1414,  1465,  1303,  1197,  1187,  1362,  1501,  1758,  1689,
       1480,  1555,  1565,  1397,  1196,  1139,  1405,  1413,  1312,
       1339,  1217,  1484,  1732,  1865,  1803,  1663,  1554,  1337,
       1334,  1097,   888,   828,   701,   775,   692,   585,   611,
        607,   357,   152,   250,   193,   327,   339,   201,   185,
        -72,  -153,  -341,  -532,  -684,  -850,  -958,  -772,  -495,
       -600,  -614,  -722,  -858,  -940,  -972, -1197, -1396, -1434,
      -1305, -1114,  -981, -1064, -1072, -1138, -1307, -1317, -1340,
      -1315, -1360, -1349, -1345, -1312, -1176, -1248, -1198, -1105,
       -935,  -728,  -658,  -639,  -629,  -571,  -501,  -492,  -497,
       -310,  -222,   -30,     1,   166,   383,   582,   898,   968,
       1045,
      ... 412 more items
    ],
    Int16Array(512) [
      1417, 1399, 1336, 1152,  971,  848,  654,  564,  618,  625,  627,
       726,  559,  501,  505,  371,  276,   18, -221, -388, -366, -494,
      -345,  -94, -124, -181, -214, -282, -327, -401, -331, -482, -665,
      -628, -630, -516, -307, -384, -382, -522, -720, -633, -536, -307,
      -245,  -39,   60,  143,  286,  317,  331,  301,  349,  360,  303,
       205,  110,  -30,  -27,   -5,   80,   66,   62,  241,  346,  476,
       633,  787,  732,  650,  566,  504,  407,  340,  124,  176,  395,
       430,  578,  507,  466,  602,  491,  272,  383,  411,  471,  606,
       642,  659,  685,  517,  438,  407,  417,  409,  438,  525,  451,
       412,
      ... 412 more items
    ],
    Int16Array(512) [
        349,   341,   417,   494,   752,   907,   838,   796,   780,   610,
        563,   557,   540,   676,   577,   335,   491,   478,   332,    85,
         47,   220,   300,   284,   233,   239,   143,    44,    47,   242,
        422,   500,   432,   190,    94,  -248,  -284,  -172,   -10,   -62,
       -211,  -100,   -75,   -84,   -99,    -5,  -113,  -377,  -378,  -178,
       -221,   -78,    43,    -6,    13,    64,   -27,    22,   -16,   -63,
         73,    63,  -101,  -248,  -213,  -307,  -397,  -576,  -503,  -530,
       -607,  -532,  -537,  -580,  -630,  -649,  -817,  -881,  -861,  -773,
       -819, -1040, -1177, -1213, -1283, -1327, -1427, -1681, -1689, -1451,
      -1500, -1664, -1575, -1659, -1788, -1730, -1682, -1457, -1394, -1345,
      ... 412 more items
    ],
    Int16Array(512) [
      -463, -291, -331, -323, -266, -207,  -72, -177, -366, -378,
      -498, -555, -565, -511, -314, -225,  -70,  -36, -233, -361,
      -282, -116, -129, -205, -143, -197, -302, -281, -376, -400,
      -450, -430, -414, -535, -524, -472, -351, -286, -310, -190,
      -149, -182, -210, -262, -226, -287, -310, -553, -610, -471,
      -496, -464, -538, -488, -492, -638, -612, -546, -406, -281,
      -360, -584, -593, -527, -477, -455, -455, -346, -377, -426,
      -568, -585, -644, -637, -548, -647, -420, -424, -400, -341,
      -414, -350, -538, -602, -601, -776, -809, -560, -475, -490,
      -601, -648, -684, -613, -622, -728, -552, -541, -452, -353,
      ... 412 more items
    ],
    Int16Array(512) [
       202,  165,   33,   41,   71,   16,  120,  253,  245,  126,   32,
       -38,  -36,   67,  137,   47,   44,  137,  119,  163,  291,  283,
       293,  261,   85, -122, -312, -334, -293, -350, -301, -185, -239,
      -221, -115,  -89, -144, -287, -338, -386, -368, -348, -331, -313,
      -348, -271, -191, -274, -218,  -60,  -53,  -46,  -23,  116,   67,
        98,   86,  268,  411,  703,  746,  632,  821,  724,  935,  950,
       907,  742,  722,  695,  774,  888,  790,  715,  709,  818,  818,
       903, 1030,  975,  979,  929,  807,  945, 1105,  936,  835,  925,
      1076, 1206, 1250, 1170, 1177, 1143,  969,  784,  662,  719,  812,
       939,
      ... 412 more items
    ],
    Int16Array(512) [
      -603, -471, -333, -286, -230, -211, -293, -179,   31,  -94,
       -78,  101,  149,  323,  392,  491,  680,  790,  829,  889,
       913, 1065, 1309, 1231, 1065, 1314, 1439, 1372, 1497, 1616,
      1680, 1869, 1986, 1961, 2011, 1873, 1907, 1808, 1735, 1732,
      1959, 2096, 2179, 2165, 1987, 1851, 1685, 1765, 1897, 1964,
      1885, 1851, 1826, 1686, 1621, 1689, 1705, 1729, 1828, 1773,
      1685, 1554, 1546, 1600, 1630, 1719, 1646, 1520, 1450, 1235,
      1073,  849,  749,  812,  843,  906, 1233, 1318, 1320, 1355,
      1177, 1117, 1116, 1207, 1117,  990,  929,  845,  777,  536,
       370,   82,   28,   10,   23,  118,  282,  169,  -70,   50,
      ... 412 more items
    ],
    Int16Array(512) [
       -399,  -324,  -352,  -480,  -617,  -567,  -405,  -402,  -450,
       -500,  -607,  -718,  -820,  -830,  -682,  -753,  -965, -1078,
      -1161, -1207, -1194, -1237, -1225, -1127, -1135, -1193, -1130,
       -954, -1080, -1017,  -997, -1097, -1010,  -964,  -918,  -725,
       -600,  -576,  -592,  -800,  -873,  -910,  -904,  -771,  -687,
       -621,  -648,  -637,  -693,  -444,  -285,  -337,  -192,  -200,
       -357,  -369,  -314,  -253,  -222,   -84,    76,   -87,  -121,
       -155,   -79,   -53,   -86,    -4,    51,    20,    47,   -66,
       -219,  -171,  -227,  -324,  -236,  -218,  -101,    51,   -11,
       -128,  -145,  -285,  -544,  -547,  -344,   -47,    36,   -34,
       -151,   -48,   -25,  -158,   -44,    23,   -74,   -91,    23,
         72,
      ... 412 more items
    ],
    Int16Array(512) [
      -630, -500, -580, -550, -637, -623, -696, -696, -437, -404, -260,
      -199, -200, -126, -164,  -20,   85,  -31, -160, -161, -100,   -5,
       -42,  -63, -173, -126, -170, -147, -171, -295, -247, -236, -461,
      -436, -277, -259, -194, -147,  -56,   12,   66,  -19,  -89, -155,
       -67,  -70, -186, -269, -306, -164,  -23,  148,   57, -153, -247,
      -141, -144,  -96,  -30,  327,  338,  197,  248,  278,  254,  176,
       161,  312,  449,  329,  368,  139,   37,   14,  -75, -217, -107,
       -37,  -60,  -19,   98,  272,  234,  118,  -74,  -92,  -94,  -52,
         3,   10,  100,  -64, -272, -497, -591, -643, -486, -200, -234,
      -349,
      ... 412 more items
    ],
    Int16Array(512) [
      -1410, -1310, -1195,  -974,  -808,  -732,  -591,  -846, -1039,
      -1152, -1169, -1182, -1095,  -861,  -639,  -779,  -930,  -865,
       -881,  -908, -1063, -1226, -1374, -1400, -1530, -1657, -1551,
      -1405, -1212, -1064,  -817,  -606,  -664,  -652,  -662,  -806,
       -872,  -801,  -878,  -957,  -991,  -922,  -858,  -726,  -624,
       -655,  -654,  -736,  -583,  -643,  -903,  -901,  -775,  -595,
       -512,  -392,  -361,  -420,  -681,  -760,  -704,  -736,  -783,
       -821,  -731,  -568,  -637,  -863,  -943, -1010, -1169, -1204,
      -1238,  -987,  -812,  -805,  -738,  -795,  -695,  -760,  -678,
       -438,  -326,  -417,  -272,   -87,    62,   229,    80,   -39,
       -180,  -114,  -233,  -216,  -197,  -133,    14,   -16,   -52,
       -148,
      ... 412 more items
    ],
    Int16Array(512) [
        243,   149,    42,    40,    10,   -33,   -34,  -155,  -149,
       -217,  -297,  -361,  -280,  -386,  -390,  -483,  -579,  -382,
       -326,  -160,  -180,  -280,  -384,  -628,  -706,  -647,  -601,
       -524,  -348,  -365,  -477,  -542,  -746,  -858, -1023, -1172,
      -1050, -1060, -1148, -1366, -1423, -1302, -1108,  -993,  -862,
       -678,  -474,  -408,  -601,  -666,  -799,  -852,  -912,  -985,
       -951,  -841,  -829,  -941, -1006,  -960,  -970,  -763,  -593,
       -530,  -511,  -577,  -613,  -695,  -687,  -646,  -576,  -339,
       -327,  -361,  -337,  -415,  -415,  -499,  -419,  -598,  -672,
       -633,  -754,  -860,  -787,  -712,  -576,  -506,  -629,  -638,
       -557,  -488,  -426,  -377,  -266,  -171,  -115,  -277,  -490,
       -512,
      ... 412 more items
    ],
    Int16Array(512) [
        578,   628,   441,   306,   143,    92,    52,    95,   268,
        325,   302,   289,   411,   310,   128,   140,   346,   467,
        327,   319,   260,   289,   248,   157,    57,  -231,  -237,
       -255,  -151,   -25,   -41,   -28,  -113,  -357,  -720, -1021,
      -1036, -1025, -1120,  -989,  -812,  -722,  -730,  -585,  -484,
       -485,  -677,  -890, -1057, -1063, -1246, -1385, -1558, -1474,
      -1356, -1400, -1391, -1386, -1317, -1114,  -943,  -832,  -701,
       -812,  -900, -1087, -1138, -1089, -1036, -1228, -1361, -1310,
      -1229, -1207, -1131, -1087, -1146, -1307, -1468, -1399, -1350,
      -1077,  -849,  -841,  -912, -1045,  -956,  -796,  -511,  -554,
       -571,  -585,  -617,  -556,  -662,  -597,  -571,  -460,  -384,
       -391,
      ... 412 more items
    ],
    Int16Array(512) [
       1272,  1355,  1306,  1370,  1623,  1483,  1202,  1008,   988,
       1059,  1245,  1445,  1490,  1402,  1345,  1149,   882,   853,
        743,   817,   856,   840,   740,   502,   406,   166,    63,
        121,   231,   342,   163,    57,     9,    96,   129,    37,
         33,   -41,   -87,  -127,  -208,  -241,  -289,  -357,  -372,
       -479,  -698,  -661,  -703,  -683,  -918, -1209, -1213, -1113,
       -955,  -808,  -670,  -842,  -849,  -983, -1037, -1082, -1149,
      -1072, -1168, -1414, -1648, -1579, -1509, -1386, -1251, -1197,
      -1318, -1434, -1567, -1805, -2021, -2025, -1823, -1727, -1621,
      -1673, -1812, -1904, -1873, -1711, -1533, -1478, -1575, -1767,
      -1811, -1671, -1594, -1491, -1295, -1222, -1342, -1127, -1130,
      -1153,
      ... 412 more items
    ],
    Int16Array(512) [
        821,   887,  1001,   940,  1011,   887,   859,   750,   752,
       1008,  1026,   997,   921,  1075,  1034,  1049,  1155,  1162,
       1293,  1290,  1221,  1266,  1463,  1493,  1343,  1403,  1470,
       1427,  1312,  1363,  1362,  1069,   930,   978,   859,   812,
        868,   827,   876,   831,   733,   679,   681,   378,   167,
        327,   334,   217,    65,    36,   -37,     6,    17,    33,
         37,  -108,   -60,   -81,   -56,   -66,   -77,  -120,  -291,
       -309,  -262,  -209,  -148,   -34,    60,  -155,  -372,  -284,
       -170,  -197,  -208,  -337,  -410,  -700,  -873,  -906,  -984,
      -1069, -1015,  -913,  -714,  -666,  -882,  -863,  -941,  -886,
       -938,  -967, -1078, -1079, -1252, -1408, -1462, -1332, -1336,
      -1517,
      ... 412 more items
    ],
    Int16Array(512) [
       237,  192,  262,  134,   73,   53,  204,  110,  239,  368,  312,
       412,  312,  301,  430,  456,  382,  432,  409,  314,  326,  271,
       331,  286,  280,  361,  338,  402,  528,  720,  781,  756,  709,
       624,  586,  465,  551,  467,  535,  629,  666,  802,  898,  917,
       918,  911,  857,  717,  500,  688,  725,  593,  657,  680,  523,
       506,  492,  362,  354,  290,  310,  363,  404,  500,  496,  361,
       272,  151,   71,   -1,   11,   83,  131,  130,  104,   78,  143,
       188,   42,  -36, -248, -226, -220, -346, -502, -358, -303, -329,
      -361, -403, -287, -123,  -75, -328, -390, -373, -353, -405, -552,
      -622,
      ... 412 more items
    ],
    Int16Array(512) [
      369,  368,  384, 320, 405, 504, 356, 216, 163,  121,   66,
      331,  601,  719, 634, 461, 316, 311, 295, 217,  261,  178,
      132,  205,  223, 321, 399, 698, 844, 828, 778,  643,  413,
      241,  253,  219, 207, 274, 409, 484, 388, 276,  160,  109,
      240,  468,  542, 428, 367, 488, 577, 369, 467,  626,  721,
      973, 1109, 1095, 973, 929, 711, 642, 847, 943, 1042, 1068,
      925,  804,  694, 632, 706, 769, 847, 797, 684,  581,  546,
      576,  659,  667, 824, 996, 933, 853, 853, 845,  813,  831,
      677,  591,  739, 640, 596, 494, 435, 364, 336,  361,  378,
      518,
      ... 412 more items
    ],
    Int16Array(512) [
       179,  332,  381,  337,  416,  498,  453, 380, 268,  395,  509,
       424,  274,  349,  235,  359,  375,  457, 505, 423,  556,  567,
       650,  534,  537,  494,  485,  388,  428, 680, 749,  778,  699,
       728,  610,  662,  740,  630,  840,  814, 691, 591,  529,  538,
       528,  546,  484,  537,  476,  549,  532, 616, 598,  682,  697,
       726,  838,  793,  971, 1066, 1077,  906, 677, 600,  426,  390,
       444,  443,  505,  435,  433,  569,  674, 559, 529,  616,  814,
      1038, 1144, 1296, 1405, 1379, 1204,  956, 902, 866,  768,  719,
       777,  741,  740,  801,  923, 1039, 1013, 950, 987, 1125, 1260,
      1380,
      ... 412 more items
    ],
    Int16Array(512) [
        25,   -6,  -40,  -32,  162,  124,   11,  -61, -197, -222, -192,
      -261, -200,  -45,  -96,  -92, -156, -161, -112, -118, -167, -209,
      -136, -372, -424, -353, -220,  -41,   12,   39,  -97, -237, -292,
      -368, -373, -241, -124,   58,  -16, -152, -258, -285, -191,    0,
       -13,   57,  -25,  -49,   80,   11,  -47, -124, -107, -159, -145,
       -51,   66,  153,  228,  239,  263,  448,  281,  255,  120,  -26,
       -88, -109, -105,  -53, -101, -250, -252, -182, -188, -270, -243,
      -151,  -30,  119,  119,   33,   57,  -75, -129,  -84,  -90, -103,
       -59,   55,  -63, -169, -109,    6,  200,  348,  532,  645,  650,
       513,
      ... 412 more items
    ],
    Int16Array(512) [
       17, 137, 321, 400, 438, 548, 336,  158,  -88, -102,   24,
      125, 219, 362, 393, 270, 168, -49, -117, -215, -104,   81,
      128, 202, 330, 415, 444, 544, 501,  384,  326,  333,  344,
      369, 442, 421, 422, 470, 309, 114,  150,  238,  313,  389,
      517, 505, 422, 244, 304, 444, 665,  672,  699,  764,  615,
      598, 632, 823, 721, 783, 754, 656,  687,  621,  479,  437,
      549, 230, 246, 426, 555, 698, 886, 1030,  850,  824,  830,
      838, 959, 915, 735, 535, 556, 519,  721,  779,  902, 1086,
      984, 717, 357, 218, 201, 293, 288,  555,  792,  863,  770,
      741,
      ... 412 more items
    ],
    Int16Array(512) [
      -746, -739, -570, -398,  -260,  -329,  -428, -484, -548, -628,
      -716, -725, -760, -900, -1041, -1238, -1225, -977, -613, -451,
      -477, -511, -500, -357,  -386,  -371,  -328, -235, -265, -291,
      -232, -233, -159, -193,  -344,  -512,  -162,  104,  149,   26,
        69,  167,   37,  -85,   -16,   119,   211,  268,  208,  313,
       323,  425,  342,  161,   182,   127,   274,  533,  527,  493,
       503,  469,  391,  275,   107,    10,   143,  147,  320,  426,
       551,  405,  260,   54,  -186,  -125,    17,   86,  138,  122,
        20,  144,  219,  218,   310,   251,   -45, -180,  -96,  -86,
       -31, -118,  -19,  240,   336,   550,   548,  456,  345,  175,
      ... 412 more items
    ],
    Int16Array(512) [
      -1084, -823, -789, -911, -873, -882, -946, -989, -1026, -1015,
      -1006, -947, -950, -899, -750, -727, -679, -644,  -534,  -534,
       -540, -600, -595, -557, -447, -340, -479, -613,  -805,  -796,
       -781, -659, -535, -336, -199, -189, -243, -472,  -504,  -423,
       -437, -518, -552, -354, -253, -301, -312, -356,  -410,  -183,
         65,  -10,   42,  -47,  -86,  -86, -175,  -42,    49,    96,
         13, -244, -421, -399, -209,  -73,    2,  190,   257,   159,
        118,   94,  220,  436,  507,  607,  597,  472,   435,   432,
        361,  353,  531,  576,  554,  487,  334,  205,   225,   304,
        412,  492,  611,  589,  499,  517,  627,  624,   674,   706,
      ... 412 more items
    ],
    Int16Array(512) [
       -292,  -294,  -446,  -777, -1025, -1308, -1317, -1225, -1206,
      -1089, -1231, -1197, -1261, -1137, -1045,  -932,  -553,  -578,
       -813, -1165, -1259, -1273, -1332, -1291, -1395, -1304, -1177,
      -1107, -1031,  -833,  -753,  -744,  -778,  -725,  -513,  -513,
       -277,  -159,  -233,  -203,  -104,  -201,  -278,  -317,  -436,
       -449,  -382,  -339,  -377,  -312,  -302,  -456,  -628,  -930,
       -815,  -589,  -296,  -147,   -21,   215,   199,   108,  -176,
       -367,  -191,  -119,  -239,  -229,  -320,  -320,  -372,  -295,
       -334,  -413,  -545,  -532,  -477,  -523,  -375,  -246,   -35,
        107,    74,    93,     0,  -176,     0,    67,   182,   196,
        253,   359,   433,   566,   564,   544,   500,   547,   504,
        528,
      ... 412 more items
    ],
    Int16Array(512) [
       -827,  -854,  -538,  -326,  -398,  -458,  -582,  -645,  -718,
       -504,  -469,  -458,  -631,  -622,  -640,  -822,  -738,  -669,
       -520,  -708,  -801,  -956,  -939,  -973,  -967,  -864,  -972,
      -1170, -1242, -1204, -1076, -1137, -1333, -1386, -1380, -1480,
      -1416, -1104, -1031,  -978,  -927,  -977, -1121, -1278, -1309,
      -1330, -1350, -1382, -1359, -1312, -1430, -1576, -1311, -1029,
       -743,  -584,  -768,  -783,  -925,  -973,  -821,  -684,  -715,
       -823,  -947, -1142, -1048, -1089, -1084, -1023,  -961,  -907,
       -975,  -915,  -908,  -665,  -683,  -779,  -865, -1085, -1092,
       -900,  -621,  -359,  -478,  -560,  -587,  -787,  -848,  -789,
       -879,  -855,  -833,  -887,  -758,  -666,  -596,  -688,  -702,
       -611,
      ... 412 more items
    ],
    Int16Array(512) [
        575,   376,   207,    40,   110,   313,   296,   238,   188,
        247,   406,   544,   612,   500,   390,   148,    46,   178,
        266,   285,   127,   -24,   -77,  -120,  -155,  -190,  -218,
       -230,  -120,  -147,  -287,  -240,  -340,  -344,  -263,  -322,
       -391,  -519,  -643,  -802,  -698,  -651,  -783,  -987, -1042,
      -1084, -1156,  -941,  -995, -1003,  -834,  -754,  -925, -1077,
      -1242, -1455, -1529, -1415, -1244, -1168, -1117, -1181, -1123,
      -1092,  -883,  -753,  -714,  -829,  -978,  -879,  -762,  -739,
       -611,  -653,  -776,  -733,  -795,  -545,  -541,  -566,  -307,
       -132,   -20,  -110,  -205,  -294,  -444,  -551,  -536,  -539,
       -525,  -624,  -612,  -590,  -652,  -684,  -695,  -618,  -479,
       -517,
      ... 412 more items
    ],
    Int16Array(512) [
      1261,  1383,  1511,  1481, 1484, 1494, 1449, 1381, 1219,
      1042,   985,   882,   800,  709,  606,  548,  747,  824,
       981,   773,   563,   703,  694,  748,  691,  679,  626,
       629,   584,   569,   483,  477,  545,  559,  774,  743,
       561,   254,   120,   -15, -207, -264, -175,  -85,  -95,
       -38,   -16,   211,   256,  302,  266,  154,  116,   13,
       -49,  -106,   -35,  -135, -305, -551, -685, -653, -515,
      -408,  -508,  -429,  -352, -424, -398, -329, -389, -634,
      -808, -1030, -1038,  -933, -983, -926, -852, -802, -799,
      -823,  -947,  -997, -1025, -724, -520, -474, -475, -445,
      -508,  -794,  -854,  -957, -664, -449, -484, -463, -569,
      -794,
      ... 412 more items
    ],
    Int16Array(512) [
       451,  405,  261,  163,  114,  212,  235,  351,  436,  655,  801,
       964, 1018,  996, 1070, 1008, 1018,  662,  596,  605,  484,  325,
        77,  282,  397,  358,  553,  781,  946, 1036, 1033, 1237, 1193,
      1083, 1078,  872,  513,  382,  230,  273,  263,  107,  -79,  -69,
       110,  277,  269,  115,  253,  164,   64,  -57,   -7,   33,   77,
       103,   -3,   22,   18, -138, -260, -436, -385, -434, -374, -258,
      -155, -372, -350, -252, -385, -457, -616, -604, -653, -635, -702,
      -558, -414, -358, -383, -474, -345, -452, -593, -637, -623, -614,
      -678, -713, -814, -729, -753, -644, -587, -695, -769, -722, -619,
      -873,
      ... 412 more items
    ],
    Int16Array(512) [
       987,  858,  962,  900,  830,  946,  751,  876,  764,  795,  691,
       746,  845,  689,  615,  606,  436,  368,  560,  607,  570,  505,
       567,  809, 1016, 1111, 1225, 1452, 1407, 1244, 1270, 1366, 1383,
      1150, 1013, 1051, 1162, 1208, 1354, 1438, 1204, 1012,  768,  801,
       992, 1022, 1146, 1220,  973,  683,  645,  568,  602,  575,  713,
       797,  629,  487,  505,  656,  703,  673,  495,  378,  170,  160,
        72,   -7,   -4,   46,   59,  -48,  -43,  -49,  116,  140,  240,
       247,   91,   21,  -23,  101,  108,  123,  123,  346,  547,  320,
       192,   60,  -42,  -90, -155, -255, -360, -456, -366, -182, -208,
      -377,
      ... 412 more items
    ],
    Int16Array(512) [
       504,  500,  453,  415, 433,  310,  365, 402,  494, 682, 766,
       751,  694,  683,  655, 518,  585,  632, 594,  636, 627, 757,
       605,  440,  601,  566, 478,  443,  627, 927, 1016, 904, 809,
       844,  777,  696,  361, 287,  126,  115, 228,  321, 629, 844,
       982, 1000,  968,  772, 602,  610,  636, 622,  683, 850, 954,
       996,  980, 1005, 1010, 755,  629,  597, 502,  483, 564, 543,
       674,  699,  612,  933, 985, 1014, 1017, 808,  652, 633, 770,
       711,  651,  465,  267, 143,  164,  244, 283,  325, 213, 289,
       335,  262,  157,  243, 296,  190,  172,  61,  125, -10, -68,
      -182,
      ... 412 more items
    ],
    Int16Array(512) [
       506,  493,  437,  430,  297,  92, -218, -188,  13,  235,  463,
       472,  365,  269,  307,  287, 333,  167,  238, 357,  191,  104,
        57,  135,   97,  140,  147, 154,  305,  466, 464,  439,  472,
       451,  413,  304,  246,  389, 502,  440,  499, 499,  409,  514,
       739,  900,  883,  776,  626, 385,  389,  375, 447,  568,  553,
       665,  662,  654,  571,  576, 306,  443,  554, 361,  466,  535,
       791,  888, 1046, 1135, 1090, 999,  913,  714, 591,  763,  870,
       907,  983,  945,  642,  482, 405,  528,  549, 633, 1015, 1393,
      1554, 1321, 1104,  965,  890, 724,  713,  724, 713,  705,  959,
      1173,
      ... 412 more items
    ],
    Int16Array(512) [
      507, 396, 440,  512,  475,  413,  178,  150,   77,  64, 147,
      133, 112, 186,  198,  195,  220,  199,  178,  364, 391, 311,
      490, 523, 490,  602,  613,  550,  483,  425,  391, 221, 230,
      126, 256, 307,  309,  539,  491,  597,  653,  693, 700, 534,
      548, 838, 788,  581,  364,  254,  213,  298,  175, 174, 392,
      381, 536, 785,  861,  793,  657,  775, 1004, 1019, 941, 902,
      910, 841, 963, 1027, 1143, 1212, 1119,  976,  901, 839, 485,
      436, 453, 413,  507,  490,  743,  841,  759,  676, 731, 827,
      882, 866, 873,  951, 1016, 1038, 1048,  934,  723, 635, 592,
      538,
      ... 412 more items
    ],
    Int16Array(512) [
      -285, -324, -436, -422, -504, -621, -524, -546, -354, -258, -190,
      -145, -203, -244, -403, -284, -157,  -19,  -91, -165, -140,  -60,
      -144, -328, -238, -215, -246, -202, -105,  -83,   66,  141,  250,
       273,   88,  -39, -182, -186,  -70,   32, -162, -268, -299, -399,
      -362, -248, -215, -196, -141, -126, -173, -116,   -7,  108,  199,
       317,  463,  450,  342,  292,  385,  471,  487,  491,  486,  388,
       252,  286,  362,  419,  342,  197,  207,  258,  349,  334,  407,
       403,  266,  342,  364,  530,  772,  820,  846,  954,  908,  680,
       462,  214,  146,   27,   28,   10,    6,   43,  123,  241,  407,
       524,
      ... 412 more items
    ],
    Int16Array(512) [
      -1513, -1449, -1350, -1083, -852, -932, -1033, -1055, -1295, -1276,
      -1164, -1069,  -983, -1026, -963, -762,  -823,  -836,  -733,  -648,
       -657,  -699,  -651,  -646, -473, -368,  -417,  -464,  -452,  -239,
       -102,   -28,   -60,    60,  110,  130,    20,    16,   238,   397,
        375,   203,   237,   163,  136,  -49,  -139,   -63,    -9,    90,
        227,   138,   300,   441,  478,  488,   429,   243,    47,   -64,
       -101,  -107,  -164,   -78,  -64,  -19,    66,    -1,  -172,  -195,
       -209,  -224,   -53,   -14,   58,   38,   147,   233,   274,   251,
        329,   327,   367,   458,  362,  446,   423,   501,   432,   482,
        535,   562,   560,   545,  475,  618,   790,   700,   496,   490,
      ... 412 more items
    ],
    Int16Array(512) [
       -782,  -741,  -596,  -466,  -676,  -823, -1053, -1040, -1142,
      -1243, -1166, -1227, -1176, -1145, -1092, -1070, -1120, -1057,
       -986, -1018, -1188, -1155, -1044, -1000,  -933, -1013, -1026,
      -1007,  -998, -1091, -1062, -1110,  -907,  -838,  -838,  -822,
      -1138, -1261, -1243, -1189, -1275, -1318, -1296, -1167, -1106,
      -1134,  -939,  -667,  -566,  -596,  -585,  -499,  -461,  -529,
       -676,  -756,  -730,  -709,  -534,  -404,  -327,  -168,   -72,
        108,   185,   207,   233,   272,   224,    91,     0,    17,
        -68,   -57,    13,    69,    69,   -82,  -162,   -96,    46,
        219,   269,   232,   217,   356,   344,   348,   361,   282,
        176,   183,   159,   179,   206,   326,   503,   594,   569,
        509,
      ... 412 more items
    ],
    Int16Array(512) [
      -1687, -1653, -1705, -1619, -1607, -1683, -1639, -1507, -1482,
      -1314, -1266, -1229, -1390, -1407, -1400, -1273, -1024, -1054,
       -962, -1051, -1341, -1426, -1568, -1582, -1535, -1504, -1410,
      -1319, -1196, -1049,  -783,  -724,  -719,  -791,  -769,  -653,
       -607,  -517,  -588,  -658,  -613,  -658,  -763,  -769,  -887,
       -959, -1127, -1211, -1300, -1296, -1149,  -928,  -729,  -683,
       -591,  -564,  -303,  -225,  -152,  -146,  -131,  -219,  -325,
       -526,  -673,  -745,  -722,  -521,  -410,  -381,  -378,  -493,
       -421,  -284,   -85,     3,    63,   166,    42,   -72,   -80,
         48,    65,    33,   -59,     6,    56,    -8,   151,   138,
         54,   -31,   -53,   -44,   -20,   129,    48,  -218,  -202,
        -79,
      ... 412 more items
    ],
    Int16Array(512) [
      -399, -340, -441,  -322, -309, -490, -685, -895, -963,
      -987, -961, -910,  -892, -856, -777, -659, -515, -482,
      -581, -620, -810, -1087, -897, -752, -568, -349, -463,
      -580, -736, -626,  -539, -467, -389, -553, -641, -669,
      -831, -737, -714,  -804, -681, -629, -659, -738, -719,
      -616, -513, -650,  -535, -541, -561, -505, -643, -604,
      -532, -495, -565,  -626, -738, -782, -668, -626, -676,
      -610, -649, -646,  -639, -633, -559, -569, -626, -795,
      -805, -716, -686,  -592, -431, -351, -196, -313, -448,
      -569, -549, -435,  -448, -379, -332, -307, -365, -320,
      -235, -218, -208,  -119, -121, -271, -244, -144,   12,
       151,
      ... 412 more items
    ],
    Int16Array(512) [
       -405,  -390,  -549,  -489,  -642,  -745,  -765,  -893,  -886,
       -816,  -678,  -636,  -633,  -726,  -741,  -827,  -950,  -988,
      -1074,  -988,  -985,  -986,  -959,  -929,  -972, -1035, -1008,
      -1058, -1099, -1057,  -809,  -694,  -775,  -965, -1077, -1069,
      -1355, -1407, -1332, -1320, -1273, -1284, -1289, -1308, -1197,
       -998,  -916,  -975, -1006, -1210, -1373, -1515, -1640, -1436,
      -1312, -1165, -1182, -1358, -1415, -1232, -1228, -1248, -1262,
      -1338, -1316, -1494, -1337, -1163, -1104, -1032,  -880,  -888,
       -953,  -763,  -694,  -764,  -990, -1023, -1100, -1005,  -948,
      -1056,  -973,  -816,  -692,  -458,  -379,  -406,  -262,  -456,
       -520,  -554,  -549,  -505,  -666,  -745,  -818,  -740,  -544,
       -430,
      ... 412 more items
    ],
    Int16Array(512) [
        752,   511,   383,   521,   416,   231,   100,     7,     7,
         27,    51,   160,   258,   170,   255,    96,   -75,  -264,
       -305,  -304,  -433,  -524,  -632,  -564,  -445,  -359,  -260,
       -163,  -252,  -348,  -659,  -719,  -575,  -557,  -664,  -689,
       -879, -1058, -1027,  -852,  -722,  -763,  -662,  -687,  -645,
       -802,  -915,  -828,  -747,  -782,  -671,  -427,  -493,  -560,
       -600,  -767,  -829,  -911,  -860,  -906, -1146, -1285, -1431,
      -1420, -1528, -1504, -1523, -1427, -1452, -1369, -1166, -1010,
      -1059, -1137, -1100, -1147, -1105, -1115, -1201, -1147, -1093,
      -1206, -1341, -1291, -1252, -1202, -1145, -1162, -1113, -1169,
      -1112,  -959, -1014,  -994,  -892,  -837,  -885,  -998, -1061,
       -976,
      ... 412 more items
    ],
    Int16Array(512) [
        309,   465,   706,   836,   900,   828,   724,   649,   595,
        575,   524,   534,   451,   418,   506,   278,   234,   235,
        133,   110,   210,   295,   321,   492,   562,   658,   609,
        625,   691,   731,   660,   453,   421,   282,   214,   254,
        191,   261,   177,   -71,  -139,  -345,  -429,  -513,  -401,
       -303,  -222,  -172,  -130,     7,   -96,   -42,    39,    91,
         46,   -70,  -220,  -277,  -367,  -383,  -557,  -692,  -876,
       -999,  -980,  -964, -1084, -1130, -1300, -1353, -1183, -1198,
       -923,  -824,  -798,  -899,  -947,  -842,  -728,  -601,  -594,
       -699,  -929, -1074, -1155, -1121, -1065, -1130, -1073, -1060,
      -1107, -1252, -1345, -1209, -1194, -1070, -1106, -1192, -1212,
      -1111,
      ... 412 more items
    ],
    Int16Array(512) [
       1241,  1311,  1379,  1449,  1296,  1129,  1028,   998,   980,
        873,   834,   750,   798,   951,   970,   990,   964,   987,
       1182,  1206,  1173,  1138,  1173,  1251,  1275,  1297,  1408,
       1395,  1315,  1179,  1106,  1043,  1027,  1057,  1062,  1305,
       1285,  1169,   923,   898,  1084,  1035,   864,   730,   576,
        526,   581,   627,   777,   670,   582,   771,   640,   570,
        627,   702,   707,   621,   489,   561,   622,   552,   516,
        374,   274,   367,   412,   323,   123,   -29,    19,     0,
         37,  -157,  -163,  -174,  -175,  -194,  -239,  -251,  -267,
       -269,  -304,  -345,  -619,  -664,  -841,  -971, -1118, -1215,
      -1195, -1205, -1264, -1232, -1056, -1058, -1040, -1020,  -914,
       -659,
      ... 412 more items
    ],
    Int16Array(512) [
       635, 529, 365, 352, 260,   28,   68,  184,  315,  569, 755,
       735, 690, 641, 548, 523,  387,  203,  178,  255,  493, 691,
       741, 786, 448, 491, 604,  415,  344,  326,  414,  470, 368,
       372, 357, 394, 371, 484,  530,  563,  685,  642,  620, 698,
       777, 759, 828, 759, 653,  605,  508,  700,  836,  987, 942,
       721, 723, 818, 783, 833,  891,  838,  887,  920, 1056, 991,
       869, 747, 535, 358, 242,  107,  309,  430,  367,  220, 270,
       212, 279, 222, 194, 221,  186,  262,  323,  259,   56,   4,
       218, 455, 287, 137, -60, -144, -387, -398, -197,  -65, -83,
      -126,
      ... 412 more items
    ],
    Int16Array(512) [
       370,  179, 313, 511, 408, 374, 343, 332, 341, 514,  701,
       764,  808, 779, 692, 708, 808, 798, 603, 608, 601,  462,
       439,  462, 428, 394, 505, 466, 626, 525, 617, 740,  591,
       556,  486, 488, 537, 677, 717, 659, 530, 344, 327,  455,
       571,  694, 733, 890, 929, 727, 513, 472, 558, 508,  449,
       534,  554, 616, 613, 607, 647, 692, 672, 786, 916, 1108,
      1164, 1108, 961, 697, 786, 967, 919, 777, 662, 834, 1007,
      1041, 1001, 979, 923, 877, 683, 703, 908, 960, 816,  762,
       759,  782, 912, 884, 836, 584, 482, 450, 423, 458,  325,
       234,
      ... 412 more items
    ],
    Int16Array(512) [
      -128,  196,  312, 368, 222,   5, -18, -77,  81, 161, 194,
       308,  273,  197, 211, 142, 109, 222, 233, 328, 317, 248,
       206,  259,  274, 119,  67,  40,  88, 170, 199, 324,  81,
      -144, -207, -159,  22, -14,  55,  87, 242, 347, 219, 204,
       194,  284,  318, 250, 354, 483, 563, 724, 828, 658, 564,
       530,  493,  482, 464, 634, 783, 740, 744, 610, 406, 359,
       432,  553,  629, 697, 711, 809, 784, 902, 810, 916, 988,
       764,  730,  633, 585, 624, 749, 848, 887, 845, 887, 841,
       793,  724,  619, 620, 622, 604, 581, 712, 786, 722, 754,
       753,
      ... 412 more items
    ],
    Int16Array(512) [
      109, 165,  173, 137,  34, -79, -14,  382,  578,  585,  478,
      346, 310,  283, 316, 291, 201, -48, -212, -261, -235, -147,
      112, 193,  238, 365, 397, 341, 171,  342,  414,  390,  371,
      560, 535,  422, 297, 187, 188,  50,   42,  106,  189,  466,
      430, 409,  492, 316, 170, 122,  51,  383,  710,  800,  878,
      903, 970, 1014, 990, 991, 826, 715,  776,  601,  533,  436,
      437, 599,  764, 704, 576, 596, 574,  552,  513,  489,  550,
      596, 766,  587, 542, 623, 559, 502,  530,  463,  467,  620,
      657, 527,  347, 341, 443, 498, 486,  591,  609,  542,  347,
      297,
      ... 412 more items
    ],
    Int16Array(512) [
      -661, -615, -580, -484, -362, -562, -643, -680, -518, -494, -434,
      -360, -390, -322, -217, -121,  -95,    4,  -12,   -8,  198,  181,
       232,  201,  112,   54,  -57,  -53,  -83, -144, -209, -297, -165,
        58,  134,  185,  362,  360,  190,  112,  206,  268,   85,   98,
       166,  136,  141,  203,  264,  133,  -12,  125,  206,  263,  336,
       283,  397,  334,  199,  181,  191,  273,  276,  315,  418,  403,
       287,  269,  449,  503,  610,  533,  482,  477,  228,  196,  255,
       329,  270,  243,  359,  375,  189,  126,  166,   95,  244,  367,
       501,  476,  466,  535,  702,  881,  845,  681,  407,  368,  301,
       337,
      ... 412 more items
    ],
    Int16Array(512) [
      -1263, -1095, -904, -918, -870, -917, -889, -856, -872,
       -828,  -768, -648, -555, -576, -628, -623, -646, -680,
       -627,  -443, -389, -447, -523, -508, -330, -335, -477,
       -452,  -483, -431, -341, -409, -340, -356, -497, -673,
       -733,  -781, -754, -617, -772, -693, -606, -600, -651,
       -785,  -767, -559, -487, -438, -398, -365, -489, -410,
       -307,  -434, -411, -293, -121,  -16,    1,  153,  248,
        221,   206,  195,  147,  350,  417,  271,  522,  736,
        831,   737,  643,  434,  238,  190,  210,  215,   59,
        -25,  -171,   51,  173,  156,  230,  190,  146,   30,
        -17,  -171, -173, -209, -283, -385, -504, -541, -641,
       -589,
      ... 412 more items
    ],
    Int16Array(512) [
      -1095, -1128, -1213, -1172, -1102, -927, -894, -589, -686, -779,
       -857,  -825,  -765,  -865,  -895, -957, -905, -721, -755, -731,
       -528,  -544,  -464,  -184,    -2,  120,  189,  107,  192,  100,
         76,   -56,  -115,   -38,   106,  -37,  -82,  -46,  124,   89,
         87,    93,   -54,  -184,  -324, -179, -322, -394, -347, -401,
       -331,  -358,  -408,  -392,  -319, -406, -396, -246, -295, -432,
       -622,  -572,  -417,  -114,   103,  167,  121,   97,   24,   32,
        106,   109,   284,   164,    70,  109,  186,  308,  378,  629,
        598,   447,   336,   358,   348,  361,  419,  498,  586,  510,
        389,   242,   188,   -23,     3,   38,  238,  272,  267,  329,
      ... 412 more items
    ],
    Int16Array(512) [
       -843,  -878,  -675,  -663,  -558,  -715,  -958,  -952,  -973,
       -941, -1225, -1116, -1018, -1073, -1161, -1148, -1090, -1084,
      -1008, -1000, -1003, -1137, -1155, -1120, -1067, -1098,  -998,
       -902, -1071, -1058, -1062,  -973,  -840,  -728,  -809,  -756,
       -544,  -437,  -292,  -433,  -552,  -592,  -626,  -631,  -424,
       -226,  -231,  -380,  -506,  -544,  -668,  -654,  -480,  -286,
       -158,  -229,  -223,  -139,  -151,  -180,    21,   225,   330,
         84,  -171,  -194,  -269,  -367,  -287,  -261,  -412,  -533,
       -622,  -468,  -116,    60,    73,    12,  -277,  -523,  -640,
       -700,  -500,  -426,  -246,  -198,  -210,  -371,  -512,  -699,
       -633,  -380,  -317,  -295,  -297,  -141,  -171,  -297,  -235,
        -69,
      ... 412 more items
    ],
    Int16Array(512) [
       -261,  -110,  -146,  -114,   -52,  -220,  -184,  -227,  -302,
       -523,  -537,  -582,  -886,  -939,  -884,  -741,  -763,  -829,
       -807,  -886,  -918, -1013, -1091, -1005, -1042, -1177, -1149,
      -1258, -1171, -1006,  -848,  -783, -1025, -1194, -1381, -1235,
      -1307, -1239, -1250, -1291, -1159, -1215, -1235, -1125, -1100,
      -1284, -1224, -1223, -1224, -1184, -1265, -1240, -1176, -1219,
      -1318, -1295, -1388, -1311, -1196, -1278, -1211, -1081,  -998,
       -901,  -766,  -560,  -360,  -438,  -531,  -566,  -610,  -587,
       -446,  -480,  -707,  -889,  -827,  -602,  -499,  -470,  -513,
       -576,  -658,  -789,  -872,  -850,  -780,  -623,  -511,  -527,
       -582,  -760,  -743,  -661,  -608,  -427,  -435,  -467,  -420,
       -453,
      ... 412 more items
    ],
    Int16Array(512) [
        391,   309,   322,  358,  529,  414,   328,   266,   142,
        -66,  -221,  -244, -262, -230, -227,  -293,  -351,  -425,
       -343,  -171,  -114, -107,  -57,   36,     3,  -143,  -279,
       -173,  -157,  -215, -312, -270, -150,  -177,  -251,  -405,
       -312,  -214,   -96, -140, -195, -257,  -350,  -329,  -395,
       -494,  -599,  -428, -358, -277,  -97,  -100,  -112,  -244,
       -553,  -539,  -603, -595, -630, -859, -1173, -1276, -1297,
      -1416, -1478, -1269, -912, -758, -652,  -519,  -410,  -282,
       -369,  -396,  -458, -736, -865, -795,  -745,  -752,  -766,
       -724,  -710,  -697, -462, -371, -273,  -362,  -440,  -366,
       -282,    69,   184,   30, -104, -211,  -252,  -313,  -285,
       -173,
      ... 412 more items
    ],
    Int16Array(512) [
        746,   897,   933,   764,   797,   722,   565,   677,   667,
        792,   785,   848,   661,   447,   552,   749,   762,   765,
        728,   524,   488,   353,   472,   447,   477,   488,   499,
        519,   352,   282,   309,   272,   211,   243,    61,  -145,
       -253,  -263,  -117,   -54,  -103,  -187,  -298,  -419,  -566,
       -662,  -561,  -458,  -493,  -455,  -559,  -450,  -338,  -304,
       -196,  -307,  -468,  -475,  -503,  -524,  -657,  -742,  -791,
      -1040, -1276, -1298,  -981,  -847,  -726,  -742,  -892,  -986,
      -1027,  -915,  -806,  -567,  -645,  -907, -1001,  -972, -1027,
       -961,  -747,  -693,  -821, -1028, -1079, -1040, -1087, -1172,
      -1344, -1345, -1293, -1173, -1003,  -995, -1018, -1169, -1141,
      -1094,
      ... 412 more items
    ],
    Int16Array(512) [
        684,  739,   869,   898,   838,  772,   736,   682,   680,   672,
        427,  294,   215,   396,   410,  483,   555,   664,   864,   933,
       1074, 1102,  1246,  1329,  1198, 1185,  1107,  1061,  1030,   881,
        863,  857,   801,   678,   623,  486,   574,   468,   348,   170,
         42,   27,   191,   338,   352,  316,   253,   201,    89,    59,
       -101, -184,  -168,  -168,     6,  210,   211,    77,    85,   199,
        161,   93,   -83,  -130,  -123, -289,  -168,   -41,  -200,  -480,
       -712, -787,  -882,  -873,  -890, -750,  -606,  -534,  -615,  -611,
       -612, -626,  -705,  -738,  -558, -590,  -662,  -856, -1139, -1199,
      -1085, -994, -1020, -1026, -1038, -975, -1014, -1134, -1220, -1338,
      ... 412 more items
    ],
    Int16Array(512) [
       365,  457,  609,  692,  730,  562,  570,  582,  434,  477,  659,
       754,  866,  935, 1030, 1242, 1218, 1212, 1229, 1178, 1016,  901,
       884,  712,  685,  717,  758,  733,  638,  531,  716,  972,  979,
       988, 1073, 1107, 1101, 1066, 1000, 1048,  936,  947,  959,  968,
       946,  917,  941,  882,  969, 1051, 1072, 1056, 1162, 1163,  930,
       786,  833,  853,  786,  666,  603,  671,  734,  689,  869, 1100,
       979,  971,  907,  743,  682,  627,  667,  828,  799,  707,  574,
       398,   20,   61,  344,  362,  365,  201,  177,   79,  -37,   94,
       191,   95,  -43, -141, -257, -292, -203, -279, -177,  -75,  -87,
      -232,
      ... 412 more items
    ],
    Int16Array(512) [
      -237, -293,  -85,  -16,  13, 166, 199, 134, 184, 131,  24,
       -24, -100, -104, -206, -87, -73, -17, -38,  72, 259, 579,
       707,  675,  757,  782, 701, 626, 637, 582, 691, 782, 912,
       862,  687,  528,  498, 547, 586, 705, 862, 790, 685, 637,
       613,  466,  311,  433, 410, 372, 353, 497, 643, 564, 626,
       889,  984,  917,  658, 482, 492, 574, 791, 640, 582, 632,
       710,  629,  559,  425, 188, 233, 251, 426, 491, 588, 674,
       830,  831,  783,  838, 826, 711, 710, 705, 586, 409, 212,
       233,  313,  346,  327, 484, 369, 201, 244, 310, 394, 421,
       347,
      ... 412 more items
    ],
    Int16Array(512) [
       269, 387,  373,  369, 397, 418,  168,   30,  -36, -232, -189,
      -128, -41,  -83, -110, -65, -81,    6,  185,  189,  224,  199,
        72,  71,  135,  130, 141, 269,  344,  328,  127,  279,  415,
       617, 837, 1015,  997, 833, 566,  429,  496,  510,  466,  503,
       518, 371,  502,  567, 662, 753,  680,  553,  612,  465,  363,
       418, 321,  432,  494, 674, 723,  756,  754,  676,  831,  800,
       954, 922,  831,  720, 712, 596,  597,  577,  532,  429,  321,
       378, 504,  798,  900, 992, 995, 1313, 1571, 1567, 1427, 1130,
       954, 990, 1040, 1041, 892, 645,  587,  497,  559,  478,  517,
       448,
      ... 412 more items
    ],
    Int16Array(512) [
       -42,  -40,   14,   30,  -29,  -69,  -60,  -37,  -26,  169,  417,
       665,  767,  782,  677,  609,  409,  395,  380,  468,  526,  605,
       641,  471,  437,  353,  361,  327,  409,  394,  377,  216,   95,
       114,   49,  109,  248,  399,  379,  545,  818,  850,  734,  567,
       436,  384,  457,  448,  556,  481,  412,  441,  336,  412,  457,
       688,  703,  610,  509,  424,  505,  463,  479,  457,  683,  662,
       656,  690,  545,  490,  449,  726,  907,  901,  892,  870,  787,
       684,  649,  845, 1023, 1166, 1180, 1184, 1174, 1204, 1370, 1339,
      1306, 1214, 1044,  939, 1052, 1045,  961,  954,  880,  889,  781,
       706,
      ... 412 more items
    ],
    Int16Array(512) [
      -799, -769, -797, -665, -582, -684, -785, -679, -583, -539, -602,
      -732, -735, -580, -539, -698, -714, -641, -678, -679, -494, -297,
      -322, -310, -251, -319, -357, -402, -337, -160,  -17,   29,  109,
        78,  117,   46,  174,  396,  416,  505,  451,  390,  411,  338,
       383,  462,  330,  286,  160,   -2,   17,   99,  212,  189,  131,
       153,   96,   81,   14,  -73, -118, -184, -161, -187, -219, -245,
       -79,  148,  182,  332,  456,  451,  461,  474,  630,  682,  446,
       150,   83,   22,  -38,   29,  102,  152,  238,  331,  143,  197,
       289,  212,  228,  249,  246,  335,  417,  404,  543,  597,  368,
       350,
      ... 412 more items
    ],
    Int16Array(512) [
      -1126, -1154, -1129, -1099, -1095, -1030, -1147, -1101, -1026, -905,
       -688,  -531,  -355,  -318,  -330,  -431,  -674,  -788,  -795, -758,
       -636,  -550,  -634,  -645,  -647,  -616,  -586,  -544,  -510, -461,
       -302,  -142,    38,   116,  -121,  -197,  -265,  -112,    79,  223,
        288,   284,   307,   312,   416,   578,   626,   431,   333,  278,
        367,   497,   451,   319,   167,    74,   176,   247,   258,  192,
        148,    25,    50,    50,   104,   203,   367,   433,   529,  628,
        428,   325,   293,   453,   782,   698,   665,   625,   610,  760,
        689,   505,   386,   378,   269,   399,   459,   552,   518,  494,
        505,   580,   666,   738,   700,   681,   721,   750,   874,  708,
      ... 412 more items
    ],
    Int16Array(512) [
       -941, -1017,  -841,  -896,  -872,  -949, -1191, -1374, -1409,
      -1405, -1423, -1429, -1473, -1465, -1441, -1374, -1134,  -967,
       -739,  -549,  -474,  -480,  -501,  -540,  -557,  -536,  -565,
       -499,  -542,  -543,  -690,  -850,  -965,  -930,  -836,  -946,
      -1006,  -884,  -754,  -755,  -852,  -844,  -743,  -707,  -790,
       -894,  -943,  -893,  -673,  -658,  -689,  -609,  -474,  -342,
       -380,  -491,  -732,  -782,  -631,  -669,  -713,  -671,  -702,
       -706,  -642,  -558,  -384,  -252,  -274,  -351,  -406,  -615,
       -558,  -478,  -379,   -98,    13,   -48,   -97,  -187,  -410,
       -328,   -79,   108,   184,   284,   383,   257,   169,  -116,
       -283,  -354,  -417,  -313,  -111,    99,   237,   337,   399,
        320,
      ... 412 more items
    ],
    Int16Array(512) [
       -633,  -657,  -825,  -781,  -827,  -897,  -990,  -929,  -869,
       -800,  -726,  -785,  -778,  -820,  -977, -1186, -1253, -1186,
      -1250, -1151, -1101, -1126, -1186, -1304, -1368, -1442, -1440,
      -1079,  -976,  -922,  -814,  -777,  -717,  -722,  -814,  -771,
       -733,  -626,  -682,  -957,  -953,  -802,  -627,  -640,  -630,
       -414,  -471,  -470,  -467,  -491,  -686,  -739,  -583,  -614,
       -834,  -996,  -830,  -838,  -898,  -843,  -600,  -434,  -434,
       -400,  -424,  -501,  -587,  -574,  -679,  -689,  -690,  -550,
       -472,  -576,  -301,   -85,   -70,  -136,  -241,  -418,  -367,
       -199,   -47,    26,   157,   166,   -14,   -67,     4,    77,
        104,   311,   308,   244,   186,   267,   399,   467,   390,
        321,
      ... 412 more items
    ],
    Int16Array(512) [
         65,   15,    88,   215,   102,     2,  -240,  -469,  -575,
       -702, -646,  -674,  -659,  -645,  -523,  -546,  -584,  -675,
       -658, -447,  -395,  -195,  -212,  -136,  -242,  -342,  -289,
       -505, -506,  -572,  -686,  -725,  -724,  -723,  -685,  -758,
       -914, -993, -1150, -1103, -1212, -1284, -1293, -1231, -1257,
      -1033, -795,  -923,  -871,  -855,  -917,  -877,  -749,  -743,
       -764, -824,  -782,  -783,  -828,  -902,  -841,  -745,  -499,
       -391, -578,  -591,  -617,  -591,  -594,  -579,  -577,  -472,
       -312, -244,  -246,  -148,   -98,  -126,  -111,  -238,  -380,
       -528, -403,  -254,  -226,  -323,  -448,  -534,  -504,  -494,
       -327, -179,     0,  -116,  -320,  -461,  -436,  -547,  -599,
       -450,
      ... 412 more items
    ],
    Int16Array(512) [
        681,   510,   313,   184,    98,   220,   326,   396,   307,
        231,   110,     3,   -62,   -15,   -28,   -42,     1,  -101,
        -40,    18,   128,   221,   173,   -97,  -246,  -283,  -463,
       -553,  -665,  -963,  -940,  -887,  -965,  -804,  -638,  -625,
       -593,  -400,  -484,  -709,  -771,  -870,  -848,  -844,  -805,
       -770,  -840,  -896, -1022, -1129, -1048,  -836,  -785,  -725,
       -730,  -879,  -932,  -953, -1021, -1247, -1347, -1421, -1290,
      -1165, -1350, -1378, -1328, -1212, -1295, -1357, -1546, -1570,
      -1494, -1411, -1342, -1227,  -996,  -894,  -678,  -483,  -544,
       -736,  -841,  -824,  -890,  -870, -1013, -1086, -1008,  -750,
       -544,  -456,  -246,  -278,  -243,  -479,  -651,  -569,  -639,
       -665,
      ... 412 more items
    ],
    Int16Array(512) [
        558,   420,   438,  443,   456,   591,   531,   704,   859,
        675,   695,   892, 1011,   987,   782,   688,   575,   396,
        478,   575,   507,  517,   457,   288,   281,   342,   354,
        464,   511,   413,  273,   230,   234,   347,   258,   131,
        201,   216,   168,   38,    85,    -4,   -73,   -41,  -114,
       -270,  -399,  -409, -455,  -603,  -594,  -532,  -571,  -388,
       -334,  -348,  -281, -308,  -267,  -299,  -262,  -366,  -585,
       -994, -1119, -1077, -970, -1085, -1176, -1038, -1223, -1258,
      -1101,  -960,  -867, -968,  -913,  -881,  -910, -1027, -1112,
       -843,  -764,  -789, -678,  -884, -1223, -1362, -1448, -1304,
      -1095,  -842,  -622, -559,  -559,  -609,  -698,  -792,  -809,
       -816,
      ... 412 more items
    ],
    Int16Array(512) [
       589,   493,   499,   561,   461,  565,   688,   643,   669,   573,
       631,   670,   908,   966,   987, 1081,  1072,  1011,  1112,  1062,
       935,   993,   812,   744,   657,  781,   846,   992,  1243,  1143,
      1227,  1156,  1068,  1066,  1078,  936,   601,   448,   332,   235,
       242,   194,   249,   461,   571,  482,   293,   141,    61,    40,
       -80,   -84,   -14,    72,   -75,   72,   -48,   -73,    43,   -49,
        61,    94,    37,  -252,  -203, -130,   -74,   -30,  -193,  -254,
      -381,  -579,  -600,  -485,  -613, -654,  -591,  -587,  -629,  -697,
      -880,  -859, -1019, -1138, -1045, -858,  -738,  -704,  -591,  -740,
      -979, -1071, -1159, -1114, -1053, -987, -1041, -1206, -1420, -1421,
      ... 412 more items
    ],
    Int16Array(512) [
       838,  857,  716,  681,  547,  546,  695,  907, 1132, 1125,
      1059, 1068, 1024,  890,  876, 1105, 1265, 1087,  849,  861,
      1074, 1235, 1350, 1566, 1681, 1599, 1518, 1251, 1080, 1121,
      1223, 1255, 1179, 1003,  922,  845,  890, 1064,  877,  816,
       951, 1046, 1097, 1150, 1175, 1246, 1286, 1304, 1202, 1221,
      1238,  992,  997, 1111, 1107,  942,  906,  926,  822,  820,
       900,  802,  754,  807,  806,  709,  710,  899,  932, 1087,
       900,  618,  425,  312,  309,  254,  100,  -66,  -15, -128,
      -182, -343, -502, -615, -579, -385, -188, -204, -156, -315,
      -517, -558, -555, -566, -617, -424, -309, -249, -307, -316,
      ... 412 more items
    ],
    Int16Array(512) [
       256,  294, 313,  315,  472,  533,  451,  453,  734,  769,  713,
       727,  940, 878,  760,  844,  856,  933,  860,  770,  565,  481,
       316,  304, 451,  513,  732,  830,  887,  898,  901,  971, 1028,
      1178, 1189, 977,  856,  971, 1141, 1006, 1060, 1149, 1031, 1213,
      1232, 1039, 790,  663,  974, 1119, 1250, 1224, 1029, 1019, 1023,
       895,  912, 889, 1002, 1006,  843,  987,  933,  869, 1048, 1051,
       925,  901, 968,  957,  919,  946, 1015, 1007, 1133, 1206, 1173,
      1013,  903, 855,  728,  606,  512,  638,  663,  658,  666,  527,
       479,  467, 231,  195,  334,  312,  309,  300,  134, -108, -277,
      -263,
      ... 412 more items
    ],
    Int16Array(512) [
       315,  458,  366,  359,  340,  426,  530,  479,  426,  332,  292,
       203,  168,   72,    0,   93,    0,  -35,   30,  111,  256,  316,
       185,  169,   80,  169,  251,  332,  281,  227,  378,  383,  363,
       215,  236,  436,  459,  715,  865,  763,  641,  559,  562,  566,
       820, 1043, 1151, 1165,  989,  811,  847,  866,  895,  966,  868,
       625,  539,  327,  219,  219,  434,  689,  943, 1159, 1147, 1053,
      1071, 1133, 1249, 1330, 1159, 1090, 1030,  879,  786,  895,  934,
       877,  792,  745,  788,  849,  940, 1133, 1236, 1316, 1263, 1165,
      1117, 1058,  783,  623,  589,  731,  929,  978,  849,  712,  742,
       664,
      ... 412 more items
    ],
    Int16Array(512) [
      -176, -118, -247, -284, -258, -364, -239, -332, -419, -207,  -58,
        29,  -64,  -44,  -77, -187, -279, -212, -163, -202, -172, -165,
      -101,  -53,  -72, -269, -296, -377, -484, -262,  -63,  -14, -129,
      -164, -232, -304, -182,  134,  199,  195,  270,  245,  311,  226,
       170,  273,  227,  120,  189,  164,  178,  180,  242,  461,  621,
       763,  921,  888,  717,  558,  537,  583,  570,  598,  478,  533,
       489,  506,  446,  487,  382,  269,  285,  279,  284,  259,  390,
       544,  753,  739,  768,  819,  840,  858,  750,  726,  775,  753,
       808,  850, 1057, 1085, 1049,  920,  670,  701,  939, 1110, 1003,
      1084,
      ... 412 more items
    ],
    Int16Array(512) [
      -328, -418, -544, -257, -104, -187, -134, -268, -378, -261, -124,
         7, -161, -231, -329, -482, -538, -719, -727, -520, -205,   68,
       161,  298,  406,  279,  159,  -42,   87,  227,  192,  173,   47,
        36,  123,  246,  222,  274,  186,  138,  143,  180,  461,  538,
       575,  687,  707,  617,  425,  327,  191,  -20,  -91,  207,  442,
       560,  607,  687,  678,  640,  648,  732,  716,  786,  871,  689,
       495,  327,   19,    4,   45,   13,  177,  357,  261,  338,  365,
       374,  540,  574,  641,  560,  512,  274,  437,  616,  757,  806,
       714,  641,  697,  674,  757,  839,  992,  940,  971, 1127, 1063,
       837,
      ... 412 more items
    ],
    Int16Array(512) [
      -244, -252, -112, -102, -125, -165, -175, -274, -285, -260, -228,
      -234, -242, -372, -519, -443, -390, -379, -395, -331, -319, -288,
      -373, -488, -442, -266, -102,  -32, -261, -394, -524, -620, -660,
      -667, -619, -512, -401, -483, -619, -643, -547, -386, -220, -273,
      -338, -328, -270, -342, -195,  -54, -135, -197,  -41,  302,  339,
       326,  289,  211,  143,  110,   84,  148,  101,   69,  173,  332,
       412,  282,  117,  107,   84,  -69,   52,  205,  365,  427,  448,
       497,  410,  280,  281,  377,  250,  207,  248,  349,  291,   49,
       134,  119,  322,  278,  218,  295,  339,  460,  532,  505,  460,
       461,
      ... 412 more items
    ],
    Int16Array(512) [
      -796,  -764,  -618,  -582,  -646,  -674,  -588, -600, -574,
      -581,  -481,  -298,  -215,  -184,  -328,  -322, -525, -646,
      -742,  -744,  -703,  -498,  -449,  -530,  -595, -540, -398,
      -462,  -580,  -529,  -526,  -672,  -686,  -754, -682, -679,
      -547,  -522,  -644,  -851,  -933, -1096, -1110, -842, -788,
      -560,  -658,  -845, -1003,  -957,  -861,  -818, -785, -836,
      -959, -1197, -1086, -1126,  -961,  -845,  -982, -846, -859,
      -922, -1041,  -947,  -873,  -597,  -575,  -756, -674, -814,
      -912,  -961, -1032, -1147, -1245, -1037,  -877, -627, -589,
      -650,  -645,  -572,  -500,  -614,  -518,  -455, -467, -315,
      -224,  -367,  -298,  -409,  -429,  -230,  -290, -365, -525,
      -702,
      ... 412 more items
    ],
    Int16Array(512) [
      -699, -661, -762, -641, -691, -753, -701, -681, -533, -478,
      -392, -234, -204, -292, -448, -522, -523, -428, -350, -425,
      -530, -670, -570, -628, -630, -499, -407, -354, -197, -204,
      -144,  -24,  -65, -220, -420, -537, -665, -561, -370, -194,
      -280, -410, -524, -650, -779, -723, -529, -480, -551, -429,
      -423, -498, -587, -375, -190, -269, -132, -140, -202, -380,
      -572, -444, -349, -488, -473, -493, -432, -250, -268, -348,
      -389, -438, -359, -305, -345, -315, -336, -307, -280, -135,
      -133, -178, -277, -265, -253, -312, -390, -411, -257, -149,
        32,  169,  151,  -65, -208, -235, -123, -173,  -39,  -32,
      ... 412 more items
    ],
    Int16Array(512) [
       -444,  -476, -586,  -673, -637, -393,  -367,  -442,  -476,
       -530,  -514, -480,  -488, -465, -456,  -665,  -908,  -940,
       -940,  -915, -917, -1027, -953, -966, -1136, -1178, -1056,
       -914, -1012, -963,  -692, -627, -728,  -792,  -723,  -653,
       -652,  -824, -937,  -943, -878, -881,  -814,  -784,  -807,
       -694,  -662, -626,  -537, -534, -625,  -585,  -490,  -346,
       -299,  -168, -186,  -309, -493, -559,  -623,  -695,  -739,
       -676,  -581, -513,  -490, -763, -658,  -806,  -904, -1058,
      -1044, -1013, -854,  -683, -553, -605,  -616,  -530,  -479,
       -453,  -282, -118,  -169, -272, -310,  -320,  -280,  -192,
       -243,  -295, -314,  -348, -205,   80,   181,   191,    46,
        -96,
      ... 412 more items
    ],
    Int16Array(512) [
       -283,  -365,  -441,  -424,  -486,  -414,  -230,  -362,  -391,
       -443,  -520,  -615,  -565,  -498,  -476,  -558,  -766,  -803,
      -1046, -1198, -1236, -1090,  -880,  -808,  -895,  -975, -1198,
      -1374, -1324, -1213, -1001,  -859,  -628,  -728,  -828,  -820,
       -821,  -749,  -561,  -499,  -777,  -934, -1021, -1030, -1124,
      -1048,  -856,  -861,  -774,  -662,  -772,  -839,  -804,  -757,
       -831,  -906,  -905, -1009, -1021,  -886,  -855,  -848,  -797,
       -883,  -841,  -951, -1096, -1054, -1099, -1069,  -829,  -909,
       -954,  -878,  -763,  -673,  -641,  -652,  -749,  -794,  -814,
       -956,  -826,  -472,  -228,  -107,  -190,  -254,  -303,  -321,
       -393,  -479,  -538,  -506,  -498,  -477,  -451,  -380,  -247,
       -221,
      ... 412 more items
    ],
    Int16Array(512) [
      448, 446, 607, 589, 705, 887, 1038, 972,  942,  727,  537,
      495, 403, 494, 639, 617, 532,  501, 292,  325,  322,  229,
      319, 416, 491, 595, 484, 411,  187,   9, -111,  -89,   74,
      181, 227, 211, 235, 178, 246,  119,  12,   73,  217,  277,
      271, 269, 129,   0, 163, 302,  327, 289,  333,  266,  181,
       -2, -13,  46, 127, 359, 334,  348, 435,  489,  397,  460,
      556, 356, 181, 139,  17, -47,   78, 175,  244,  268,  162,
       77,  93, 183, 193, 239, 249,  268, 366,  378,  490,  291,
      168, 123, 178, 147, 101, 188,   72, -53,  -71, -190, -225,
      -96,
      ... 412 more items
    ],
    Int16Array(512) [
      1464, 1468, 1338, 1231, 1168, 1160, 1238, 1408, 1428, 1366,
      1474, 1479, 1395, 1202, 1003,  861,  776,  875,  881, 1103,
      1332, 1298, 1531, 1457, 1303, 1259, 1359, 1467, 1344, 1278,
      1110, 1186, 1109, 1088, 1080, 1121, 1237, 1016,  923,  688,
       383,  367,  305,  547,  705,  487,  391,  370,  277,  144,
      -124, -121,   -6,  -19,   83,  -22,  -59,  -74,   -3,  -39,
      -210, -339, -426, -603, -737, -874, -780, -527, -266,  -79,
      -152, -180, -164, -228, -230, -336, -442, -524, -597, -486,
      -481, -416, -378, -379, -404, -348, -375, -444, -556, -663,
      -791, -663, -622, -419, -459, -693, -738, -926, -966, -943,
      ... 412 more items
    ],
    Int16Array(512) [
       736,  972, 1045, 1036, 1008, 1061,  980,  965,  935,  704,  681,
       746, 1010, 1261, 1225, 1190,  978,  963, 1005, 1086, 1205, 1116,
       931,  784,  882,  899,  823,  832,  805,  842,  908, 1006, 1063,
      1030,  933,  765,  736,  790,  970,  912, 1009, 1162, 1097, 1199,
      1199, 1474, 1505, 1355, 1066,  849,  561,  223,  166,   99,  263,
       212,  203,  279,  231,  249,  287,  161,   21,   -3,   32,  -12,
        41,   89,   27,  -29,  101,  122,  149,  234,  275,  151,  -79,
      -198, -428, -468, -420, -389, -458, -368, -421, -470, -494, -451,
      -371, -430, -444, -373, -226, -328, -356, -340, -386, -496, -621,
      -652,
      ... 412 more items
    ],
    Int16Array(512) [
       769,  684,  601,  611,  674, 624,  681,  707,  761, 1022,  911,
       769,  760,  666,  516,  460, 258,  141,   49,  185,  316,  462,
       851,  973,  878,  729,  740, 764,  834,  861,  849,  845,  700,
       521,  504,  535,  554,  544, 887, 1197, 1205, 1154, 1053, 1077,
      1074, 1028, 1132, 1137, 1077, 902,  689,  735,  802,  857,  897,
      1025, 1105,  968,  971, 1009, 927,  853,  800,  915,  941, 1044,
      1016,  997,  935,  801,  906, 961,  856,  862,  819,  743,  746,
       775,  952,  867,  796,  779, 694,  590,  465,  523,  573,  702,
       646,  521,  273,  103,  351, 303,  388,  369,  373,  349,  301,
       356,
      ... 412 more items
    ],
    Int16Array(512) [
       -89,   76,  186,  62,  -96, -221, -89, 107,  296,  393,  394,
       263,   89,   42, 112,   48,  184, 329, 386,  269,   73,  -38,
       -79,  -30, -135,   3,   81,  163, 227, 409,  607,  643,  551,
       490,  425,  325, 327,  392,  441, 208, -10,  199,  311,  252,
       270,  317,  395, 527,  677,  812, 805, 860,  963, 1050, 1208,
       995,  754,  477, 363,  522,  642, 757, 755,  641,  623,  620,
       549,  660,  663, 838, 1017,  982, 770, 761, 1014, 1038,  948,
      1031, 1012,  773, 784,  764,  817, 638, 566,  575,  826,  927,
       857,  813,  731, 715,  603,  588, 707, 802,  860,  708,  382,
       -28,
      ... 412 more items
    ],
    Int16Array(512) [
       410,  518,  429,  175,   26,  122,  138,  349,  530,  519,  374,
       137,   69,   83,  180,  181,  265,  385,  407,  413,  379,  290,
       345,  276,   96,   66,   81,  154,  205,  257,  196,  117,   49,
      -126, -198, -281, -196, -276, -363, -165, -198, -113, -138, -342,
      -275, -114,   90,  103,   23,   -3,  -61,  -22,   74,  -16,   51,
       111,  152,  349,  581,  768,  762,  687,  693,  869,  962,  930,
       929,  841,  996,  925,  957, 1134, 1220, 1235, 1159, 1082, 1131,
      1241, 1050,  811,  682,  704,  667,  693,  698,  672,  502,  418,
       380,  436,  457,  606,  741,  648,  636,  592,  648,  721,  823,
       823,
      ... 412 more items
    ],
    Int16Array(512) [
      -357,  -88,  -19,  109,   82,   43,   60,  107,  70, 111, 334,
       277,  275,  194,  282,  378,  352,  593,  700, 619, 415, 261,
        97,  230,  363,  347,  278,  197,  279,  366, 254, 216, 220,
       174,  182,  168,   95, -108, -227, -190,  -30, 148,  62,  42,
       -26, -188, -123,  -43,   50,  107,  162,   95,  19, 126, 197,
       256,  275,  122,  -60,  -38,  118,  120,   -7,   7,  50,  98,
        37,  -74, -164, -281, -315, -399, -375, -247, -66,  92, 228,
       435,  492,  494,  389,  412,  376,  427,  486, 466, 590, 616,
       520,  584,  626,  520,  481,  472,  528,  491, 537, 566, 427,
       246,
      ... 412 more items
    ],
    Int16Array(512) [
      -595, -657, -578, -592, -810, -886, -797, -727, -741, -715, -522,
      -401, -396, -379, -298, -275, -379, -327, -137,   21,    1, -199,
      -315, -255,  -34,  -51,   40,  177,  339,  411,  502,  725,  924,
      1124, 1100,  813,  359,  100,  229,  239,  308,  561,  713,  845,
       730,  738,  754,  834,  791,  695,  700,  779,  813, 1031, 1150,
      1011,  953,  806,  661,  623,  842,  786,  797,  871,  805,  752,
       812,  833,  807,  858,  973,  888,  835,  880,  831,  923,  816,
       854,  858,  881,  872,  891,  930,  947, 1038, 1093, 1096,  924,
       675,  536,  665,  662,  755,  824,  959,  750,  545,  588,  741,
       741,
      ... 412 more items
    ],
    Int16Array(512) [
      -936, -810, -660, -716, -535, -598, -640, -703, -732, -610, -467,
      -448, -432, -333, -372, -439, -324, -309, -305, -263, -238, -356,
      -390, -336, -313, -499, -525, -484, -473, -476, -467, -400, -148,
        84,  -59, -209, -325, -404, -447, -388, -170,  -17,  127,  237,
       217,  293,  344,  226,   61,  -83, -166, -206, -236, -125,  124,
       161,  163,  139,  115,  158,  172,  254,  328,  332,  405,  337,
       386,  410,  310,  202,  132,  199,   51,  -21,   26,    4,   30,
        77,  129,  240,  279,  201,  286,  348,  413,  498,  342,  408,
       372,  298,  211,  184,  116,  192,  204,   40,  -31, -134,  -33,
       -82,
      ... 412 more items
    ],
    Int16Array(512) [
      -2804, -2942, -2926, -3056, -2948, -2819, -2850, -2829, -2841,
      -2671, -2665, -2703, -2534, -2356, -2402, -2408, -2352, -2314,
      -2120, -1870, -1797, -1935, -1855, -1679, -1705, -1716, -1796,
      -1810, -1635, -1492, -1306, -1314, -1339, -1214, -1137, -1126,
      -1000,  -847,  -689,  -565,  -617,  -478,  -390,  -129,   118,
        231,   345,   574,   773,   747,   814,   630,   484,   461,
        398,   357,   261,   539,   897,  1236,  1318,  1481,  1600,
       1571,  1522,  1438,  1470,  1467,  1524,  1583,  1566,  1752,
       1979,  2051,  1914,  1900,  1802,  1679,  1794,  1855,  1922,
       2022,  2033,  1969,  1872,  1713,  1847,  1774,  1685,  1750,
       1717,  1767,  1623,  1679,  1788,  1545,  1409,  1540,  1538,
       1577,
      ... 412 more items
    ],
    Int16Array(512) [
      -1082, -1215, -1342, -1271, -1180, -1183,  -920,  -692,  -726,
       -792,  -989, -1194, -1248, -1164, -1058, -1024, -1076, -1195,
      -1285, -1463, -1450, -1282, -1196, -1028, -1071, -1119,  -998,
       -946,  -988,  -987, -1244, -1556, -1647, -1685, -1680, -1530,
      -1358, -1391, -1316, -1293, -1442, -1506, -1501, -1535, -1467,
      -1208, -1149,  -803,  -814, -1060, -1213, -1365, -1328, -1262,
       -989,  -832,  -759,  -742,  -843,  -882,  -857,  -664,  -587,
       -595,  -448,  -383,  -396,  -355,  -370,  -316,  -370,  -765,
       -697,  -457,  -414,  -382,  -427,  -490,  -424,  -232,  -104,
        -36,  -115,  -230,  -300,  -333,  -349,  -261,  -133,   -87,
       -101,    30,   -17,  -108,    68,   170,   218,    95,    28,
        -83,
      ... 412 more items
    ],
    Int16Array(512) [
       947,  913,  757, 571, 583,  664,  757,  857,  800,  494,  507,
       609,  702,  834, 862, 929,  876,  837,  837,  745,  663,  554,
       552,  591,  606, 569, 408,  247,  267,  367,  378,  440,  513,
       676,  676,  521, 408, 421,  467,  662,  669,  651,  636,  462,
       445,  468,  327, 241, 242,  307,  401,  374,  418,  433,  666,
       692,  592,  657, 662, 775,  689,  546,  435,  272,  201,  205,
       201,  288,  230, 310, 335,  304,  315,  348,  214,  207,  379,
       425,  515,  390, 326, 228,  150,   58,  113,   62, -172, -319,
      -412, -218, -216,   4, -67, -224, -317, -482, -374, -470, -218,
      -125,
      ... 412 more items
    ],
    Int16Array(512) [
       995,  958,   917,   828,   832,  742,  714,  761,  596,
       431,  438,   456,   358,   262,  236,  213,  276,  334,
       180,   42,    14,   -59,   -78,  -13,  -15, -299, -435,
      -515, -659,  -882, -1035, -1091, -977, -804, -811, -581,
      -419, -464,  -514,  -459,  -565, -634, -645, -637, -459,
      -500, -472,  -518,  -710,  -788, -789, -612, -479, -431,
      -565, -722,  -617,  -811,  -964, -976, -991, -898, -798,
      -731, -637,  -623,  -610,  -554, -615, -608, -965, -898,
      -756, -670,  -672,  -744,  -530, -439, -545, -606, -851,
      -974, -960, -1047, -1018, -1071, -923, -783, -772, -806,
      -792, -510,  -362,  -236,  -288, -466, -523, -783, -848,
      -876,
      ... 412 more items
    ],
    Int16Array(512) [
        815,   815,   849,   926,   987,   888,   845,   880,  1116,
       1334,  1503,  1622,  1564,  1529,  1479,  1429,  1408,  1528,
       1400,  1307,  1392,  1382,  1389,  1322,  1117,  1019,  1018,
        828,   772,   744,   785,   928,   982,   941,   826,   753,
        729,   632,   734,   876,   867,   556,   371,   216,    -9,
        -59,    52,   130,    96,   -67,  -212,  -264,  -201,   -98,
        -75,   -44,  -115,  -402,  -580,  -674,  -607,  -538,  -571,
       -734, -1064, -1094, -1071, -1020,  -896,  -869,  -985, -1055,
      -1208, -1361, -1318, -1214, -1139, -1255, -1491, -1560, -1550,
      -1577, -1588, -1756, -1681, -1664, -1825, -1887, -1947, -2056,
      -2063, -2050, -2209, -2200, -2171, -2121, -2016, -2055, -2126,
      -2228,
      ... 412 more items
    ],
    Int16Array(512) [
       1402, 1484, 1309,  1318,  1284,  1290,  1352,  1383,  1341,
       1363, 1480, 1490,  1538,  1399,  1315,  1254,  1236,  1199,
       1282, 1263, 1210,  1358,  1576,  1649,  1577,  1392,  1276,
       1219, 1175, 1149,  1144,  1204,  1210,  1160,  1223,   969,
        815,  737,  532,   745,   756,   940,  1181,  1090,   879,
        873,  899,  836,   889,   933,   894,   729,   644,   683,
        668,  610,  593,   554,   625,   604,   516,   478,   357,
         73, -156, -170,  -185,  -223,  -226,   -53,    41,   211,
        129,  180,  205,   218,    70,   -45,   -57,  -254,  -535,
       -469, -493, -574,  -740,  -941,  -885,  -841,  -866,  -904,
       -841, -858, -987, -1254, -1301, -1359, -1349, -1327, -1283,
      -1321,
      ... 412 more items
    ],
    Int16Array(512) [
      1018, 1164, 1162, 1184, 1347, 1524, 1621, 1575, 1344, 1373,
      1473, 1610, 1532, 1497, 1539, 1536, 1623, 1671, 1748, 1846,
      1825, 1830, 1851, 1891, 1825, 1896, 1977, 2075, 2166, 2116,
      2173, 2090, 2060, 2103, 2235, 2175, 2186, 2239, 2233, 2382,
      2358, 2493, 2609, 2568, 2670, 2608, 2582, 2645, 2787, 2918,
      3077, 3051, 3023, 3167, 3305, 3490, 3480, 3774, 3748, 3548,
      3565, 3378, 3424, 3414, 3469, 3516, 3529, 3453, 3512, 3531,
      3466, 3533, 3401, 3293, 3241, 3104, 3122, 3094, 3042, 2889,
      2659, 2397, 2114, 2004, 1949, 2026, 2043, 2128, 2021, 1823,
      1676, 1500, 1438, 1502, 1406, 1362, 1417, 1225, 1422, 1319,
      ... 412 more items
    ],
    Int16Array(512) [
      -1444, -1310, -1224, -1235, -1456, -1553, -1470, -1386, -1259,
      -1344, -1579, -1785, -1759, -1616, -1571, -1569, -1710, -1832,
      -1898, -1935, -1811, -1761, -1693, -1538, -1428, -1540, -1605,
      -1613, -1768, -1744, -1634, -1687, -1640, -1483, -1443, -1377,
      -1421, -1361, -1395, -1416, -1413, -1469, -1323, -1336, -1288,
      -1249, -1177, -1008,  -901,  -827,  -925,  -837,  -839,  -878,
       -876,  -780,  -717,  -748,  -712,  -654,  -713,  -652,  -689,
      -1047, -1011,  -845,  -614,  -412,  -247,  -137,  -407,  -320,
       -404,  -497,  -339,  -251,     1,    41,   224,   410,   490,
        627,   633,   757,   744,   945,  1222,  1358,  1445,  1473,
       1577,  1699,  1904,  2051,  2051,  2120,  2219,  2218,  2248,
       2365,
      ... 412 more items
    ],
    ... 55 more items
  ],
  recL: Int16Array(79360) [
    0, 0, 0, 0, 0, 0, 0, 0, 0, 0, 0, 0,
    0, 0, 0, 0, 0, 0, 0, 0, 0, 0, 0, 0,
    0, 0, 0, 0, 0, 0, 0, 0, 0, 0, 0, 0,
    0, 0, 0, 0, 0, 0, 0, 0, 0, 0, 0, 0,
    0, 0, 0, 0, 0, 0, 0, 0, 0, 0, 0, 0,
    0, 0, 0, 0, 0, 0, 0, 0, 0, 0, 0, 0,
    0, 0, 0, 0, 0, 0, 0, 0, 0, 0, 0, 0,
    0, 0, 0, 0, 0, 0, 0, 0, 0, 0, 0, 0,
    0, 0, 0, 0,
    ... 79260 more items
  ]
}
Unknown message from control worker: [object Object]
red child Received: [ 'start' ]
Voice assistant WebSocket server is running on ws://localhost:8000
recorder child Received: start
Received: {"payload":"*pong*","_msgid":"a81809ccbe1677ef"}
red parent Received:  started
control parent Received:  started
aaaaaaaaaaaaa
Control & Red init ok.
Main loop started.
recorder child Received: idle
keyword detected:  3
control parent Received:  record
recorder child Received: record
control parent Received:  {
  message: 'stt',
  recC: [
    Int16Array(512) [
      0, 0, 0, 0, 0, 0, 0, 0, 0, 0, 0, 0,
      0, 0, 0, 0, 0, 0, 0, 0, 0, 0, 0, 0,
      0, 0, 0, 0, 0, 0, 0, 0, 0, 0, 0, 0,
      0, 0, 0, 0, 0, 0, 0, 0, 0, 0, 0, 0,
      0, 0, 0, 0, 0, 0, 0, 0, 0, 0, 0, 0,
      0, 0, 0, 0, 0, 0, 0, 0, 0, 0, 0, 0,
      0, 0, 0, 0, 0, 0, 0, 0, 0, 0, 0, 0,
      0, 0, 0, 0, 0, 0, 0, 0, 0, 0, 0, 0,
      0, 0, 0, 0,
      ... 412 more items
    ],
    Int16Array(512) [
          0,     0,     0,    0,    0,    0,    0,     1,    -1,     2,
         -2,     3,    -4,    6,   -7,    9,  -10,    12,   -14,    16,
        -18,    21,   -23,   27,  -32,   47, -138, -1660, -1641, -1490,
      -1421, -1189, -1007, -608, -413, -350, -343,  -229,     3,   136,
        427,   587,   616,  609,  600,  674,  577,   418,   317,   409,
        617,   880,  1086, 1259, 1402, 1511, 1931,  2091,  2149,  2136,
       2056,  1964,  1978, 1979, 2046, 2426, 2742,  2930,  2868,  2714,
       2450,  2351,  2554, 2547, 2532, 2585, 2610,  2682,  2717,  2831,
       2811,  2878,  3007, 3085, 3087, 3140, 3202,  3264,  3214,  3015,
       3015,  2993,  2967, 2939, 2927, 3012, 3157,  3109,  3146,  3274,
      ... 412 more items
    ],
    Int16Array(512) [
       651,  651,  593,  578,  604,  526,  282,  275,  584,  909,
      1124, 1146, 1308, 1421, 1457, 1519, 1645, 1569, 1373, 1386,
      1378, 1614, 1697, 1732, 1830, 1937, 1819, 1683, 1542, 1603,
      1834, 2063, 2308, 2478, 2675, 2809, 2811, 2841, 2916, 2896,
      3197, 3170, 3167, 3175, 3139, 3259, 3199, 3261, 3331, 3401,
      3349, 3352, 3260, 3176, 3036, 3250, 3484, 3458, 3363, 3340,
      3318, 3164, 3095, 3153, 3118, 3242, 3288, 3294, 3289, 3349,
      3225, 3028, 2865, 2729, 2599, 2701, 2990, 3116, 3108, 3157,
      3136, 2948, 2816, 2605, 2622, 2657, 2573, 2334, 2415, 2610,
      2691, 2572, 2478, 2539, 2585, 2709, 2746, 2697, 2705, 2593,
      ... 412 more items
    ],
    Int16Array(512) [
       192,  413,  423,  393,  306,  276,  186,  168,  196,  136,
       -50, -125,  -46, -109,  -77, -106, -214, -272, -392, -219,
      -113, -128, -151, -208,  -57,   92,  143,   48,  111,   46,
        49,  -51, -109,  -52,  110,  182,   44, -120, -163, -175,
      -202, -235, -370, -376, -248, -306, -348, -331, -466, -481,
      -591, -636, -671, -536, -438, -414, -330, -457, -503, -360,
      -212, -105,  -22, -167, -212, -312, -381, -314, -201, -115,
      -175, -384, -372, -248, -203,  -67, -208, -378, -554, -420,
      -186,   60,   79,  120,   62,  -28,  -77, -216, -248, -374,
      -436, -471, -490, -535, -541, -352, -316, -288, -184,  -85,
      ... 412 more items
    ],
    Int16Array(512) [
       496,  614,  709,  757,  947,  952, 1081, 1306, 1140,  938,  827,
       748,  717,  747,  811,  843,  867,  870,  777,  872, 1121, 1255,
      1146,  934,  916, 1030,  977,  936,  964,  887,  881,  773,  652,
       537,  596,  789,  924,  823,  770,  614,  588,  565,  442,  469,
       424,  576,  766,  893, 1031,  986,  795,  677,  712,  671,  692,
       664,  845,  913,  740,  660,  473,  425,  354,  419,  542,  580,
       667,  928, 1153, 1268, 1251, 1074,  960,  834,  756,  789,  652,
       557,  521,  669,  759,  691,  765,  769,  870, 1025,  996, 1029,
      1210, 1187,  971,  840,  725,  654,  625,  289,  128,   95,  257,
       544,
      ... 412 more items
    ],
    Int16Array(512) [
       -901, -1012,  -970,  -885,  -801,  -555,  -443,  -414,  -440,
       -552,  -697,  -864, -1060, -1392, -1628, -1551, -1498, -1488,
      -1352, -1187,  -944,  -999, -1272, -1303, -1392, -1362, -1258,
      -1107, -1106, -1082, -1101, -1179, -1117, -1201, -1285, -1328,
      -1296, -1175, -1088, -1086,  -961, -1102, -1114, -1260, -1416,
      -1448, -1476, -1247, -1259, -1221, -1181, -1010, -1023,  -861,
       -763,  -783,  -691,  -591,  -534,  -681,  -666,  -694,  -616,
       -528,  -497,  -542,  -432,  -376,  -447,  -415,  -354,  -276,
       -358,  -271,  -301,  -468,  -494,  -383,  -386,  -351,  -232,
        -37,   -40,   -22,  -214,  -351,  -329,  -419,  -357,  -347,
       -447,  -395,  -273,  -149,  -123,  -140,  -179,  -359,  -265,
       -131,
      ... 412 more items
    ],
    Int16Array(512) [
       114,  176,  329, 424, 649, 733, 644, 687, 730,  703,  633,
       509,  447,  331,  79, -24, -25, 169, 378, 466,  620,  582,
       478,  453,  587, 572, 514, 393, 374, 380, 325,  555,  639,
       632,  664,  652, 609, 677, 656, 673, 818, 893,  815,  792,
      1102, 1148, 1072, 993, 975, 991, 993, 892, 880, 1095, 1221,
      1133,  970,  773, 665, 641, 510, 496, 366, 331,  145,  351,
       441,  323,  197, 175, 410, 541, 663, 494, 286,  281,  276,
       254,  242,  186, 210, 238, 317, 436, 459, 359,  149,   21,
       233,  419,  231, 105,  37,  89,  20, 149, 230,  171,  198,
       201,
      ... 412 more items
    ],
    Int16Array(512) [
      -507, -509, -547, -478, -260, -359, -554, -631, -518, -331, -334,
      -377, -586, -688, -774, -755, -741, -687, -517, -420, -312, -410,
      -546, -681, -607, -514, -455, -230, -131,  -49, -106, -124, -157,
      -203, -271, -284, -153, -103, -134, -246, -275,  -49,   20,   51,
      -132, -291, -395, -313, -333, -111,  149,  174,  194,  427,  558,
       362,  283,  284,  346,  336,  391,  334,  187,   71,  223,  240,
       264,  180,   74,  102,  347,  620,  627,  636,  658,  595,  539,
       335,  206,   81, -115, -109,   35,  243,  435,  547,  432,  198,
       195,  199,  -51, -152,  -85,  -53,  -13, -155, -237, -243, -197,
      -148,
      ... 412 more items
    ],
    Int16Array(512) [
      -521, -313, -313, -372, -404, -238,  -56,   19, -120, -143, -63,
       151,  208,  194,   82,  -25,  -20,   11,  -36,  -49, -115, -45,
       -80,  -86,   62,  150,  -56, -306, -292, -158,  102,  247, 255,
       286,  280,  312,  367,  311,  320,  270,  190,  173,  -27, -56,
         5,   34,  124,  168,  206,   91,  127,  103,  115,  139, 192,
       145,   92,  374,  482,  487,  576,  529,  354,  150,   77, 256,
       313,  338,  467,  550,  599,  476,  374,  378,  320,  434, 393,
       637,  800,  690,  638,  454,  515,  485,  609,  579,  571, 622,
       676,  744,  611,  399,  361,  299,  312,  380,  297,  149, -47,
       -94,
      ... 412 more items
    ],
    Int16Array(512) [
       266,  -23, -106, -203, -230, -165, -182, -242, -290, -244,
      -437, -484, -421, -373, -319, -529, -495, -514, -490, -608,
      -734, -722, -719, -464, -334, -247, -224, -251, -258, -292,
      -241, -344, -383, -381, -320, -108,   27,  -78, -181, -337,
      -433, -466, -574, -511, -522, -401, -192, -236, -288, -426,
      -543, -425, -289, -323, -428, -357, -325, -413, -534, -682,
      -733, -666, -606, -495, -416, -416, -494, -543, -481, -543,
      -642, -731, -827, -690, -714, -856, -796, -578, -398, -270,
      -400, -249,  -33,  192,  328,  411,  548,  446,  264,  172,
         2,   14,   43,  -18,  -90, -202, -185, -209,  -83,   90,
      ... 412 more items
    ],
    Int16Array(512) [
        861,   871,   613,   459,   210,    81,  -130,  -295,  -450,
       -501,  -584,  -792,  -783,  -799,  -658,  -739,  -844,  -964,
      -1061, -1109, -1296, -1373, -1479, -1344, -1249, -1383, -1546,
      -1650, -1696, -1760, -1900, -1916, -1778, -1558, -1477, -1537,
      -1459, -1523, -1576, -1512, -1410, -1400, -1309, -1266, -1285,
      -1314, -1446, -1608, -1723, -1632, -1758, -1809, -1727, -1636,
      -1605, -1624, -1427, -1488, -1479, -1526, -1567, -1480, -1421,
      -1457, -1507, -1392, -1417, -1409, -1504, -1565, -1583, -1554,
      -1505, -1648, -1831, -1886, -1831, -1795, -1781, -1815, -1664,
      -1618, -1644, -1690, -1692, -1575, -1476, -1393, -1168, -1108,
      -1064,  -874,  -812,  -698,  -618,  -682,  -807,  -738,  -594,
       -311,
      ... 412 more items
    ],
    Int16Array(512) [
      -1007, -1002, -1118, -1108, -966, -907, -938, -805, -821, -502,
       -494,  -533,  -414,  -191, -182, -328, -281, -267, -258, -285,
       -380,  -413,  -383,  -206, -239, -202, -217, -390, -658, -570,
       -426,  -409,  -365,  -386, -265, -270, -124,   88,  211,  278,
        224,   177,    -7,   -38,  178,  162,  172,  185,  296,  475,
        438,   122,  -103,  -260,  -24,  145,  275,  357,  267,  216,
        105,   180,   217,   284,  441,  538,  559,  607,  594,  444,
        401,   340,   376,   483,  412,  234,   74,  -95,  -39,   42,
         77,   -26,   -49,    39,   20,  -54, -196,  -67, -124, -141,
       -230,  -317,  -216,  -219, -398, -429, -289, -165, -141, -263,
      ... 412 more items
    ],
    Int16Array(512) [
        53,  304,  456,  490,  640,  602,  512,  437,  402,  369,  454,
       446,  530,  435,  208,   42,  -95,  -84,  -44, -128, -324, -238,
       -39,   62,  186,  235,  242,  282,  431,  403,  272,  162,   97,
        11,   33,   37, -231, -257, -300, -235, -126, -102,  -51,  -89,
      -106, -139, -158, -162, -164,  -52,   99,   48,   77,  207,  214,
        86,   -3,  -39, -222, -166, -137, -143,  124,  164,   60,  -45,
      -133, -174, -196, -190, -383, -533, -604, -453, -318, -346, -298,
      -107,  -62, -240, -421, -429, -309, -410, -409, -418, -313, -466,
      -556, -648, -838, -883, -800, -619, -364, -105,  135,  274,  198,
       -83,
      ... 412 more items
    ],
    Int16Array(512) [
      1013, 1052,  977, 1061, 1392, 1534, 1515, 1471, 1249, 1134, 1193,
      1176, 1105, 1181, 1350, 1398, 1321, 1287, 1340, 1497, 1751, 1688,
      1658, 1717, 1608, 1440,  862,  644,  696,  709,  753,  782,  833,
       823,  672,  585,  479,  455,  537,  676,  923,  891,  842,  659,
       497,  448,  193,  199,   91,  117,  233,  359,  535,  670,  571,
       436,  248,  284,  243,   87,  175,   90,  109,  217,  337,  423,
       375,  265,  241,  123,   17,   17,  150,  268,  312,  235,  239,
       -49, -357, -562, -648, -672, -718, -677, -589, -321, -289, -403,
      -330, -196, -379, -597, -607, -675, -814, -741, -680, -455, -252,
      -201,
      ... 412 more items
    ],
    Int16Array(512) [
       -266, -451, -530, -509, -375, -311, -316, -411, -581,
       -626, -464, -358, -372, -352, -372, -619, -730, -839,
       -874, -778, -798, -654, -595, -564, -538, -703, -841,
      -1025, -963, -848, -886, -887, -984, -944, -824, -778,
       -686, -527, -282, -202,  -65, -132, -461, -635, -675,
       -664, -604, -543, -592, -515, -504, -342, -329, -363,
       -270, -255, -303, -288, -252, -354, -424, -591, -738,
       -599, -319, -152, -183, -256, -360, -500, -540, -473,
       -583, -543, -612, -637, -521, -553, -669, -642, -746,
       -710, -486, -377, -250, -263, -292, -347, -386, -314,
       -394, -432, -524, -561, -738, -838, -642, -499, -415,
       -304,
      ... 412 more items
    ],
    Int16Array(512) [
      355, 222, 136,  63,  86, 115, 182, 309, 396, 424, 479, 496,
      432, 196, 309, 405, 408, 631, 753, 737, 515, 248, 149, 330,
      317, 445, 349, 363, 456, 334, 360, 116, 212, 589, 715, 845,
      935, 855, 784, 770, 731, 662, 773, 643, 504, 585, 631, 760,
      739, 729, 677, 684, 836, 722, 642, 546, 486, 641, 721, 619,
      668, 635, 610, 671, 621, 606, 696, 734, 806, 819, 631, 668,
      467, 499, 536, 552, 619, 672, 675, 518, 416, 331, 417, 585,
      731, 546, 363, 223, 199, 379, 330, 329, 418, 456, 536, 486,
      412, 289, 365, 499,
      ... 412 more items
    ],
    Int16Array(512) [
       -53,   16,   59,  114, 246, 231, -26, -182, -128,   33,   40,
        18,  140,  276,  292, 317, 363, 276,  428,  373,  328,  572,
       424,  312,  322,  269, 156, -50, -75, -138,  -97,   61,  223,
       236,  283,  176,  235, 183, 115,  59,  -95, -145, -101,   30,
        -2,  -56, -173, -158, -82,  22,   6, -148, -259, -238, -236,
      -211, -164,  -85,   45,  17, -39,  -9,  -76, -108,   97,  161,
       164,  167,   49,    8, -53, 189, 341,  465,  522,  493,  664,
       774,  771,  729,  658, 501, 520, 556,  483,  425,  196,  122,
       188,  132,  119,  273, 488, 676, 814,  662,  791,  931,  868,
       744,
      ... 412 more items
    ],
    Int16Array(512) [
       376,  464,  475,  561,  668, 687, 694,  480,  537,  500,  476,
       475,  405,  400,  348,  371, 451, 367,  298,  280,  400,  684,
       624,  668,  615,  452,  361, 438, 494,  455,  265,  122,   74,
        51,  122,  260,  337,  253, 190, 189,  109,  241,  253,  151,
       141,  130,  161,  104,  -12, -80,  44,  190,  286,  464,  462,
       390,  312,  246,  337,  211, 242,  98,  -30,  -17, -164, -130,
       -74,   11,  -11,   75,   51,  55, -72, -141, -217, -288,  -93,
       -84, -216, -354, -267, -148, -85, -33, -106, -389, -610, -417,
      -241,   53,  165,  130,   50,  20,   4, -154, -182, -199, -165,
      -149,
      ... 412 more items
    ],
    Int16Array(512) [
      289, 370, 351, 327, 365,  299,  282,  459,  404, 520, 506,
      170, 170,   0, -67, 124,  348,  430,  426,  423, 313, 345,
      364, 437, 352, 481, 491,  539,  845,  943, 1001, 837, 665,
      668, 648, 847, 939, 931, 1135, 1104, 1022,  981, 922, 767,
      771, 740, 809, 701, 688,  658,  676,  665,  530, 464, 484,
      546, 472, 519, 482, 355,  324,  356,  443,  594, 556, 518,
      487, 273,  36,  29,  97,   72,  -61,  -67,   20,   8, 139,
      177, 323, 364, 343, 269,  320,  425,  224,   85, -29, -60,
       46, 125,  19, -12,  13,   28,    7,   24,   -5,  82, 199,
      163,
      ... 412 more items
    ],
    Int16Array(512) [
       -881, -1040, -958, -845, -877, -957, -927, -902, -803, -877,
      -1026, -1002, -983, -789, -719, -701, -622, -534, -176,  -22,
        194,   272,  274,  139, -148, -225, -264, -327, -272, -169,
        -66,  -167, -234, -181, -158,  -70,  -44, -155, -392, -232,
        -30,   121,  153,   86,  -41, -136, -282, -291, -272, -242,
       -103,   -67,  -86,  -98,  120,  332,  338,  414,  382,  561,
        539,   497,  407,  143,  151,  268,  384,  250,  130,   82,
        111,    97,   87,  -21,  -54, -175, -110,   -6,  -58,   38,
         78,   -54, -156,  -75,  -27,   45,  -90, -265, -406, -373,
       -337,  -404, -285, -247, -249, -272, -392, -436, -581, -541,
      ... 412 more items
    ],
    Int16Array(512) [
      -402, -452, -429, -383, -472, -589, -673, -474, -450, -450, -424,
      -391, -156, -119, -232, -320, -339, -216, -211, -146, -139, -216,
      -268, -355, -341, -198, -223, -336, -259, -432, -653, -771, -639,
      -581, -483, -436, -308, -175,  -82, -107, -202, -254, -315, -336,
      -261, -161,  -41,  131,  312,  366,  391,  510,  464,  460,  493,
       349,  362,  512,  489,  382,  151,   -7,  -25,  -66,   -4,  153,
       383,  438,  261,  294,  319,  148,    0,  -87, -210, -179,  -40,
        68,  118,  114,  194,  380,  473,  461,  183,  -27, -196, -227,
      -238, -123, -216, -355, -238, -167,    0,  253,  359,  266,  256,
       325,
      ... 412 more items
    ],
    Int16Array(512) [
      -208, -134, -125, -356, -377, -304, -343, -334, -277, -148,    4,
      -103, -352, -393, -336, -345, -276,  -90, -183, -173, -182, -221,
      -179, -299,  -87,  -53, -185, -348, -433, -391, -287, -296, -326,
      -304, -307, -267, -154, -117, -145, -189, -194, -253, -100,   37,
        22,  -77, -122, -200, -338, -449, -418, -156, -147,   62,  183,
       183,   -5, -200,  -99,   82,  280,  230,  117,  160,   92,   96,
        93,    5,    2,   -2,    5,   39,  248,  485,  570,  400,  432,
       364,  253,  318,  370,  463,  554,  668,  573,  603,  609,  440,
       432,  565,  787,  719,  700,  586,  566,  685,  706,  899,  927,
       875,
      ... 412 more items
    ],
    Int16Array(512) [
       -475,  -428, -400, -394, -356,  -386,  -468,  -510,  -483,
       -648,  -606, -592, -643, -605,  -688,  -903, -1147, -1238,
      -1180, -1103, -998, -924, -778,  -774,  -690,  -641,  -520,
       -626,  -595, -480, -457, -392,  -481,  -554,  -601,  -595,
       -473,  -372, -444, -615, -785,  -926, -1048, -1167, -1047,
       -876,  -580, -360, -310, -226,  -325,  -409,  -501,  -491,
       -429,  -486, -445, -304, -344,  -361,  -435,  -585,  -620,
       -598,  -600, -673, -679, -715,  -524,  -461,  -459,  -427,
       -386,  -320, -265, -252, -166,  -119,   -60,   -74,  -115,
       -251,  -300, -249,  -99,  -82,    48,   175,    80,   366,
        118,   677,  -17, 2353,  885, -3441,  1184,  2790, -1487,
       -606,
      ... 412 more items
    ],
    Int16Array(512) [
      -277, -232, -185, -201, -154,  -27,  108,  165,   16,  -64,
       -89, -116,   15,   80,  -71, -388, -469, -294, -213, -294,
      -357, -395, -433, -389, -446, -408, -399, -399, -200, -150,
      -162, -104, -124, -241, -245, -142, -206, -166, -220, -308,
      -372, -229, -214, -436, -479, -457, -481, -498, -526, -508,
      -622, -499, -491, -289, -391, -543, -402, -358, -353, -583,
      -546, -532, -475, -456, -390, -468, -394, -423, -539, -570,
      -420, -385, -438, -275, -308, -266, -233, -168,  -75,    7,
        89,    0,  -98,   87,  214,  287,  419,  422,  221,   89,
       191,  192,  195,  284,  314,  554,  572,  410,   73,  -79,
      ... 412 more items
    ],
    Int16Array(512) [
       750,  834,  795,  573,  363,  286,   87,  123,  346,  412,  383,
       281,  363,  375,  298,  250,  182,  223,  446,  544,  423,  379,
       219,  183,  108,  108,  187,   97,   39,    2,  251,  268,   99,
         0,   83,  193,  234,  196,  104,   69,  120,  175,   71,  -66,
      -188, -220,  102,  393,  545,  554,  386,  307,  193,  166,   70,
       123,  100,   79,  116,   62,  -64, -136,  -59,  -68, -126,  -53,
       -59,    9,  -46,  -91, -176, -196, -195, -150,  -22, -207, -407,
      -567, -566, -658, -604, -595, -535, -318, -275, -361, -445, -521,
      -404, -438, -358, -349, -330, -174, -216, -222,  -13,   36,  118,
       294,
      ... 412 more items
    ],
    Int16Array(512) [
         3,   28,   75,  104,   43,   60,  169,  153,   43,   75,
       291,  244,  296,  611,  513,  287,   95,  -96, -117, -238,
      -379, -381, -285, -250, -311, -289, -361, -534, -624, -589,
      -547, -471, -349, -462, -529, -355, -388, -487, -557, -593,
      -595, -310, -122,  -98, -201, -422, -393, -390, -279, -278,
      -469, -496, -423, -361, -324, -342, -370, -366, -182, -214,
      -277, -217, -362, -255,  -91,  -66, -187, -232, -363, -508,
      -614, -688, -678, -615, -590, -557, -336, -234, -236, -278,
      -321, -418, -402, -401, -412, -378, -276, -148, -240, -296,
      -321, -319, -482, -656, -621, -553, -365, -403, -559, -568,
      ... 412 more items
    ],
    Int16Array(512) [
       314, 332, 375, 341, 346, 346, 502, 666, 602, 453, 582,  588,
       651, 737, 768, 685, 576, 363, 379, 353, 108, 193, 167,  218,
       221, 295, 318, 291, 260, 326, 376, 491, 631, 748, 739,  541,
       304, 230, 211,  45, 221, 249, 193,  24, -23, -35,  49,  165,
         9, -15, -27,  94, 280, 187, 105,  75, 111, -45, -69,   -5,
        45,  74, 127, 301, 369, 538, 605, 688, 687, 580, 490,  331,
       240, 126,  14,  89,  20,  74,  62,  58,  85,  35, -37, -159,
      -107,  38, 271, 284, 277, 375, 395, 185,  69,  37, -86, -163,
       -51,  92, 335, 433,
      ... 412 more items
    ],
    Int16Array(512) [
      1428, 1548, 1635, 1628, 1597, 1668, 1611, 1534, 1188,  743,  676,
       801, 1052, 1240, 1310, 1297, 1283, 1320, 1418, 1469, 1405, 1304,
      1167, 1142,  983,  894,  874,  786,  832,  680,  585,  608,  419,
       403,  512,  742,  960, 1125, 1026,  896,  760,  547,  510,  407,
       328,  295,  421,  546,  550,  564,  503,  585,  393,  310,  246,
        68, -144, -175,  117,  217,  443,  540,  427,  465,  448,  338,
       244,  -28, -104,  -98, -128, -111, -215, -385, -600, -761, -684,
      -455, -148,   59,  121,  191,  333,  198, -125, -192, -209, -127,
      -254, -474, -592, -738, -787, -705, -589, -504, -474, -466, -448,
      -385,
      ... 412 more items
    ],
    Int16Array(512) [
       973,  929,  850,  818,  658,  503,  506,  439,  519,  503,  529,
       420,  302,  472,  430,  200,    1, -147,  -43,   78,   49,   15,
        52,   62,   12,   21,   89,   32,   10,  -34,  -89, -158,  -55,
        -7,  -21, -116,    5,   11,  168,  266,  349,  513,  574,  555,
       251,    7,  -31,  -17, -107, -218, -427, -355, -484, -361, -153,
      -113, -130, -136,  -33, -134,  -50,    6,  -31, -112, -132, -152,
      -224, -143,   -5,   41,  291,  319,  406,  313,  256,   74,  -66,
       180,  331,  269, -106, -214, -223, -153,   30,  191,  250,  193,
       118,   88,  170,  167,   97,  -10,  -71,  -59,   80,  295,  448,
       546,
      ... 412 more items
    ],
    Int16Array(512) [
      213, 154,  73,  76,  151,  52, 169, 105, 275,  357,  390,
      472, 367, 412, 504,  522, 474, 494, 357, 348,  358,  161,
       72,  25,  20, 145,  216,  60,  -2, 191, 377,  410,  382,
      207,  97, 164,  90,   45, 144, 397, 572, 619,  607,  644,
      574, 567, 645, 578,  702, 757, 660, 498, 308,  272,  272,
      450, 556, 514, 419,  466, 457, 323, 213,   6,  -27,   56,
       93,  84, 104, -86, -137,  14,  57,  -8, -91, -186, -189,
       -7, 122, 195, 242,  330, 548, 612, 517, 428,  260,  234,
      244, 446, 687, 796,  910, 710, 568, 225, 101,  133,  243,
      384,
      ... 412 more items
    ],
    Int16Array(512) [
       239,  234,  206,   93,   46, -72, -100, -173,  -44,  102,  350,
       452,  475,  656,  687,  529, 289,   79,  -10,  131,  236,  420,
       573,  635,  541,  281,  169, 103,  110,  102,  172,  279,  357,
       279,  287,  359,  387,  343, 340,  288,  341,  357,  633,  733,
       472,  348,  204,  350,  446, 462,  512,  456,  351,  335,  329,
       506,  458,  292,  195,   67,  14,    6,   29,   10,  -15,  -98,
      -100, -202, -197, -140, -144, -66,  -59, -157, -166, -184, -158,
       -66,  152,  286,  237,  348, 406,  338,  306,  300,  246,  256,
       289,  337,  384,  251,  147,  98,   65,  331,  394,  366,  352,
       285,
      ... 412 more items
    ],
    Int16Array(512) [
      -1451, -1512, -1388, -1113, -861, -655, -405, -411, -600, -834,
       -862,  -830,  -714,  -492, -344, -170, -129,  -87,  -70,  -38,
        122,   283,   201,   264,  186,   58,  138,  234,  199,  100,
         29,    -7,   104,   207,  393,  415,  454,  520,  705,  758,
        765,   806,   870,   949,  952,  767,  624,  541,  528,  652,
        782,   769,   739,   659,  782,  940, 1164, 1299, 1210, 1200,
       1000,   933,   895,   890,  793,  780,  783,  806,  701,  752,
        758,   828,  1020,  1191, 1313, 1165, 1183, 1239, 1290, 1416,
       1481,  1503,  1387,  1333, 1286, 1172, 1140, 1062, 1074, 1104,
       1162,  1087,  1112,  1138, 1103,  939,  703,  532,  536,  698,
      ... 412 more items
    ],
    Int16Array(512) [
      -266, -296, -388, -430, -507, -370, -408, -495, -530, -545, -513,
      -488, -538, -472, -415, -410, -293, -206, -243, -248, -200, -110,
        82,   38, -126, -276, -365, -444, -487, -491, -473, -347, -298,
      -298, -371, -315, -331, -330, -334, -274,  -77,   66,  159,   50,
      -117, -323, -373, -377, -365, -384, -270, -154,  -91,   68,  161,
       247,  254,   94,   97,  235,   40,    7,  -84,  -87,    1,   16,
       207,  169,  128,   -5,  -46,  -33,  -14,   18,  -59,   17,   88,
       165,   22, -194, -271, -305, -234,  -91,  115,  300,  415,  253,
        -5, -134, -241, -356, -441, -523, -520, -552, -487, -485, -601,
      -603,
      ... 412 more items
    ],
    Int16Array(512) [
       -608,  -622,  -687,  -717,  -993, -1109, -1158, -1091,  -931,
       -904, -1070, -1087, -1059, -1119, -1194, -1246, -1175, -1249,
      -1272, -1135, -1093,  -927,  -890,  -793,  -851,  -918,  -951,
       -896, -1010, -1120, -1125, -1208, -1179, -1317, -1285, -1339,
      -1372, -1329, -1282, -1163, -1131, -1295, -1364, -1210, -1231,
      -1204, -1193, -1062, -1042, -1048, -1072, -1144, -1018,  -936,
       -773,  -715,  -791,  -805,  -792,  -824, -1039, -1096,  -974,
       -884,  -851,  -827,  -786,  -739,  -651,  -754,  -774,  -777,
       -735,  -672,  -579,  -435,  -416,  -193,  -128,     5,   -76,
       -174,  -208,  -351,  -265,  -209,  -182,  -183,  -271,  -281,
       -284,  -230,  -271,  -441,  -413,  -366,  -268,   -95,    46,
        314,
      ... 412 more items
    ],
    Int16Array(512) [
      -309, -208, -161, -218, -112,  -78,   -6,  -42, -109, -107,  -20,
       100,   46, -105, -271, -386, -482, -643, -661, -719, -672, -658,
      -544, -364, -180,  -15,  147,   64,  -67, -148, -206, -186,  -95,
      -145, -137,  -79, -157, -104, -178, -310, -345, -273, -320, -341,
      -431, -241,    0,  114,  275,  165,   75, -121, -369, -538, -550,
      -574, -444, -354, -397, -276, -216,  -82,  -79,   81,  125,  211,
       246,  151,  127, -106,  -24,  -85, -136, -102, -175,  -29,  212,
       256,  294,  193,  211,  173,  115,   93,  -72, -175, -292, -264,
       -65,   81,   19,  108,  169,  236,  283,  230,  154,  161,  261,
       458,
      ... 412 more items
    ],
    Int16Array(512) [
      -124, -222, -239, -270, -394, -284, -170, -112, -160, -183,
       -85, -258, -239, -351, -349, -204, -326, -396, -507, -564,
      -544, -494, -523, -546, -431, -450, -449, -336, -253, -293,
      -366, -196, -313, -461, -426, -577, -565, -732, -732, -673,
      -657, -733, -630, -557, -652, -582, -464, -626, -711, -731,
      -733, -733, -801, -779, -704, -375, -210,  -41,  -73,   75,
         3, -111, -182, -245, -173,   88,  102,   17,  -21, -105,
      -282, -265, -311, -267, -169, -126,  -72,    0, -110, -367,
      -561, -572, -405, -384, -328, -432, -510, -569, -480, -344,
       -77,   -5,  -84,   75,  172,   79,   24,  -41,  -28, -107,
      ... 412 more items
    ],
    Int16Array(512) [
       342,  236,   80, -102, -110, -127, -140, -244, -205, -236, -121,
        14,   83,   97,  -72, -245, -102,   26,    3,   46,   72,  -85,
      -194, -137,  -74,   35,  223,  238,  120,  150,  227,  119,   79,
       -56, -386, -347, -275, -152, -161, -209, -214,  -93,   -8,   44,
         0,  -61,  -64, -234, -477, -394, -388, -401, -443, -452, -351,
      -285, -239, -354, -391, -274, -269, -269, -164,   -8,   36,   69,
        67, -196, -516, -688, -827, -796, -625, -423, -140,   30,   67,
      -151, -288, -460, -647, -666, -602, -566, -771, -834, -776, -709,
      -645, -701, -634, -630, -666, -636, -475, -255, -171, -107, -147,
      -335,
      ... 412 more items
    ],
    Int16Array(512) [
      -137,  -99,  -50,   73,    0,  -56,  -56, -129, -245, -174,
      -180, -181, -198, -227, -210, -119,   41,    0,   -4,   71,
       307,  308,  306,  218,  129,  -94, -226, -339, -418, -403,
      -256, -117,  -84,  -92,  -93, -151, -328, -497, -538, -517,
      -477, -562, -663, -497, -353, -360, -358, -312, -262, -256,
      -156, -222, -268, -256, -242,  -84, -158, -239, -404, -423,
      -247, -258, -219, -228, -264, -403, -390, -145,   16,   88,
       138,  100,  -40, -139,  -28,   62, -180, -327, -249, -276,
      -387, -559, -623, -605, -549, -528, -567, -422, -365, -429,
      -280, -212, -422, -534, -496, -420, -407, -458, -413, -476,
      ... 412 more items
    ],
    Int16Array(512) [
      -217, -445, -425, -275,  -90,   54,   91,   23,    1,   63,   -1,
       -54, -121,  -32,   96,   93,   -8,    0,   66,  132,  149,  171,
       198,  235,  218,  263,  507,  496,  459,  243,  278,  363,  281,
       338,  437,  533,  528,  492,  378,  313,  283,  546,  760,  761,
       536,  236,  150,  197,  217,  389,  418,  368,  227,   67,  -88,
      -175, -188, -174, -180, -296, -481, -368, -109,  -92,   -4,   67,
       202,  286,  302,  231,   93,   92,   25,  152,  175,  243,  142,
       -25, -201, -188,  -62,   64,   61,  -19,   97,   97,  166,  112,
       146,  239,  209,  166,  117,   17, -143, -158, -246, -199, -225,
      -337,
      ... 412 more items
    ],
    Int16Array(512) [
       -88,   85,  360,  524,  519,  513,  515,  428,  469,  433,  382,
       410,  286,   26, -147, -258, -206, -101,  -96,  -74,   10,   30,
        65,   10,  -84, -341, -386, -223,   -8,  102,   86,  221,  157,
        22,  103,  165,   57,   83,   26,   37,   48,   64,  143,    0,
       -18,  -30,  138,  245,  332,  483,  464,  222,   56,   60,  120,
        28,   79,  179,  120,   64,  -84,  -76, -124, -143, -241, -343,
      -249, -167, -133, -164, -115, -172, -268, -231, -166,   17,  -74,
      -208, -211, -157, -135, -216, -348, -417, -327, -203, -194, -249,
      -225, -400, -447, -385, -524, -509, -521, -353, -297, -299, -295,
      -361,
      ... 412 more items
    ],
    Int16Array(512) [
       191,  183,  162,  82,   42,   80,  194,  240,  186,  248,  252,
       330,  358,  426, 488,  432,  518,  385,  155,    4,   65,  150,
       232,  259,  201, 136,  102,  187,  270,  450,  449,  371,  473,
       536,  400,  260,  96, -195, -135, -141, -127, -160,  -60,  -25,
       -38,  -47,  -45, 114,  -62, -236, -360, -250, -180, -293, -364,
      -228, -163, -100, -62,   44,  129,  110,  173,  241,  420,  467,
       411,  334,  395, 182,  -49, -129, -208,  -64,  -18,  -67,  -63,
        64,  -10,    0, 139,  256,  284,  364,  332,  223,  265,  283,
       352,  511,  555, 577,  527,  559,  529,  628,  799,  824,  772,
       696,
      ... 412 more items
    ],
    Int16Array(512) [
       -91,  -34,    5,  179,   81,  151,  215,  224,  213,  217,  188,
        97,  107, -107,  -77, -160, -162, -203, -142, -190,  -56,   30,
       116,   78,  140,  237,  268,  247,   94,   -1, -140, -166, -131,
      -158, -428, -429, -309, -265, -127,  -56,  -12,   77,   57, -189,
      -270, -299, -294, -234, -224, -247, -304, -299, -196,  -85,   17,
       -46, -139, -146, -339, -335, -401, -442, -301, -170, -206, -183,
      -190, -218, -161,  -99, -151, -237, -272, -304, -352, -475, -453,
      -376, -295, -318, -426, -382, -222,  -32,  109,  167,  251,  159,
        28,    8,   17,    6,   94,   77,  -55,   26,  172,  219,   86,
      -117,
      ... 412 more items
    ],
    Int16Array(512) [
      -368, -442, -382, -167,   43,  124,   -3,    4,   25,   53,   70,
       109,  100,   86,  178,  132,   70,   65,  315,  349,  203,  253,
       275,  225,  122,   88,  -75, -166, -257, -234, -119,   37,  216,
       191,  151,  112,  -23,  -71,  -62,  -13,   99,  123,   48,   38,
       -76, -284, -413, -500, -535, -514, -363, -360, -301, -299, -235,
       -75,  -56, -304, -455, -365, -127,  -16,  140,  272,  179,  206,
        79,  -46,   21,  176,  117, -106, -200,  -53,  -32,  219,   76,
        -9,   95,   61,   34,  -46, -133, -191,  -95,  -42,   -6,   75,
        97,  136,  180,  253,  117,   -7,  -96, -336, -329, -191,  -87,
      -180,
      ... 412 more items
    ],
    Int16Array(512) [
        97,  -14,   23,  78,   42,  -34,  -17,  -3, -75, -171, -41,
       113,  280,  278, 307,  140,  -45, -108, 100,  92,  147, 219,
       259,  255,  161, 342,  593,  624,  486, 297, 228,  214, 244,
       257,  357,  441, 466,  488,  560,  597, 512, 462,  492, 595,
       413,  387,  309, 215,  172,   60,   46,  31,  66,  114, 254,
       277,  321,  278, 427,  479,  409,  219, -52, -82,  -16, -91,
      -131,  -46,   12, 125,  125,  172,  107,  23, -47,    9, -13,
       -96, -151, -172, -25, -137, -118,    5, 123, 165,  143, 125,
       254,  208,  179, 291,  239,  110,   28,   3,  84,  100,  61,
       -76,
      ... 412 more items
    ],
    Int16Array(512) [
       -355,  -356,  -457,  -578,  -544,  -465,  -412,  -531,  -602,
       -708,  -807,  -737,  -579,  -411,  -219,  -154,  -457,  -670,
       -854,  -965,  -945,  -805,  -729,  -707,  -626,  -733,  -712,
       -608,  -582,  -686,  -620,  -646,  -622,  -458,  -490,  -329,
       -313,  -288,  -219,  -153,  -252,  -342,  -642,  -840,  -733,
       -742,  -702,  -860,  -842,  -636,  -589,  -686,  -711,  -787,
       -757,  -840,  -926,  -868,  -949,  -934,  -930,  -925,  -936,
      -1081, -1081, -1152, -1067, -1154, -1131, -1220, -1257, -1228,
      -1128,  -942,  -972,  -888,  -692,  -795,  -750,  -712,  -896,
      -1000, -1192, -1174, -1061,  -852, -1047, -1265, -1321, -1309,
      -1281, -1244, -1139, -1077,  -960,  -933,  -795,  -811,  -873,
       -866,
      ... 412 more items
    ],
    Int16Array(512) [
       728,  670,  594,  581,  597,  692,  966, 1014, 897,  764,  747,
       973, 1052, 1035, 1036,  927,  684,  549,  508, 559,  604,  598,
       439,  533,  613,  653,  566,  391,  510,  564, 784,  847,  884,
       912,  989, 1023, 1027, 1113,  974,  744,  691, 648,  683,  718,
       697,  577,  415,  364,  510,  737,  789,  659, 533,  643,  595,
       498,  387,  469,  517,  601,  814,  867,  987, 935,  591,  520,
       380,  293,  411,  481,  568,  680,  688,  644, 668,  635,  623,
       570,  615,  807, 1009,  934,  578,  363,  300, 287,  236,  152,
       293,  370,  298,  340,   94, -101, -102, -161, -96, -231, -271,
      -154,
      ... 412 more items
    ],
    Int16Array(512) [
      767,  815,  904,  782,  722, 710,  679,  614,  547,  563,  533,
      557,  395,  178,  233,  465, 630,  683,  756,  758,  754,  883,
      808,  901,  918,  882,  975, 986, 1064, 1082, 1143, 1148, 1039,
      840,  910,  999,  987,  938, 843,  869,  894, 1004,  773,  687,
      647,  553,  410,  385,  355, 271,  415,  576,  694,  657,  624,
      434,  350,  452,  681, 1013, 970,  845,  819,  821, 1002,  894,
      888, 1164, 1258, 1223,  998, 959, 1011, 1105, 1064, 1089,  965,
      631,  584,  494,  594,  725, 839,  817,  692,  630,  626,  566,
      423,  469,  428,  511,  377, 322,  401,  499,  606,  761,  922,
      874,
      ... 412 more items
    ],
    Int16Array(512) [
       -49,  -73,  125,  292,  395,  577,  533,  388,  257,   93,  176,
       240,   83,  110,  170,  102,  248,  515,  556,  376,   75,  -51,
      -162, -162,  -35,   -7,   18,  160,  161,   55,  133,   13, -194,
      -171, -132,    3,  155,  195,  198,   69, -220, -397, -513, -586,
      -527, -361,  -76,  180,  146,   88,   54,  -59, -301, -447, -412,
      -354, -255, -244,   35,  -56, -142, -280, -373, -125, -169, -105,
         9,  100,    1,  -91, -142, -273, -256, -417, -564, -543, -373,
      -296, -228, -338, -563, -420, -334, -275, -270, -211, -286, -214,
       -46,   57,   60,   13,  -58, -184, -208, -270, -323, -397, -479,
      -629,
      ... 412 more items
    ],
    Int16Array(512) [
        15, -181, -243, -296, -237,  -74,  105,  144,  207,  400,  255,
       170,   53,  -68, -130,  -92,  159,  157,    0,  -32,  -90,  -75,
       -84, -146, -104,  -61,  -42,    3,   91,  257,  238,  165,  310,
       304,   58,   15, -140, -188,  -85,   -5,   60,  -98, -127,   51,
        15, -283, -437, -400, -510, -673, -683, -511, -261, -150, -225,
      -459, -451, -149,  -82,  -98, -186, -272, -174, -183, -308, -280,
      -440, -455, -320, -268, -110,   63,   93,  148,  125,   -8,   53,
       201,  344,  437,  508,  419,  379,  412,  412,  584,  514,  447,
       424,  481,  314,  198,  226,  178,   99,   73,  171,  254,  217,
       -36,
      ... 412 more items
    ],
    Int16Array(512) [
       709,  656,  400,  253,   68,  -70, -111,  -29,   69,  -17,
       -70,  -80, -268, -507, -395, -394, -302, -197,   32,  220,
       327,  356,  251,   98,  154,  335,  409,  560,  742,  512,
       173,  -45, -233, -397, -368, -333, -325, -315, -344, -360,
      -326, -287, -382, -305, -231, -209, -175, -253, -238, -163,
       -60, -122, -126, -116, -159, -188,  -17,  186,   43,  -39,
      -183, -337, -374, -474, -545, -614, -377, -232, -335, -396,
      -282, -237, -357, -389, -371, -317, -377, -620, -661, -735,
      -707, -734, -688, -560, -583, -681, -713, -503, -374, -377,
      -673, -688, -632, -672, -676, -771, -672, -544, -502, -424,
      ... 412 more items
    ],
    Int16Array(512) [
      -129, -117, -300, -532, -416, -446, -372, -257, -256, -284, -318,
      -299, -198, -179, -169, -318, -484, -362, -254, -120, -136, -297,
      -332, -420, -341, -423, -415, -403, -367, -424, -598, -624, -865,
      -841, -733, -561, -473, -542, -490, -470, -403, -226, -129,  -61,
      -127,  -52,   24,  120,  212,  223,  240,  179,  186,  125,  227,
       369,  376,  368,  430,  385,  470,  425,  419,  282,  133,   63,
        92,  160,  108,  115,   84,  219,  238,  231,   96,  151,  342,
       252,  163,  218,  218,  337,  201,  324,  521,  511,  502,  326,
       314,  279,  333,  288,  342,  365,  374,  491,  487,  608,  583,
       504,
      ... 412 more items
    ],
    Int16Array(512) [
      -502, -486, -386, -424, -408, -341, -397, -606, -849, -896,
      -658, -528, -400, -334, -364, -458, -464, -472, -485, -375,
      -403, -486, -535, -603, -735, -707, -613, -509, -271, -156,
      -281, -329, -345, -219, -257, -321, -315, -289, -268, -301,
      -142, -174,  -45,  -28,  -29,  -23,  -24,   74,   42,  262,
       222,  214,  133,   68,  -74,  -58,  100,  140,  254,   27,
       -28,  106,  226,  204,  206,  217,  180,   93,  -29, -132,
      -216, -114,  -10, -185, -196, -165, -264, -348, -432, -246,
      -326, -212,  -71,  -75,  -63, -185, -197, -337, -192,  -53,
       -30,  -96,  -41, -173, -160,   -8,  119,  224,  203,   31,
      ... 412 more items
    ],
    Int16Array(512) [
      -1140, -1275, -1408, -1457, -1404, -1198, -1386, -1338, -1370,
      -1384, -1226, -1320, -1291, -1321, -1323, -1403, -1334, -1228,
      -1259, -1342, -1286, -1334, -1288, -1325, -1370, -1194, -1014,
      -1029, -1090, -1311, -1506, -1648, -1787, -1767, -1707, -1449,
      -1453, -1424, -1309, -1349, -1320, -1296, -1300, -1454, -1487,
      -1319, -1237, -1079,  -996,  -982,  -970,  -918,  -750,  -704,
       -770,  -926,  -904,  -761,  -577,  -549,  -388,  -401,  -458,
       -598,  -705,  -750,  -701,  -584,  -415,  -393,  -512,  -634,
       -607,  -590,  -615,  -437,  -386,  -287,  -320,  -330,  -188,
       -200,  -321,  -345,  -380,  -387,  -443,  -520,  -592,  -496,
       -276,   122,   336,   195,   -17,  -438,  -776,  -712,  -493,
       -392,
      ... 412 more items
    ],
    Int16Array(512) [
       -812,  -931, -1145, -1362, -1578, -1794, -1939, -1945, -1854,
      -2103, -2199, -2315, -2440, -2686, -2856, -2900, -2720, -2440,
      -2371, -2159, -2334, -2447, -2664, -2762, -2732, -2757, -2665,
      -2607, -2480, -2483, -2429, -2398, -2474, -2474, -2526, -2472,
      -2254, -2053, -1846, -1850, -1858, -1830, -1824, -1753, -1682,
      -1569, -1550, -1484, -1403, -1217, -1012,  -764,  -529,  -454,
       -599,  -503,  -385,  -367,  -333,  -361,   -37,   224,   611,
        896,   870,   798,   627,   580,   876,  1017,   979,   860,
        779,   847,   663,   771,   918,   966,   814,   624,   567,
        748,   918,  1030,  1132,   945,   823,   862,  1015,  1036,
       1060,  1115,  1073,  1046,  1005,  1056,  1041,   929,   865,
        923,
      ... 412 more items
    ],
    Int16Array(512) [
       389,  518,  512,  573,  725,  758,  706,  702, 1004, 1153,
      1213, 1117, 1179, 1197, 1010,  991, 1056, 1176, 1147, 1228,
      1076, 1100, 1212, 1237, 1273, 1344, 1397, 1271, 1361, 1425,
      1509, 1366, 1305, 1364, 1517, 1504, 1388, 1322, 1181, 1123,
      1001, 1097, 1221, 1333, 1466, 1566, 1578, 1406, 1330, 1220,
      1301, 1341, 1372, 1403, 1514, 1515, 1526, 1573, 1560, 1681,
      1798, 1945, 1951, 1892, 1837, 1891, 1791, 1722, 1762, 1811,
      1941, 1938, 1954, 1911, 1900, 1900, 1884, 1733, 1707, 2016,
      2303, 2334, 2409, 2337, 2321, 2457, 2528, 2582, 2537, 2611,
      2673, 2644, 3034, 3112, 3051, 3006, 3114, 3360, 3442, 3513,
      ... 412 more items
    ],
    Int16Array(512) [
      -2731, -2904, -3051, -3050, -3159, -3337, -3485, -3514, -3504,
      -3639, -3730, -3907, -3917, -3834, -3790, -3792, -3699, -3658,
      -3534, -3400, -3240, -3045, -3150, -3340, -3302, -3228, -3117,
      -3185, -2976, -2939, -2919, -2792, -2747, -2644, -2677, -2678,
      -2722, -2586, -2478, -2295, -2125, -2033, -1887, -1958, -2020,
      -2142, -2371, -2362, -2371, -2229, -2173, -2149, -2133, -2237,
      -2177, -2098, -2095, -2132, -2118, -1985, -1746, -1853, -2134,
      -2320, -2300, -2132, -2094, -2058, -1880, -1849, -1847, -1706,
      -1551, -1343, -1111,  -992,  -790,  -875,  -998, -1037, -1099,
       -860,  -714,  -632,  -561,  -454,  -266,  -296,  -324,  -336,
       -278,  -179,   -92,   -50,  -114,     1,   -47,   -22,     5,
        141,
      ... 412 more items
    ],
    Int16Array(512) [
      -288, -346,  -453,  -465,  -355,  -543,  -519,  -621,  -548,
      -661, -940, -1072, -1104, -1107, -1069, -1062, -1053, -1043,
      -915, -813,  -705,  -702,  -798,  -778,  -632,  -567,  -468,
      -451, -524,  -563,  -612,  -683,  -817,  -746,  -793,  -878,
      -818, -803,  -739,  -743,  -784,  -815,  -812,  -709,  -603,
      -642, -697,  -524,  -312,  -258,  -319,  -370,  -480,  -692,
      -865, -957,  -839,  -851,  -871,  -795,  -619,  -590,  -657,
      -781, -865,  -924,  -853,  -898,  -828,  -647,  -602,  -684,
      -717, -789,  -734,  -808,  -891,  -832, -1044, -1091,  -994,
      -823, -655,  -731, -1000, -1074,  -976,  -709,  -547,  -417,
      -187,   47,    93,     0,    20,    51,   218,   314,   351,
       317,
      ... 412 more items
    ],
    Int16Array(512) [
       -41,   -3,  -41,  -41,  -64,  110,  305,  473,  716,  884,  954,
       884,  799,  712,  702,  633,  755,  842,  819,  817,  883,  913,
       834,  826,  653,  648,  906,  977, 1100, 1060, 1145, 1100,  823,
       708,  664,  584,  778, 1004, 1238, 1188, 1029,  953,  864,  957,
       989,  925,  881,  793,  595,  673,  693,  546,  584,  497,  465,
       505,  602,  587,  531,  581,  660,  688,  520,  465,  372,  507,
       492,  458,  463,  443,  446,  208,  170,  234,  300,  339,  430,
       377,  299,  365,  281,  349,  391,  360,  103,  -99,  -97,  -68,
      -220, -289, -428, -517, -570, -805, -890, -844, -766, -815, -648,
      -539,
      ... 412 more items
    ],
    Int16Array(512) [
        -10,   148,   150,   180,   217,    19,   -10,  -107,    21,
        225,   312,   173,   252,   214,   349,   429,   495,   765,
        782,   816,   620,   417,   359,   568,   665,   416,   332,
        346,   424,   575,   711,   714,   569,   414,   399,   477,
        424,   330,   261,   280,   272,   183,    53,    30,   -47,
       -136,   -48,   186,   290,   328,   146,    84,   -96,  -272,
       -402,  -355,  -214,  -122,  -102,  -317,  -447,  -444,  -492,
       -624,  -742,  -850,  -761,  -827,  -977, -1025, -1108, -1192,
      -1243, -1264, -1193, -1112, -1145, -1232, -1277, -1343, -1638,
      -1958, -2195, -2330, -2262, -2186, -1949, -1895, -1834, -1721,
      -1732, -1412, -1537, -1512, -1557, -1654, -1584, -1617, -1510,
      -1406,
      ... 412 more items
    ],
    Int16Array(512) [
        58,   73, -134, -239, -265, -382, -342, -312, -136,  -19,  -64,
       -41,  -82,  -37,  -27,  -24,  111,  264,  310,  539,  532,  456,
       291,   45,  264,  485,  677,  842,  891,  810,  656,  669,  610,
       530,  593,  530,  602,  774,  908, 1042, 1165, 1227, 1268, 1309,
      1377, 1457, 1324, 1269, 1198, 1195, 1162, 1111, 1127, 1100, 1206,
      1197, 1283, 1339, 1378, 1192, 1390, 1503, 1416, 1265,  912,  756,
       687,  710,  765,  889,  922, 1057,  990,  952,  796,  594,  611,
       577,  640,  607,  625,  622,  505,  509,  395,  309,   82, -116,
       -55,   17,  -10,  -54,  -26,   29,  100,  199,  273,  257,  205,
       260,
      ... 412 more items
    ],
    Int16Array(512) [
        257,   115,     4,    14,    31,  -172,  -358,  -377,  -353,
       -226,  -125,   -79,  -280,  -446,  -579,  -407,  -338,  -340,
       -485,  -426,  -347,  -204,  -302,  -474,  -691,  -958,  -958,
       -925,  -799,  -924, -1059, -1249, -1364, -1290, -1243, -1182,
      -1268, -1524, -1667, -1697, -1677, -1540, -1464, -1567, -1681,
      -1736, -1676, -1677, -1482, -1379, -1501, -1575, -1690, -1742,
      -1535, -1443, -1385, -1389, -1408, -1342, -1300, -1213, -1197,
      -1159, -1163, -1064, -1077, -1053, -1123, -1328, -1365, -1420,
      -1099,  -918,  -628,  -274,   -25,   164,   230,   328,   464,
        633,   448,   386,   416,   314,   290,   340,   450,   610,
        635,   732,   791,   962,   877,   738,   609,   615,   669,
        624,
      ... 412 more items
    ],
    Int16Array(512) [
      -962, -989, -978, -849, -857, -596, -454, -669, -674, -686, -537,
      -470, -336, -341, -347, -459, -450, -285, -555, -626, -570, -485,
      -234, -190, -119,   15,  255,  363,  302,  355,  247,   78, -136,
      -327, -267,   44,  120,  120,  222,  387,  576,  595,  493,  534,
       550,  598,  600,  420,  382,  297,  329,  350,  412,  569,  699,
       786,  689,  701,  864, 1008,  978,  962,  790,  751,  699,  708,
       559,  496,  591,  687,  764,  753,  893,  924, 1000,  968,  956,
       912, 1027, 1074, 1109, 1087, 1059, 1047, 1109, 1149, 1177, 1204,
      1187, 1181, 1075,  964,  940, 1043, 1053, 1178, 1132, 1072,  952,
       961,
      ... 412 more items
    ],
    Int16Array(512) [
       2577,  2601,  2541,  2407,  2259,  2127,  2006,  1822,  1652,
       1302,  1008,   853,   720,   642,   670,   647,   305,    45,
        -87,  -245,  -525,  -795,  -979, -1037, -1001, -1075, -1126,
      -1351, -1477, -1677, -2029, -2337, -2508, -2575, -2647, -2758,
      -2692, -2739, -2827, -2792, -2687, -2780, -2927, -3037, -3202,
      -3201, -3090, -3129, -3308, -3461, -3747, -3823, -3946, -3996,
      -4033, -4038, -3944, -3759, -3693, -3628, -3443, -3411, -3354,
      -3529, -3663, -3819, -4130, -4329, -4407, -4317, -4217, -4112,
      -4106, -4149, -4041, -3918, -3889, -3807, -3832, -3831, -3725,
      -3535, -3508, -3557, -3481, -3715, -3796, -3688, -3585, -3431,
      -3450, -3487, -3568, -3553, -3566, -3537, -3548, -3578, -3605,
      -3375,
      ... 412 more items
    ],
    Int16Array(512) [
         30,   -28,  -102,  -129,  -363,  -546,  -615,  -859,  -972,
       -957,  -948,  -724,  -711,  -571,  -644,  -473,  -299,  -213,
       -337,  -799, -1127, -1302, -1347, -1211, -1013,  -985,  -814,
       -790,  -832,  -939, -1187, -1271, -1178, -1304, -1346, -1258,
      -1183, -1006,  -999,  -933,  -901,  -931, -1050,  -944,  -701,
       -554,  -383,  -272,  -324,  -395,  -319,  -318,  -185,   -46,
         65,   123,   243,   374,   593,   794,   803,   925,   761,
        849,   891,  1019,  1064,  1072,  1068,  1048,  1012,   848,
        826,   725,   921,  1012,  1077,  1043,  1031,  1065,  1083,
       1077,  1016,   884,   831,   962,  1087,  1196,  1047,  1024,
       1042,  1140,  1255,  1403,  1365,  1338,  1516,  1695,  1819,
       1694,
      ... 412 more items
    ],
    Int16Array(512) [
      -2434, -2141, -1990, -1785, -1698, -1743, -1678, -1491, -1332,
      -1349, -1231, -1127,  -871,  -757,  -719,  -579,  -469,  -394,
       -319,   -80,   235,   366,   602,   867,  1000,  1217,  1200,
       1150,  1151,  1376,  1607,  1950,  2098,  2248,  2291,  2284,
       2593,  2795,  2902,  2967,  3257,  3212,  3265,  3446,  3425,
       3509,  3502,  3526,  3727,  3800,  3647,  3634,  3749,  3711,
       3815,  3794,  3846,  3851,  3847,  3773,  3727,  3666,  3472,
       3389,  3453,  3383,  3328,  3145,  2962,  2833,  2612,  2549,
       2451,  2446,  2341,  2247,  2121,  2079,  1970,  1732,  1518,
       1422,  1300,  1367,  1342,  1324,  1387,  1336,  1130,   846,
        610,   549,   473,   488,   522,   405,   390,   328,   408,
        448,
      ... 412 more items
    ],
    Int16Array(512) [
      -848, -937, -714, -575, -308,  -63,  -13,   10, -123, -191,
        61,  210,  540,  508,  462,  493,  509,  533,  557,  786,
       989, 1027, 1067, 1032, 1259, 1400, 1357, 1146, 1045, 1089,
      1182, 1288, 1476, 1452, 1373, 1517, 1498, 1440, 1287, 1234,
      1375, 1426, 1537, 1570, 1554, 1703, 1629, 1422, 1337, 1198,
      1140, 1124, 1255, 1563, 1556, 1698, 1648, 1537, 1423, 1287,
      1240, 1285, 1418, 1489, 1533, 1542, 1537, 1293, 1161, 1063,
      1032,  916,  922,  845,  885,  911,  817,  740,  657,  655,
       693,  748,  746,  627,  371,  264,  313,  472,  472,  232,
        22, -193, -186, -102, -146,  -91,  -41, -193, -154,   29,
      ... 412 more items
    ],
    Int16Array(512) [
      -6020, -6086, -6100, -6153, -6177, -6188, -6074, -5907, -5705,
      -5530, -5509, -5201, -4895, -4705, -4539, -4393, -4281, -4201,
      -4237, -4234, -4110, -4000, -3874, -3696, -3439, -3164, -2951,
      -2783, -2677, -2666, -2800, -2888, -2620, -2482, -2377, -2341,
      -2326, -2135, -2081, -1838, -1608, -1497, -1457, -1406, -1332,
      -1170, -1159, -1128, -1003,  -748,  -598,  -582,  -635,  -735,
       -713,  -580,  -379,  -128,   184,   261,   262,   392,   404,
        311,   429,   435,   576,   634,   626,   585,   460,   675,
        844,   754,   512,   309,   225,   406,   459,   526,   518,
        412,   305,   282,   235,   424,   549,   459,   569,   437,
        361,   463,   338,    82,   -60,   -54,   -99,   -73,  -120,
        -90,
      ... 412 more items
    ],
    Int16Array(512) [
       497,  561,  621,  504, 278,  347,  415,  468,  526,  477,  304,
       178,   90,  180,  245, 181,  376,  345,  179,   69,  122,  205,
       235,  326,  382,  345, 151,  -73, -101,  -87, -157, -316, -562,
      -513, -472, -506, -314, -67,   93,  133,   14,   -2,  -23,  -70,
       -61, -163,   20,  133, 107,  104,  174,  146,   -8,  -93, -166,
        -3,  154,   80,  239, 375,  290,  302,  118,  -35, -187,   15,
        15,  -19, -122,  -56, 199,  350,  649,  682,  791,  673,  647,
       648,  670,  672,  383, 316,  290,  322,  416,  499,  326,  250,
       154,  139,   65,   17, -15, -107,  -32, -145,  -87,  -49, -200,
      -312,
      ... 412 more items
    ],
    Int16Array(512) [
      2319, 2329, 2399, 2534, 2609, 2617, 2585, 2679, 2746, 2650,
      2693, 2702, 2592, 2576, 2536, 2383, 2329, 2315, 2248, 2336,
      2288, 2283, 2359, 2466, 2414, 2304, 2416, 2521, 2626, 2606,
      2628, 2692, 2674, 2647, 2427, 2223, 2152, 2107, 1971, 1951,
      1832, 1728, 1703, 1796, 1953, 2154, 2086, 1935, 1869, 1794,
      1794, 1736, 1733, 1697, 1553, 1354, 1281, 1139, 1006,  921,
       863, 1171, 1368, 1383, 1331, 1224, 1257, 1340, 1401, 1273,
      1249, 1179, 1245, 1280, 1364, 1526, 1649, 1703, 1571, 1251,
       963,  996,  950,  972,  947,  948,  865,  982, 1014,  989,
       978,  922, 1007, 1162, 1109,  918,  801,  649,  611,  660,
      ... 412 more items
    ],
    Int16Array(512) [
      -1684, -1665, -1469, -1479, -1532, -1672, -1808, -1765, -1713,
      -1758, -1949, -1862, -1815, -1918, -1747, -1684, -1515, -1369,
      -1410, -1388, -1493, -1506, -1580, -1733, -1841, -1755, -1632,
      -1574, -1469, -1403, -1433, -1312, -1229, -1179, -1101, -1054,
      -1006, -1011,  -987,  -932,  -880,  -714,  -610,  -485,  -401,
       -166,  -152,  -261,  -304,  -305,  -236,   -93,    27,    25,
       -219,  -384,  -352,  -352,  -271,  -219,  -180,  -291,  -384,
       -354,  -388,  -292,  -305,  -339,  -337,  -452,  -395,  -340,
       -370,  -526,  -531,  -708,  -894,  -777,  -721,  -707,  -623,
       -623,  -738,  -891,  -870,  -747,  -611,  -593,  -572,  -432,
       -361,  -313,  -476,  -477,  -498,  -533,  -631,  -624,  -549,
       -647,
      ... 412 more items
    ],
    Int16Array(512) [
        815,   765,   631,   556,   417,   407,   343,   303,   309,
        288,   314,   225,   184,   279,   206,   191,   220,   211,
        315,   182,    82,    15,    77,   -62,  -215,  -296,  -488,
       -559,  -566,  -407,  -193,  -328,  -453,  -483,  -488,  -466,
       -542,  -643,  -613,  -626,  -821,  -713,  -812,  -819,  -802,
       -654,  -684,  -892, -1007, -1323, -1421, -1530, -1454, -1373,
      -1270, -1222, -1223, -1280, -1430, -1475, -1573, -1597, -1702,
      -1608, -1517, -1584, -1592, -1510, -1492, -1512, -1562, -1498,
      -1250,  -976,  -747,  -662,  -854, -1021, -1109, -1111, -1000,
       -794,  -650,  -716,  -601,  -394,  -163,   184,   478,   680,
        841,  1033,  1098,  1155,  1329,  1401,  1671,  1854,  1854,
       1970,
      ... 412 more items
    ],
    Int16Array(512) [
      -810,  -716, -688, -774, -665, -561, -416, -371, -542,
      -578,  -618, -720, -707, -665, -590, -602, -532, -541,
      -603,  -621, -490, -398, -384, -517, -665, -719, -685,
      -660,  -647, -618, -646, -815, -744, -620, -501, -437,
      -495,  -483, -520, -438, -619, -759, -759, -789, -863,
      -979, -1019, -970, -823, -837, -765, -657, -591, -454,
      -473,  -484, -561, -639, -714, -724, -529, -451, -674,
      -750,  -767, -678, -579, -486, -489, -536, -370, -174,
       -29,  -142, -377, -515, -444, -337, -396, -299, -290,
      -491,  -578, -692, -664, -341, -205,   63,   -1,  -85,
        -9,   -16,  158,  164,  -23, -115,   34,  301,  267,
       271,
      ... 412 more items
    ],
    Int16Array(512) [
      -126,   -6, -146, -172, -209, -364, -333, -396, -433, -393,
      -408, -550, -641, -579, -430, -277,  -16,  -32,   26,   56,
      -219, -387, -576, -605, -584, -490, -389, -422, -423, -308,
      -384, -356, -373, -353, -261, -260, -150, -254, -510, -563,
      -637, -529, -401, -202,  137,  175,  156,  117,  -22,  108,
        77,  -95, -203, -368, -345, -296, -187, -120, -102, -262,
      -391, -422, -473, -548, -544, -466, -398, -397, -462, -517,
      -579, -583, -616, -428, -318, -458, -583, -634, -769, -706,
      -459, -340, -351, -263, -305, -272, -372, -424, -234, -198,
      -220, -214, -120, -132, -226, -334, -212,  -60,  130,  215,
      ... 412 more items
    ],
    Int16Array(512) [
       125,  253,  325,  355,  371,  320,  262,  141,   29,  -23,  -51,
       -66,    7,  249,  249,  304,  436,  382,  215,   -8,   68,  135,
        75,  -61,   -2,   37,  -45, -193, -187,  -31, -102, -126, -274,
       -40,  104,  165,  174,  180,   96,   65,  205,  355,  228,    1,
       -32,   39,  295,  287,  180,  122,   29, -186, -439, -566, -755,
      -862, -741, -602, -478, -366, -257, -276, -368, -402, -274, -247,
      -133, -124, -360, -493, -583, -596, -647, -762, -841, -748, -737,
      -735, -592, -368, -100, -169, -217, -176, -314, -491, -540, -515,
      -502, -487, -342,  -67,   52,   10,   65,  -41,  -63,   -2,    1,
        86,
      ... 412 more items
    ],
    Int16Array(512) [
       123,  193,  367,  328,  255,  231,  212,  231,  261,  262,  159,
       145,   92,   61,   55, -219, -166, -102,   -9,  106,  -27,   48,
         0,  -74,    5,  -60,   -9,   46,  -10,   80,   68,   30,   72,
        88,  -10,  -38,  -95,  -30,  -82,  -52,   56,   11,   28,   90,
        62,  -41,   33,  -43, -118, -254, -303, -210, -148, -103, -251,
      -357, -376, -395, -478, -526, -543, -471, -381, -590, -657, -706,
      -529, -250, -145, -115, -296, -287, -348, -383, -445, -461, -414,
      -327,  -50,  -37, -105,   42,   16,   19,  -59, -141, -159,  -80,
      -288, -499, -580, -501, -227, -206, -291, -452, -620, -567, -664,
      -737,
      ... 412 more items
    ],
    Int16Array(512) [
      -367, -387, -305, -190, -265,  -99,  158,  202,    5,  -58,
       -41,  143,  330,  402,  406,  281,  418,  494,  571,  436,
       438,  502,  197,   10, -167,   50,  198,  308,  380,  384,
       262,   45,   35,  -66,  -20, -105, -137, -123,  -89, -117,
      -332, -488, -746, -656, -516, -368, -293, -411, -441, -566,
      -496, -394, -522, -710, -625, -450, -374, -219, -178, -221,
      -226, -276, -282, -440, -690, -689, -620, -501, -356, -267,
      -199, -124, -177, -272, -393, -493, -628, -601, -454, -392,
      -388, -473, -392, -303, -254, -383, -471, -495, -480, -366,
      -340, -342, -415, -378, -445, -532, -385, -267, -242, -367,
      ... 412 more items
    ],
    Int16Array(512) [
        71,  125,  239,  342,  340,  424,  333,  272,  442,  532,  520,
       243,  123,  145,  233,    0,   77,   -1,    0,   39,   11, -178,
      -154,  -28,   62,  128,  -27,   60,  103,  165,  160,    3,  -54,
       -27,  -61, -214, -190, -168, -110,  127,  245,  201,   52,  -37,
       -22, -179, -120, -259, -182,   13,   35,  104,   94,  109,  123,
       215,  453,  717,  915,  877,  622,  461,  266,  -15, -187, -342,
      -426, -383, -272, -186,   -5,  -23,  -43, -114, -231, -159, -122,
      -238, -289, -480, -365, -116, -145, -114,   25,  108,  -26,   21,
       -58, -132, -179, -253, -270, -241, -299, -422, -382, -336,  -85,
      -168,
      ... 412 more items
    ],
    Int16Array(512) [
       572,  602,  647,  633,  634,  686,  618,  685,  742,  945, 1025,
      1028,  965, 1125, 1184, 1121,  977,  772,  551,  305,  367,  569,
       765,  899,  908,  897,  830,  765,  708,  749,  758,  635,  430,
       284,  179,  195,  381,  552,  690,  748,  947,  838,  527,  308,
       166,   36,  308,  528,  670,  685,  659,  591,  483,  492,  480,
       721,  795,  658,  371,  201,  139,  122,    4, -152, -304, -387,
      -251,   83,  224,  185, -128, -225, -188, -126, -244, -418, -456,
      -575, -517, -597, -624, -646, -553, -696, -601, -358,  -43,   13,
      -133,  -86, -372, -415, -389, -365, -458, -625, -606, -388, -300,
      -345,
      ... 412 more items
    ],
    Int16Array(512) [
      -1012, -1034, -1077, -1010, -1035, -1012, -900, -805, -701,
       -590,  -523,  -586,  -664,  -665,  -744, -775, -670, -471,
       -424,  -403,  -321,  -250,  -190,  -151, -197, -336, -291,
       -264,  -298,  -291,   -92,    37,     9,   13,  -97,   37,
         54,    -9,    15,   -10,   -64,  -204, -433, -512, -442,
       -267,   -89,  -113,  -214,  -304,  -362, -420, -454, -341,
       -318,  -378,  -318,  -329,  -167,  -137, -167, -226, -261,
       -208,  -285,  -212,  -223,  -316,  -347, -329, -304, -319,
       -309,  -223,  -420,  -602,  -660,  -599, -406, -278,  -94,
        -51,  -259,  -300,  -357,  -321,  -348, -445, -454, -537,
       -614,  -579,  -663,  -737,  -848,  -927, -907, -875, -762,
       -651,
      ... 412 more items
    ],
    Int16Array(512) [
       216,  203,  332,  451,  607,  603,  658,  809,  896, 1019,  978,
       941,  910,  976,  919,  929,  753,  405,  370,  615,  719,  773,
       861,  946, 1021, 1000,  965,  919,  850,  926,  870,  932, 1052,
       955,  977,  976, 1091, 1096,  996,  938,  854,  854,  799,  811,
       936,  935,  934,  766,  626,  593,  538,  452,  446,  351,  434,
       640,  522,  480,  390,  318,   62,  -13,   13,   58,   96,  -12,
       -67, -102,   96,   56,  -23, -245, -484, -494, -370, -270, -123,
       -61,  -84, -260, -359, -361, -402, -566, -549, -433, -473, -517,
      -548, -640, -766, -752, -780, -661, -460, -325, -374, -304, -374,
      -479,
      ... 412 more items
    ],
    Int16Array(512) [
      -2610, -2516, -2436, -2321, -2109, -2106, -2122, -2159, -2253,
      -2188, -2117, -2113, -2155, -2141, -2048, -1994, -1995, -1823,
      -1724, -1647, -1640, -1433, -1263, -1290, -1412, -1461, -1587,
      -1728, -1790, -1633, -1537, -1686, -1560, -1526, -1551, -1503,
      -1664, -1603, -1411, -1349, -1275, -1277, -1252, -1135, -1113,
      -1176, -1291, -1369, -1293, -1206, -1173, -1162, -1073, -1024,
       -986,  -809,  -740,  -663,  -679,  -698,  -530,  -428,   -94,
       -106,   -45,  -189,  -323,  -503,  -517,  -288,  -196,  -183,
       -163,    82,    31,   216,   101,   106,   139,    37,   124,
        195,   221,    65,    73,   230,   413,   588,   632,   659,
        795,   987,  1018,   864,   815,   700,   514,   349,   388,
        463,
      ... 412 more items
    ],
    Int16Array(512) [
       -938,  -936,  -811,  -762,  -730,  -870,  -796,  -798,  -884,
       -882,  -953,  -922,  -939,  -980, -1068, -1237, -1462, -1627,
      -1544, -1436, -1329, -1353, -1387, -1280, -1341, -1526, -1536,
      -1415, -1408, -1350, -1138,  -964, -1083, -1112, -1175, -1263,
      -1242, -1300, -1317, -1332, -1481, -1454, -1383, -1266, -1306,
      -1176, -1042,  -979,  -971, -1040, -1116, -1190, -1171, -1139,
      -1216, -1242, -1206, -1222, -1177, -1201, -1157, -1022,  -860,
       -782,  -736,  -881, -1120, -1193, -1126,  -954,  -723,  -734,
       -840,  -657,  -494,  -416,  -391,  -374,  -192,   -66,   -91,
       -109,  -155,  -168,  -297,  -430,  -477,  -397,  -388,  -462,
       -564,  -518,  -474,  -399,  -353,  -463,  -427,  -298,  -260,
       -219,
      ... 412 more items
    ],
    Int16Array(512) [
       -823,  -840,  -982, -1074, -1059, -952, -834,  -953, -1061,
      -1109, -1011, -1062, -1064,  -932, -773, -954, -1121, -1041,
      -1017,  -912,  -907,  -866,  -872, -840, -669,  -676,  -703,
       -706,  -692,  -688,  -673,  -671, -544, -480,  -508,  -622,
       -716,  -714,  -624,  -492,  -528, -434, -432,  -392,  -300,
       -192,  -226,  -297,  -476,  -353, -307, -195,   -94,   -46,
        -91,  -159,  -155,  -383,  -444, -293, -173,   -91,   -14,
        -72,   -23,   107,   277,   275,  178,  104,   121,   224,
        251,   334,   223,   367,   406,  423,  502,   353,   207,
          7,   -73,   -23,   -49,    -7,  202,  165,    35,   -52,
       -193,  -239,  -279,  -329,  -392, -577, -600,  -713,  -560,
       -472,
      ... 412 more items
    ],
    Int16Array(512) [
      -310,  -75,  -70, -164, -434, -559, -531,  -444, -356,
      -341, -372, -400, -407, -509, -644, -826, -1018, -867,
      -651, -469, -455, -585, -659, -677, -611,  -609, -679,
      -645, -643, -595, -449, -254, -184, -274,  -386, -507,
      -411, -261, -149, -221, -400, -666, -898,  -843, -648,
      -409, -231, -199, -238, -376, -421, -550,  -452, -429,
      -527, -372, -396, -362, -297, -277, -220,  -462, -534,
      -464, -400, -249, -171,  -63, -103, -154,  -183, -163,
      -112, -279, -384, -301, -374, -402, -245,  -252, -358,
      -488, -540, -264,   17,  149,  160,  203,   270,  451,
       531,  236, -134, -280,  -86,  120,  223,   299,  232,
       138,
      ... 412 more items
    ],
    Int16Array(512) [
        35,   71,   35,  -65, -266, -402, -391, -289,  -51,   12,
        92,  -38, -178, -196, -154,  -58, -135, -191,  -79,  -83,
      -136, -154, -310, -452, -597, -688, -668, -601, -510, -448,
      -317, -317, -490, -700, -838, -896, -961, -932, -856, -719,
      -558, -426, -402, -445, -328, -348, -273, -213, -266, -289,
      -227, -182,  -67, -156, -193, -413, -502, -302, -242,  -75,
       114,  165,   60,   98,  -70, -220, -184, -198, -428, -608,
      -522, -332, -276, -149, -237, -221,   16,  -31,  -26, -136,
      -343, -331, -252, -302, -107, -155, -120, -252, -367, -389,
      -310,  -76,  -37,   -3, -153, -255, -245, -285, -432, -334,
      ... 412 more items
    ],
    Int16Array(512) [
       -794,  -809,  -720, -707,  -885,  -861,  -816,  -901,  -955,
      -1138, -1001,  -875, -823,  -843,  -994, -1064, -1164, -1084,
       -990,  -924, -1008, -942,  -973, -1172, -1145, -1165, -1074,
       -911, -1017, -1020, -950,  -840,  -820,  -876,  -930,  -931,
       -785,  -770,  -780, -967, -1078, -1113, -1179, -1168, -1081,
       -888,  -759,  -597, -640,  -770,  -669,  -594,  -491,  -270,
       -401,  -550,  -537, -568,  -560,  -650,  -390,  -341,  -202,
       -208,  -389,  -440, -474,  -504,  -484,  -202,  -157,  -379,
       -422,  -252,  -157,    6,    79,    16,    25,  -145,  -139,
        -53,   -65,    72,   14,   -17,   -56,  -146,   -95,  -153,
        -99,   -73,   -13,  -77,   162,   333,   403,   477,   373,
        453,
      ... 412 more items
    ],
    Int16Array(512) [
      -631, -592, -530, -508, -501, -361,  -96,   35,  115,   39,  173,
       198,   58,  171,  337,  333,  321,  400,  386,  485,  338,  244,
       132,   80,   76,  -52,   44,   81,  240,  349,  517,  650,  494,
       521,  230,  116,   90,  297,  425,  526,  461,  441,  579,  648,
       663,  629,  739,  617,  456,  260,   87,   57,  199,  371,  238,
       252,  357,  280,  236,  320,  391,  542,  713,  681,  605,  606,
       559,  383,  311,  407,  265,  149,   81,  164,  423,  491,  563,
       314,   37, -135, -173, -250, -357, -312, -371, -522, -498, -391,
      -418, -349, -333, -484, -427, -345, -362, -472, -524, -578, -628,
      -744,
      ... 412 more items
    ],
    Int16Array(512) [
        48,  321,  415,  312,  240,  185,   15,    9,   53,  161,  225,
       337,  361,  263,  271,  212,  248,  193,  -52, -268, -369, -331,
      -307, -341, -408, -409, -199,   11,   28,  -71, -132, -190, -207,
       -52,  -87, -291, -288, -326, -258, -187, -316, -351, -284, -280,
      -314, -381, -454, -436, -524, -504, -458, -384, -399, -497, -367,
      -198,  -56,  -30, -121,  -87,  -76, -273, -347, -408, -371, -365,
      -575, -778, -836, -724, -684, -724, -719, -766, -563, -433, -401,
      -402, -388, -426, -352, -153, -209, -115, -105,  -10,   63,  105,
        26,   13,   15,  -15,   23,   40,  -65,  -59, -159, -283, -457,
      -461,
      ... 412 more items
    ],
    Int16Array(512) [
      -184, -236, -297, -248, -433, -555, -432, -316, -347, -550,
      -622, -599, -466, -251,   10,   64,    1,   -7,  -34, -149,
      -276, -282, -172, -241, -405, -628, -632, -616, -555, -266,
       -99,  -24, -114, -303, -462, -559, -431, -284, -226, -193,
       -84,    9,   85,  194,  232,  208,   89,   72,   18,  -26,
      -201, -242, -235, -264, -166, -165, -184,   13,  100,   82,
       149,   -9, -240, -263, -461, -489, -406, -433, -555, -667,
      -498, -410, -384, -297, -129,  -47,  -85, -289, -605, -719,
      -856, -932, -678, -467, -411, -581, -576, -391, -330, -201,
      -236, -398, -421, -424, -349, -207,  -54,   61,  -83, -341,
      ... 412 more items
    ],
    Int16Array(512) [
       -19,  -54,   10,   86,  217,  237,  119,  209,  144,  207,  447,
       564,  523,  469,  433,  311,  151,  213,  290,  305,  345,  293,
       356,  257,  300,  143,  133,  306,  236,  241,  184,  230,  177,
       150,   82,   64,   52,   10,   32,  230,  410,  468,  649,  506,
       327,  237,  267,  362,  154,  -15, -110, -240, -143,  -30,  -63,
        41, -150,  -95,    1,   29,   57,   78,  204,  241,  174,  134,
       170,   22,  -49,  -64,  122,  164,  280,  252,  128,   56,  -86,
      -266, -324, -420, -581, -476, -378, -313, -317, -373, -477, -388,
      -322, -309, -290, -382, -253, -191, -126,  -60,  -53,  -48,  -16,
       -56,
      ... 412 more items
    ],
    Int16Array(512) [
       22,  86,  292,  320, 270, 142, -54, -41,  -2,  77,  40, -54,
      -54, -27, -131,   20,  79,  40,  22,  45, 143, 230, 318, 267,
      145, 142,  -58, -177,  72, 221, 377, 430, 312, 308, 118,  74,
      111, 221,  364,  294, 299, 161, 261, 283, 147, 182, 231, 169,
       80,  60,  100,  218, 260, 200,  39,  46, 163, 230, 336, 250,
      189, 208,  301,  504, 486, 504, 426, 331, 406, 203, 167, 283,
      270, 101,   -5,   29,   0,  -2, 111, 264, 193,  90,  27, -25,
      113, 382,  372,  464, 474, 408, 474, 326, 314, 338, 354, 407,
      226, 129,   60,  139,
      ... 412 more items
    ],
    Int16Array(512) [
       612, 644, 520,  336,  154,  172,  434,  520,  605,  441,  371,
       315, 392, 354,  348,  435,  461,  444,  283,  139,   80,  187,
       355, 323, 273,  288,  138,   77,  -20,   85,  128,  178,  172,
       -28, -18, -38,  -48,   67,  149,  292,  317,  306,  227,  179,
       196, 135,  77,  111,   71,    2,  106,  317,  530,  665,  773,
       630, 258, 131,  -58,  -57,  -60,  -75,  -49,   72,  122,  137,
       210, 116,  96,  194,  284,  349,  341,  312,  250,  279,  256,
       295, 115,  -7, -120, -203, -111, -169, -146, -176, -324, -401,
      -244, -74,   0, -203, -229, -191, -170,  -43,  -37,   22,  -59,
      -173,
      ... 412 more items
    ],
    Int16Array(512) [
       -31, -177, -321, -515, -575, -540, -539, -511, -491, -433,
      -214, -387, -475, -401, -421, -241, -348, -405, -398, -332,
      -402, -431, -520, -535, -558, -651, -594, -440, -432, -375,
      -154,  100,   69,  -91, -238, -250, -184,   33,  280,  385,
       475,  392,  408,  439,  364,  408,  419,  396,  313,  272,
       299,  470,  557,  869, 1098, 1248, 1354, 1252, 1248, 1291,
      1393, 1259, 1313, 1474, 1359, 1345, 1333, 1406, 1326, 1265,
      1252, 1349, 1494, 1578, 1814, 1814, 1749, 1579, 1563, 1504,
      1462, 1463, 1625, 1859, 1885, 1702, 1616, 1704, 1631, 1859,
      1934, 1817, 1682, 1530, 1490, 1544, 1529, 1465, 1549, 1437,
      ... 412 more items
    ],
    Int16Array(512) [
        239,   133,   173,    23,   230,   425,   510,   453,   335,
        261,   203,   182,   159,    23,   -54,  -106,   -37,    55,
       -106,  -126,  -210,  -294,  -387,  -192,   -75,   -90,  -148,
       -180,  -208,  -279,  -407,  -470,  -270,  -351,  -406,  -645,
       -558,  -504,  -637,  -613,  -686,  -895, -1199, -1329, -1453,
      -1354, -1286, -1157, -1245, -1461, -1528, -1419, -1429, -1550,
      -1693, -1791, -1809, -1977, -1990, -2090, -2289, -2245, -2042,
      -1907, -1805, -1723, -1902, -1896, -1877, -1859, -1839, -1935,
      -2107, -2036, -1894, -1820, -1706, -1772, -1641, -1524, -1361,
      -1235, -1084,  -987,  -979, -1049, -1133, -1140, -1290, -1302,
      -1196, -1128,  -937,  -780,  -622,  -497,  -471,  -274,  -248,
       -353,
      ... 412 more items
    ],
    Int16Array(512) [
        93,   29,   -3,   82,  256,  217,   272,   187,   235,   253,
       105,  100,  -34,  -16,  141,  349,   385,   520,   461,   376,
       400,  557,  697,  793,  826,  864,   883,   912,  1027,  1029,
      1009, 1051,  930,  700,  535,  503,   723,   693,   860,   805,
       878,  842,  589,  707,  858,  872,   803,   869,   905,  1072,
      1075, 1096, 1105, 1107, 1163, 1215,  1098,   855,   860,   856,
       858,  730,  593,  521,  610,  466,   425,   550,   511,   398,
       433,  308,  113,   61,  -49,  -25,   102,   151,    60,    27,
      -121, -283, -376, -352, -241, -258,  -501,  -608,  -550,  -535,
      -668, -709, -566, -579, -769, -935, -1104, -1260, -1156, -1189,
      ... 412 more items
    ],
    Int16Array(512) [
        196,   139,    53,    10,   196,   350,   552,   822,   686,
        443,   200,     0,  -158,  -162,  -201,  -214,  -356,  -370,
       -301,  -305,  -446,  -527,  -545,  -436,  -454,  -434,  -307,
       -226,  -129,  -135,  -144,  -303,  -383,  -654,  -621,  -444,
       -291,  -306,  -303,  -421,  -502,  -435,  -360,  -322,  -394,
       -373,  -319,  -300,  -294,  -405,  -263,  -207,  -202,  -217,
       -515,  -700,  -830,  -682,  -477,  -366,  -352,  -480,  -464,
       -301,  -295,  -386,  -477,  -519,  -615,  -704,  -733,  -622,
       -558,  -429,  -578,  -737,  -777,  -831,  -769,  -676,  -780,
       -806,  -828,  -961, -1133, -1300, -1286, -1260, -1235, -1219,
      -1270, -1515, -1606, -1571, -1498, -1300, -1414, -1666, -1805,
      -1915,
      ... 412 more items
    ],
    Int16Array(512) [
      1739, 1944, 1828, 1768, 1857, 1799, 1867, 1951, 1788, 1728,
      1548, 1263, 1166, 1106, 1241, 1367, 1185, 1198, 1272, 1210,
       939,  864,  901,  796,  634,  595,  515,  395,  451,  520,
       513,  525,  666,  651,  738,  551,  528,  389,  217,   -4,
      -200, -379, -578, -489, -556, -545, -656, -640, -727, -644,
      -331, -378, -430, -571, -557, -615, -621, -644, -515, -308,
      -238, -106, -208, -116, -319, -458, -341, -271, -180, -299,
      -430, -473, -396, -243, -229, -281, -162, -134, -117,   23,
        71,  177,  292,  260,   60, -118, -117, -184, -137,  -94,
       -30,   56,  -19,  -93,   14,  -46, -125, -129, -165, -147,
      ... 412 more items
    ],
    Int16Array(512) [
       429,  503,  456,  376,  246, -164, -147, -134,  -36,   16,
       -68, -216, -214, -338, -297, -256, -353, -422, -631, -770,
      -854, -732, -537, -471, -482, -455, -526, -535, -432, -507,
      -514, -511, -468, -566, -506, -555, -595, -373, -446, -429,
      -559, -629, -565, -487, -212,  -75,  130,  199,   90, -254,
      -624, -760, -738, -680, -666, -426, -261, -274, -347, -364,
      -412, -511, -607, -448, -465, -532, -427, -249, -128, -172,
      -293, -432, -525, -595, -414, -270, -265, -206, -241,   -5,
        57,  -49,  -21,  -40,  -84,  -94,  -31, -131, -220, -363,
      -411, -368, -290, -269, -182,  -36, -130, -110, -146, -139,
      ... 412 more items
    ],
    Int16Array(512) [
       -161,  -264,  -404,  -748,  -862, -1018,  -995,  -919,  -834,
       -790,  -639,  -711,  -779,  -846,  -995, -1066, -1090, -1030,
      -1089, -1201, -1204, -1107, -1040, -1033, -1207, -1145, -1154,
      -1141, -1128, -1182, -1053,  -959,  -955, -1044, -1139, -1262,
      -1161, -1130, -1035,  -910,  -985,  -952,  -830,  -834,  -970,
       -841,  -825,  -684,  -656,  -539,  -375,  -317,  -170,  -295,
       -361,   -97,    62,   -80,    41,   228,   350,   236,    62,
        -46,    96,   253,   412,   289,   123,   160,    50,   108,
         46,    94,   212,   134,   271,   253,   270,   371,   415,
        272,   221,    75,    35,   108,   215,   358,   301,   303,
        203,   -22,  -177,  -116,   -86,  -121,   -89,    17,   261,
        354,
      ... 412 more items
    ],
    Int16Array(512) [
        80,  -51, -149, -281, -359, -378, -464, -491, -418, -351,
      -162, -169, -396, -467, -559, -307, -228, -342, -492, -756,
      -842, -680, -392, -319, -488, -512, -727, -864, -855, -677,
      -557, -462, -340, -243, -258, -427, -543, -584, -516, -547,
      -397, -531, -543, -346, -269, -206, -205, -233, -420, -539,
      -371, -292, -440, -449, -405, -462, -538, -765, -758, -739,
      -758, -659, -483, -405, -412, -543, -428, -395, -531, -483,
      -418, -374, -419, -454, -528, -488, -521, -569, -535, -604,
      -671, -696, -384, -115,    0, -119, -221, -410, -607, -731,
      -720, -563, -466, -377, -199,   84,  -94, -321, -468, -645,
      ... 412 more items
    ],
    ... 55 more items
  ],
  recL: Int16Array(79360) [
    0, 0, 0, 0, 0, 0, 0, 0, 0, 0, 0, 0,
    0, 0, 0, 0, 0, 0, 0, 0, 0, 0, 0, 0,
    0, 0, 0, 0, 0, 0, 0, 0, 0, 0, 0, 0,
    0, 0, 0, 0, 0, 0, 0, 0, 0, 0, 0, 0,
    0, 0, 0, 0, 0, 0, 0, 0, 0, 0, 0, 0,
    0, 0, 0, 0, 0, 0, 0, 0, 0, 0, 0, 0,
    0, 0, 0, 0, 0, 0, 0, 0, 0, 0, 0, 0,
    0, 0, 0, 0, 0, 0, 0, 0, 0, 0, 0, 0,
    0, 0, 0, 0,
    ... 79260 more items
  ]
}
Unknown message from control worker: [object Object]
red child Received: [ 'start' ]
Voice assistant WebSocket server is running on ws://localhost:8000
recorder child Received: start
Received: {"payload":"*pong*","_msgid":"a738771f6d08b8a2"}
red parent Received:  started
control parent Received:  started
aaaaaaaaaaaaa
Control & Red init ok.
Main loop started.
recorder child Received: idle
keyword detected:  3
control parent Received:  record
recorder child Received: record
control parent Received:  {
  message: 'stt',
  recC: [
    Int16Array(512) [
      0, 0, 0, 0, 0, 0, 0, 0, 0, 0, 0, 0,
      0, 0, 0, 0, 0, 0, 0, 0, 0, 0, 0, 0,
      0, 0, 0, 0, 0, 0, 0, 0, 0, 0, 0, 0,
      0, 0, 0, 0, 0, 0, 0, 0, 0, 0, 0, 0,
      0, 0, 0, 0, 0, 0, 0, 0, 0, 0, 0, 0,
      0, 0, 0, 0, 0, 0, 0, 0, 0, 0, 0, 0,
      0, 0, 0, 0, 0, 0, 0, 0, 0, 0, 0, 0,
      0, 0, 0, 0, 0, 0, 0, 0, 0, 0, 0, 0,
      0, 0, 0, 0,
      ... 412 more items
    ],
    Int16Array(512) [
         0,    0,    0,    0,    0,    0,    0,    0,    0,    0,    0,
         0,    0,    0,    0,    0,    0,    0,    0,    0,    0,    0,
         1,   -2,    2,   -3,    5,   -6,    8,  -10,   12,  -14,   16,
       -18,   19,  -21,   22,  -22,   21,  -21,   21,  -31,  152, 2920,
      2963, 2762, 3003, 3180, 3097, 3650, 3766, 3351, 3729, 2898, 3596,
      3756, 3326, 4496, 4336, 3797, 3765, 3926, 3218, 3763, 4049, 3576,
      4819, 4605, 4809, 4764, 4784, 4456, 4649, 5062, 4188, 4439, 4659,
      4427, 4830, 4927, 4454, 4613, 4420, 3979, 4084, 4088, 3967, 3840,
      4144, 4301, 4076, 3945, 3543, 3543, 3642, 3699, 3837, 4002, 3990,
      3911,
      ... 412 more items
    ],
    Int16Array(512) [
      1493, 1520, 1434, 1606, 1823, 1807, 1783, 1691, 1894, 1755,
      1784, 1835, 1838, 1893, 1912, 1867, 1696, 1738, 1725, 1579,
      1618, 1632, 1823, 1789, 1897, 1962, 1759, 1830, 1880, 2037,
      1953, 2004, 1938, 1948, 1906, 1881, 1896, 1899, 1986, 1723,
      1697, 1528, 1472, 1203, 1121, 1282, 1293, 1459, 1532, 1826,
      1847, 1716, 1502, 1366, 1318, 1419, 1377, 1396, 1435, 1038,
      1059, 1183, 1397, 1344, 1409, 1247, 1195, 1248, 1156, 1166,
      1336, 1259, 1183, 1264, 1111, 1070, 1169, 1364, 1465, 1522,
      1382, 1445, 1475, 1464, 1223, 1094,  845, 1009, 1157, 1093,
      1376, 1335, 1619, 1744, 1866, 1980, 1793, 1717, 1671, 1686,
      ... 412 more items
    ],
    Int16Array(512) [
      1049, 1241, 1123, 1192, 1160, 1004, 1137, 1303, 1357, 1419, 1329,
      1264, 1190,  982,  970,  775,  711,  710,  783, 1042, 1077,  970,
      1011, 1082, 1179, 1177, 1192, 1143, 1099, 1016, 1030, 1055, 1017,
      1052, 1041, 1123, 1048, 1031, 1174, 1189, 1384, 1326, 1227, 1168,
      1083, 1026,  875,  781,  959,  630,  779,  663, 1054,  830,  253,
       943,  699,  461,  881,  987,  584,  739,  869,  840,  651,  698,
       692,  525,  745,  723,  694,  884,  904,  720,  785,  629,  396,
       375,  351,  288,  273,  468,  545,  723,  596,  451,  227,  353,
       355,  460,  656,  712,  686,  730,  753,  680,  469,  412,  364,
       250,
      ... 412 more items
    ],
    Int16Array(512) [
      -10834, -1724,   9751, -8532, -7647,  11301, -6130, -11464,
       11981, -5261, -10332,  2664,  3037, -13766, -1266,  11803,
       -2568, -9326,   7156,  6620, -7418,   4828,  7084,     -6,
        1776,  7402,   5807, -2609,  7834,   3415, -6157,   6163,
        7362, -4295,   2758,  5454, -4775,  -2140,  4428,  -1412,
       -5517,  3761,  -2898, -3323,  3374,    282, -2259,  -2021,
        3846,  1781,  -2698,  3210,  4880,   2792, -5565,    725,
       11037, -1705,  -5342,  2938,  4800,  -5749,  2745,   4051,
       -3418, -2390,   6689,   893, -9857,   8072,  4883,  -9612,
       -4727,  9459,  -3013, -4500,  2746,   -706, -1087,   -838,
        4587, -5450,  -2303,  4880, -5961,   2349,   716,   5443,
        -595, -3509,   4027,  1844,   833,  -4031,  5481,  -1259,
        1636, -3645,   6315,  3290,
      ... 412 more items
    ],
    Int16Array(512) [
      -2421, -2906, -2171, -1867, -3810, -1567,  1319,  -763,  -187,
      -1280, -2068,  2409,   -72, -1209, -1382,  1863,  6441,  1218,
      -4493,  4719,  4409,  -964,  -734,  1574,  3919,  1405,   374,
        512,   -74,  1656,   -78, -1988,  -283,   906,   796, -2015,
      -3817,   416,  3140, -4713, -1482,  2157,  1816, -2330,  -606,
       4316,  -138,  -593,  1667,  2945,  1801,  2045,    70,   850,
        124,   550,  4501,  -398,  -316, -1218,  1180, -1684,  -907,
        675, -3811, -2176,   628, -1959, -5438, -1252,   -23, -5648,
      -3370,   241,  -698, -1725, -4627,  -589,  2164, -3362,  -807,
       1027,  -927,  1075,  -568, -1144, -1024,  1490,  -475, -1368,
       1870,  3204,  2739,    56,  1145,  2358, -1347, -2694,   688,
       1793,
      ... 412 more items
    ],
    Int16Array(512) [
       -584, -756,  -868, -263, -545,  -23, -1737,  -411, 2319,
        881, 1506,   803, 1138,  935, 2279,   806,   400, 1970,
        296, -199, -1286, 1418, 2339, -953, -1096,   270,  612,
       2138,   56,   572, 1292, 1377, 1414,  2108,  2796, 2747,
       2237,  634,  1254, 3493, 3750, 1417,   -96,  1212, 2944,
       2080,  298,  2025, 1195, 1318, 1551,   116,   633, 1902,
        988,  332,  1963, 3553, 1949, -660,  1077,  1401,   37,
       1862,  812,  1140,  465, 1099,  751,   824,  -973,  346,
       1578, -456,   909, 2691, 2477,  283,  1093,  2714, -345,
       1223, 1660,  -258, -597,  -27, 1607, -1621, -1215, 1137,
       1217, -462, -1172,  650,  569, -225,    25, -1201, -934,
      -1490,
      ... 412 more items
    ],
    Int16Array(512) [
        891,   632, -1207,   -43,    -1,  -865, -1065,  -874,   611,
       1038,   757,  -392,   381,   789,   838,  -760,    10,  1544,
        917,   545,   535,  1265,  1143,   787,  -252,   414,  1601,
       1838,   853,  -256,  -351,   386,  -624, -1365,  -927,  -748,
       -296, -1336,  -127,  -818, -1084, -1500, -1871, -1948, -1614,
       -830, -1383, -1203, -1192, -1254, -1209, -1358, -1354, -1407,
      -1365, -1016,  -316,  -707,  -262,  -932, -1095,  -604, -1425,
      -1788, -2224, -1878, -1306, -1784, -1474,  -174,  -455, -1042,
      -1484, -1202,  -705,  -593, -1045, -1154, -1304, -1079,  -516,
      -1384, -1828, -1117,  -388, -1113,  -965,  -263,  -994, -1339,
       -383,  -177,  -628,  -336,  1094,   507,  -562,   218,   198,
       -447,
      ... 412 more items
    ],
    Int16Array(512) [
        903,  1175,  1200,  1324,  1090,  1361,  1709,  1551,  1534,
       1531,  1212,   928,  1010,  1155,  1210,   624,   898,   894,
        802,   379,  -227,  -206,  -356,   -91,   110,    81,   116,
        -73,  -145,  -246,    -6,   350,   359,   199,   152,    62,
        109,     8,  -128,  -101,  -488,  -473,  -652,  -594,  -280,
       -243,  -147,  -241,  -747,  -665,  -598,  -830, -1159, -1484,
      -1234, -1442, -1021,  -971, -1005,  -750, -1435, -1582, -1573,
      -1545, -1176, -1412, -1392, -1200, -1238, -1233, -1420, -1581,
      -1686, -1707, -1685, -1552, -1405, -1463, -1386, -1505, -1809,
      -1524, -1795, -1585, -1750, -1489, -1388, -2097, -1932, -2570,
      -1834, -1706, -1990, -2102, -2620, -2689, -2414, -2110, -2136,
      -1615,
      ... 412 more items
    ],
    Int16Array(512) [
      1363,  1469, 1592, 1734, 1887, 1790, 1681, 1488, 1383,
      1211,  1160, 1124,  981,  748,  810,  701,  645,  677,
       578,   749,  844,  759,  525,  574,  671,  825,  637,
       348,   351,  316,  310,  185,  301,  422,  477,  527,
       596,   636,  516,  394,  360,  476,  391,  282,  218,
       161,  -111, -317, -123,    9,  290,  233,  116,   90,
       -24,  -262, -338, -499, -497, -413, -443, -606, -735,
      -711,  -825, -706, -718, -591, -496, -523, -626, -721,
      -528,  -551, -638, -700, -630, -633, -634, -727, -821,
      -917, -1114, -980, -767, -718, -740, -847, -923, -928,
      -775,  -701, -704, -702, -790, -772, -650, -600, -481,
      -355,
      ... 412 more items
    ],
    Int16Array(512) [
      -1180, -1449, -1432, -1456, -1389, -1268, -1213, -1136, -1070,
      -1055,  -999,  -908, -1097, -1373, -1365, -1150,  -964,  -875,
      -1032, -1276, -1345, -1281, -1081, -1071, -1026, -1067, -1220,
      -1385, -1533, -1459, -1316, -1004, -1049, -1093,  -985,  -786,
       -512,  -593,  -504,  -388,  -207,  -251,  -247,  -567,  -739,
       -820,  -685,  -671,  -744,  -724,  -815,  -620,  -649,  -549,
       -352,  -271,  -270,  -394,  -309,  -148,  -344,  -338,  -216,
       -179,  -147,  -121,    57,    21,   -90,  -169,  -305,  -441,
       -537,  -622,  -685,  -815,  -751,  -582,  -368,  -179,  -174,
       -135,    22,   134,   208,   291,   237,   161,    76,   147,
        117,  -250,  -562,  -758,  -756,  -626,  -471,  -403,  -337,
       -156,
      ... 412 more items
    ],
    Int16Array(512) [
       112,   -4,  -25,  -63,   97,  186,  273,  373,  315,  294,  381,
       403,  452,  409,  350,  506,  466,  437,  494,  579,  510,  561,
       567,  396,  275,   63,  366,  373,  403,  470,  562,  711,  745,
       772,  575,  351,  250,  412,  534,  646,  734,  816,  810,  706,
       714,  624,  709,  636,  577,  830,  988, 1161, 1032,  998,  898,
       951,  691,  508,  555,  604,  647,  548,  533,  588,  694,  814,
       720,  541,  418,  427,  506,  415,  245,   38,  -26, -118, -143,
         1,  267,  408,  332,  117,   36,   15,  -62, -200, -280, -400,
      -578, -617, -607, -526, -573, -541, -445, -299, -149, -114, -159,
      -279,
      ... 412 more items
    ],
    Int16Array(512) [
       -171,  -193,  -309,  -357,  -274,  -372,  -352,  -313,  -448,
       -668,  -954, -1159, -1191, -1133, -1063,  -982,  -962,  -681,
       -577,  -762,  -915, -1038,  -996,  -933,  -809,  -809,  -681,
       -924,  -936,  -869,  -837,  -702,  -666,  -712,  -775,  -726,
       -644,  -499,  -522,  -551,  -470,  -317,  -217,   -36,   102,
        289,   242,   394,   570,   481,   432,   341,   151,     8,
       -147,  -276,  -290,  -322,  -132,    45,   121,   218,   266,
        254,    60,  -161,  -207,  -326,  -436,  -304,  -374,  -617,
       -783,  -796,  -583,  -646,  -719,  -739,  -853,  -723,  -826,
       -928, -1002, -1124, -1065, -1099, -1188, -1383, -1537, -1563,
      -1554, -1497, -1428, -1418, -1180, -1158, -1107, -1092, -1208,
      -1214,
      ... 412 more items
    ],
    Int16Array(512) [
      -351, -271,  -82,  -31, -175, -208, -241, -293, -296, -381, -372,
      -476, -423, -434, -296, -179, -141, -287, -596, -470, -362, -531,
      -571, -723, -708, -550, -351, -308, -232, -121, -161, -237, -161,
      -233, -247, -150,  -91,   58,   16,  125,  340,  283,  357,  387,
       485,  532,  532,  664,  629,  724,  758,  850,  784,  793,  856,
       875, 1002,  911, 1029, 1023,  875,  750,  760,  686,  571,  588,
       673,  802,  895,  797,  767,  700,  706,  656,  723,  832,  932,
       937,  734,  707,  629,  686,  696,  518,  445,  612,  794,  813,
       779,  687,  655,  730, 1136, 1337, 1334, 1267, 1165, 1150, 1167,
      1180,
      ... 412 more items
    ],
    Int16Array(512) [
      -1513, -1750, -1929, -1885, -1769, -1638, -1577, -1732, -1901,
      -2084, -2144, -2276, -2252, -2179, -2288, -2348, -2266, -2140,
      -2117, -2228, -2253, -2262, -2085, -2002, -1926, -1762, -1725,
      -1712, -1776, -1849, -1894, -1934, -1845, -1752, -1690, -1469,
      -1285, -1134, -1205, -1251, -1142,  -934,  -731,  -699,  -875,
       -806,  -617,  -431,  -393,  -494,  -458,  -266,  -105,  -134,
       -201,  -234,  -311,  -398,  -288,  -334,  -303,  -297,  -519,
       -736,  -797,  -724,  -697,  -659,  -502,  -337,  -462,  -476,
       -473,  -411,  -249,  -318,  -520,  -707,  -828,  -733,  -623,
       -540,  -599,  -703,  -732,  -737,  -768,  -847,  -730,  -571,
       -491,  -641,  -607,  -549,  -565,  -475,  -567,  -364,  -221,
        -39,
      ... 412 more items
    ],
    Int16Array(512) [
       -731,  -804,  -639,  -364,  -312,  -379,  -426,  -492,  -351,
       -150,  -209,  -299,  -535,  -536,  -435,  -396,  -321,  -301,
       -402,  -529,  -347,  -439,  -598,  -577,  -500,  -471,  -414,
       -416,  -578,  -564,  -606,  -518,  -420,  -499,  -524,  -665,
       -779,  -672,  -628,  -517,  -405,  -516,  -492,  -541,  -595,
       -500,  -407,  -511,  -524,  -617,  -517,  -706,  -855,  -747,
       -764,  -624,  -797,  -849,  -893,  -796,  -754,  -647,  -696,
       -707,  -779,  -803,  -853,  -997, -1057, -1057,  -847,  -859,
       -776,  -725,  -727,  -788,  -888,  -938,  -884, -1103, -1509,
      -1486, -1478, -1514, -1438, -1449, -1337, -1234,  -999,  -985,
      -1188, -1450, -1657, -1408, -1286, -1306, -1377, -1415, -1415,
      -1413,
      ... 412 more items
    ],
    Int16Array(512) [
      110, 172,  13, -117, 134, 288, 564,  693, 581, 433, 300,
      303, 182,  93,  132, 193, 419, 440,  452, 573, 722, 679,
      447, 384, 653,  745, 796, 708, 501,  392, 362, 485, 521,
      525, 487, 674,  763, 799, 575, 635,  368, 157, 203, 195,
       66,  21,  35,  132, 430, 563, 638,  591, 586, 504, 556,
      615, 594, 353,  289, 233, 243, 201,  103,  29, 164, 303,
      354, 405, 431,  394, 489, 647, 893, 1022, 950, 852, 627,
      518, 337, 234,  388, 459, 586, 732,  656, 769, 841, 917,
      751, 790, 884,  678, 606, 556, 616,  577, 548, 750, 702,
      696,
      ... 412 more items
    ],
    Int16Array(512) [
       -434,  -436,  -501,  -466,  -435,  -225,    18,  -106,  -179,
       -304,  -128,   118,    99,   166,     0,  -217,  -359,  -286,
        -83,    15,    44,    21,  -118,  -235,  -372,  -362,  -200,
       -158,  -203,  -375,  -469,  -564,  -862,  -856,  -839,  -789,
       -696,  -702,  -700,  -685,  -708,  -838,  -860,  -996, -1043,
      -1271, -1364, -1395, -1507, -1415, -1534, -1602, -1708, -1919,
      -1801, -1754, -1747, -1823, -1888, -2167, -2370, -2355, -2436,
      -2313, -2177, -2161, -2195, -2267, -2102, -1858, -1658, -1522,
      -1719, -1872, -2036, -2164, -2103, -2039, -1853, -1694, -1786,
      -1887, -1974, -1997, -1794, -1664, -1687, -1754, -1622, -1726,
      -1827, -1717, -1666, -1467, -1348, -1268, -1271, -1319, -1169,
      -1278,
      ... 412 more items
    ],
    Int16Array(512) [
       468,  377, 482, 438, 329, 429,  433, 276,  64, -58,  -5,
       198,  301, 360, 316, 368, 407,  399, 468, 374, 209,  26,
      -161, -113, 130, 214, 213, 236,  401, 540, 632, 532, 508,
       625,  722, 623, 472, 355, 214,  132, 174,  55,  29, 154,
       101,  100,  66, -63, -31,  75,   71,  19,  39, 249, 261,
       250,  261, 231, 202,  94, 134,   98, 168, 254, 214, 212,
       129,  136, 175, 237, 120,  48,  120, 178, 229, 279, 161,
       104,  107, 220, 173, 110, 240,  413, 432, 155, 167,  88,
       115,  149, 224, 206, 222,  61, -136, -31,   1,  35, 207,
       228,
      ... 412 more items
    ],
    Int16Array(512) [
      -923, -813, -700, -724, -696, -841, -890, -809, -725, -702,
      -591, -606, -687, -583, -685, -671, -644, -679, -561, -364,
      -197,  -18,  187,  135,   34, -127, -197, -318, -371, -169,
        34,    5,   21,    8,  -10, -103, -221, -177,   44,  130,
       255,  257,  254,  297,  370,  574,  574,  838, 1050, 1170,
      1176, 1149, 1222, 1287, 1552, 1794, 1733, 1554, 1531, 1460,
      1505, 1706, 1761, 1763, 1933, 2130, 2328, 2580, 2689, 2626,
      2581, 2402, 2491, 2584, 2570, 2640, 2622, 2721, 2692, 2870,
      3006, 2955, 2970, 2816, 2860, 2911, 3033, 3185, 3389, 3489,
      3501, 3531, 3528, 3390, 3425, 3403, 3387, 3340, 3213, 3148,
      ... 412 more items
    ],
    Int16Array(512) [
       310,  399,  586,  674,  632,  621,  367,  123,  165,   17,   63,
        -8,  -22, -102, -286, -303, -161, -251, -379, -468, -556, -558,
      -422, -292, -345, -379, -610, -595, -359, -192, -163, -201, -274,
      -475, -613, -719, -812, -893, -782, -706, -775, -690, -540, -464,
      -513, -434, -361, -266, -244, -290, -247, -173, -153, -201, -320,
      -309, -158,   66,  353,  315,  323,  352,  432,  410,  273,   42,
       -75,   50,  231,  363,  255,  137,  244,  377,  401,  489,  231,
       165,  189,  164,  228,  249,  405,  513,  678,  815,  885,  925,
       988,  976,  984,  911,  829,  662,  701,  685,  458,  496,  638,
       937,
      ... 412 more items
    ],
    Int16Array(512) [
      -1399, -1447, -1579, -1728, -1539, -1368, -1358, -1582, -1532,
      -1621, -1457, -1318, -1488, -1437, -1407, -1495, -1698, -1868,
      -1717, -1552, -1394, -1287, -1369, -1740, -1892, -1842, -1790,
      -1612, -1533, -1516, -1455, -1603, -1699, -1820, -1909, -1794,
      -1574, -1320, -1223, -1295, -1535, -1496, -1288, -1097, -1000,
       -926,  -927, -1131, -1145,  -866,  -553,  -319,  -170,  -107,
       -121,  -133,  -242,  -234,  -228,  -267,  -109,   143,   378,
        408,   499,   405,   417,   358,   308,   507,   699,   840,
       1011,   957,   839,   846,   823,   733,   782,   866,   765,
        871,   956,   897,   946,   904,   968,  1043,   855,   852,
        845,   888,   811,   703,   901,  1023,  1141,  1045,  1020,
        922,
      ... 412 more items
    ],
    Int16Array(512) [
       147,  237,  350,  327,  406,  325,  241,  159,  248,  170,
       228,  195,  148,  104,  -53,  171,  209,  115,  -27, -128,
      -166,  -24,   42, -144, -241, -305, -374, -323, -367, -355,
      -361, -327, -189, -108,  -81, -170, -163, -109, -252, -277,
      -252, -289, -276, -173, -216, -122, -324, -486, -632, -546,
      -325, -370, -479, -430, -227,   -4,  166,  110,  133,   54,
       -65, -229, -456, -550, -510, -363, -344, -430, -441, -476,
      -513, -593, -564, -507, -206,  -12,  -90, -272, -419, -414,
      -355, -323, -259, -218, -253, -204, -109, -302, -459, -577,
      -533, -488, -593, -487, -420, -379, -268, -369, -279, -132,
      ... 412 more items
    ],
    Int16Array(512) [
       607,  648,  701,  756,  724,  613,  694,  637,  831, 1010, 1173,
      1127, 1011,  925,  720,  741,  944, 1028, 1196, 1192, 1170, 1187,
      1326, 1487, 1583, 1391, 1257, 1419, 1442, 1424, 1482, 1470, 1346,
      1478, 1490, 1502, 1480, 1414, 1246, 1236, 1231, 1215, 1288, 1285,
      1104, 1030, 1089, 1181, 1179, 1179, 1105, 1005,  929,  853,  771,
       711,  798,  808,  918,  912,  908,  944, 1173, 1361, 1474, 1505,
      1478, 1319, 1079, 1094, 1035,  986,  922,  984, 1149, 1130, 1113,
       895,  796,  820,  676,  786,  924, 1089, 1082,  936,  689,  735,
       752,  783,  866,  858,  574,  306,  167,  152,  173,  109,   23,
        82,
      ... 412 more items
    ],
    Int16Array(512) [
        29,  101,   29,  -85, -231, -350, -404, -333, -282, -239, -435,
      -517, -585, -571, -413, -279, -197, -438, -777, -772, -508, -289,
      -159, -226, -334, -468, -494, -481, -302,   -3,  115,   94,  152,
       270,  274,  418,  366,  324,  249,  262,  232,  253,  298,  436,
       473,  540,  476,  273,  128,   79,   46,  -66, -173, -328, -344,
      -208, -157, -141,   30,  249,  292,  415,  369,  282,  287,  335,
       492,  453,  364,  201,  196,  235,  210,  236,  268,  285,   90,
       -41, -204, -178, -117,  -55,   40,  -76, -149, -146, -187, -137,
        36,  166,  273,  446,  338,   12, -245, -432, -526, -440, -327,
      -342,
      ... 412 more items
    ],
    Int16Array(512) [
        32,   80,  150, 109,  -3, -24, -110,  -92,  -24,   61,  197,
       178,  195,  113, 147,  47, -62,  -66, -189, -174,  -47,   59,
       122,  140,  152, 267, 292, 216,  140,    9,  -84, -108, -141,
      -240, -166, -196, -87, -99,  72,  214,  225,  478,  508,  577,
       508,  355,  357, 396, 386, 283,  241,  113,  164,  250,  272,
       241,  351,  341, 362, 397, 200,  259,  173,  -35,  -77, -164,
      -129, -159,   -8,  47,  41, -76,  -99, -189, -214, -161,  -82,
       154,  363,  584, 620, 636, 496,  234,  161,  131,  241,  359,
       321,  209,   51,  87,  62,  81,  136,  162,  345,  267,  246,
       200,
      ... 412 more items
    ],
    Int16Array(512) [
      -435, -524, -669, -587, -492, -493, -596, -586, -450, -416,
      -361, -289, -339, -449, -354, -453, -281, -120, -166, -154,
      -192,  -29,  -40,  105,   45, -172, -138, -183, -383, -429,
      -295, -163, -222, -252, -203, -153, -152, -214, -180, -344,
      -205,  -45,   60,  133,  -67, -126, -257, -195,  -70, -109,
        -5, -128, -227, -221, -142, -154, -179, -300, -439, -484,
      -456, -258, -264, -253, -328, -232, -216, -211, -187, -171,
      -112,  -61,  144,  291,  407,  297,  139,  -53,  -95, -129,
      -161, -168, -156, -114, -137, -180, -297, -219, -130,    7,
        94,  124,  139,   32,  -45, -116, -209, -289, -158,  -99,
      ... 412 more items
    ],
    Int16Array(512) [
      -396, -362, -368, -220, -265, -398, -556, -601, -430, -241, -227,
      -258, -232, -149,  -50, -147,  -90, -134, -153, -111, -114, -201,
      -116,  -50,  -46,   45,    2,   46,  153,  -77, -213, -237, -268,
      -242, -242, -105,  -63,  -66,   -6,   24,   35,  -76, -158, -153,
      -129, -262, -311, -281, -250, -312, -450, -627, -602, -453, -304,
      -319, -341, -461, -360, -324, -309, -207, -217, -171, -244, -201,
      -333, -257, -200, -144,  -35,   -2,   23, -115, -111, -104,  -73,
       130,  123,   52,   -5, -110,  -91,   18,   30, -111,  -34,   35,
       105,  -25,   84,    0,   40,  -72,  -16,  -56,  -11,  183,   76,
       190,
      ... 412 more items
    ],
    Int16Array(512) [
       566,  372,  220,  291,  272,  255,  263,  333,  213,  240,   57,
       127,  239,  234,  185,  238,  350,  179,  161,  249,  400,  452,
       422,  437,  482,  522,  391,  366,  317,  129,  193,  178,   62,
       143,  234,  294,  335,  218,  119,  101,   -3,    7,   43,  147,
       116,    7,  -78, -133,  -73,  -73,  141,  190,  235,  354,  230,
       131,  254,  163,   54,   98,   25,  -49, -135, -208, -227, -180,
      -177, -207, -146, -189,   49,  -15, -103, -187, -378, -503, -776,
      -714, -587, -613, -610, -483, -334, -345, -363, -209,   -8,  230,
       269,  124,  -39,   15, -114, -203,   69,  137,   38,  -83, -214,
       -84,
      ... 412 more items
    ],
    Int16Array(512) [
      -185, -157, -168,   -6,   50,  198,  222,  137,   61, -117, -136,
      -174,  -64,  132,  332,  414,  286,  354,  355,  371,  266,  139,
        95,  -32, -212, -315, -404, -295, -193, -217,  -23,  -28,    8,
       -59, -147,  -50, -142,  -65,  129,  265,  455,  400,  235,  173,
       212,  194,  172,  282,  202,  192,  203,  110,  223,  121,   71,
        29,   79,  153,  236,  273,  379,  264,  179,  105,  -34,   80,
        20,    7,  -59,  -88, -205, -287, -278, -182,  -93,  -82,  134,
       139,   52,  131,  -45, -355, -412, -391, -304, -339, -404, -467,
      -465, -433, -299, -121, -124, -237, -314, -297, -351, -302, -436,
      -359,
      ... 412 more items
    ],
    Int16Array(512) [
      -427, -324, -228,  -61,  -27, -121,  -99,   27, -10,  16, 146,
       341,  305,  168,  -12, -144,  -14,  -39,   21, 219, 266, 141,
        49,   87,   69,   33,  -90, -217, -185,  -48, -61, -71, -41,
       -66,  110,  -51, -311, -394, -502, -506, -355, -19,  77,  74,
       112,   14,  -31,  -46, -131,   77,  127,  191, 286,  54, -56,
      -188, -217,  -49,  116,  269,  295,  318,  436, 459, 404, 488,
       542,  520,  449,  536,  518,  582,  569,  390, 309, 403, 488,
       484,  388,  234,   38,   99,  181,   10,    8, -32,   1, 192,
       409,  509,  344,  370,  455,  452,  464,  385, 305, 117,  -5,
        13,
      ... 412 more items
    ],
    Int16Array(512) [
      -318, -238, -325, -378, -359, -292, -141, -216, -107, -171, -215,
      -362, -343, -266,  -99,  147,  248,  344,  283,  157,  -15,   55,
       102,  177,  125,  200,  187,  255,  402,  428,  390,  296,  162,
        41,  236,  339,  384,  298,  262,  145,  181,  355,  294,  274,
       127,   53,  -19,  -33,   64,   61,   61,   64,  131,  123,   33,
       -20,  -49,   71,  -27,  -15,   81,   32,  191,  321,  257,  274,
       206,   65,  -14, -235, -105,   29,  175,  362,  455,  425,  422,
       510,  304,  252,  227,  225,  283,  344,  169,  189,  431,  421,
       492,  583,  564,  451,  380,  134,   45,   34, -219, -173, -127,
       -42,
      ... 412 more items
    ],
    Int16Array(512) [
      -116, -152, -203, -375, -510, -476, -426, -347, -255, -223,
      -299, -328, -392, -419, -335, -293, -187, -226, -253, -207,
      -244, -261, -252, -322, -258, -248, -170,  -33,   37,  191,
       135,    5,   40,   46, -116, -294, -235,  -72,  -48,  -81,
      -173, -240, -441, -415, -406, -504, -584, -593, -525, -407,
      -446, -523, -294, -178,  -54,  -85, -292, -361, -475, -556,
      -478, -357, -211, -239, -298, -279, -192, -206, -217, -299,
      -418, -401, -368, -297, -326, -208,   50,   17,   98,   30,
       -29, -315, -266,  -17,  100,  389,  300,  375,  189,   57,
       -61,  -95, -148,  -89,  -44,   22,  -16,   39,  137,  183,
      ... 412 more items
    ],
    Int16Array(512) [
      -366, -387, -198,   34,  123,  -80, -140, -186, -294, -219,
      -104,  -27,  -28, -172, -455, -559, -529, -297, -182, -264,
      -287, -504, -350, -242, -297, -400, -272,  -51,  -47, -151,
      -225, -353, -269,  -81, -164, -113, -260, -407, -350, -255,
      -165,  -30,  -49, -216, -326, -461, -348, -242, -173, -221,
      -289, -234,  -96, -122, -175,  -75, -108,   -3, -216, -328,
      -431, -563, -544, -469, -509, -634, -647, -546, -483, -439,
      -374, -439, -406, -332, -353, -390, -349, -178,   48,  -21,
       -54, -187, -241, -253, -225, -383, -363, -156, -112,  -32,
       -83,  -67,   40,  244,  251,   52,  -27,  -88,   30,  134,
      ... 412 more items
    ],
    Int16Array(512) [
       162,  197,  253,  434,  407,  458,  556,  658,  834,  652,  528,
       652,  669,  469,   71,  -67,  207,  281,  309,  141,   82,    5,
       -41,   34,  -94, -191, -283, -312, -207, -275, -258, -349, -506,
      -366, -145,  -43,  -51,  -95, -224, -276, -206, -172, -198, -170,
      -107,  -83,  -50, -124,  -21,  -67, -156, -179,  -45,   71,   97,
       224,   46,  -17,  -99,   11,   20,  -57,   60,    8,  -62, -150,
      -212, -403, -452, -524, -665, -678, -590, -686, -680, -497, -332,
      -452, -537, -460, -552, -645, -657, -547, -421, -384, -333, -316,
      -148,   -6,  -93, -111, -142, -181, -258, -429, -500, -495, -488,
      -377,
      ... 412 more items
    ],
    Int16Array(512) [
      1167, 1201,  1115,   919,  919,  930,  754,  728,  579,  573,
       659,  789,   903,   965, 1078, 1224, 1309, 1209, 1102,  949,
       748,  503,   414,   377,  327,  251,  154,  207,  410,  373,
       478,  497,   564,   439,  173,  -13, -157, -128,  -58,  120,
       331,  547,   505,   354,  292,   58,   13,   65,    6,  -19,
        22,   -9,  -284,  -317, -399, -513, -456, -453, -457, -468,
      -418, -429,  -431,  -354, -420, -567, -594, -550, -544, -471,
      -402, -321,  -341,  -309, -408, -405, -476, -743, -895, -779,
      -785, -939, -1050, -1009, -992, -976, -994, -883, -742, -756,
      -768, -923,  -883,  -816, -744, -589, -565, -482, -369, -303,
      ... 412 more items
    ],
    Int16Array(512) [
       548,  406,  279,   48,   83,  137,  296,  433,  469,  487,  426,
       375,  396,  431,  295,  312,  490,  513,  602,  735,  707,  701,
       656,  604,  550,  416,  273,  324,  459,  628,  776,  791,  755,
       672,  681,  593,  557,  692,  625,  590,  596,  581,  658,  600,
       504,  366,  393,  471,  675, 1016, 1042, 1018, 1120, 1157, 1222,
      1248, 1315, 1247, 1268, 1247, 1144, 1119, 1109, 1334, 1405, 1459,
      1766, 1755, 1788, 1680, 1497, 1531, 1327, 1271, 1181, 1309, 1361,
      1284, 1341, 1382, 1338, 1375, 1350, 1422, 1473, 1547, 1703, 1785,
      1810, 1667, 1544, 1445, 1250, 1211, 1108, 1009,  937,  831,  862,
       727,
      ... 412 more items
    ],
    Int16Array(512) [
       228,  326, 295, 167,  63,  74, 158,  332,  386,  409,  401,
       309,  193, 110,  35,  34,  87, 138,   43,  131,   15, -206,
      -305, -146, -17,  49, 119, 119, 309,  309,  431,  417,  405,
       199,   75, 108, 112, 222, 241, 111,  175,  155,  182,  424,
       633,  688, 696, 682, 579, 564, 481,  543,  566,  640,  684,
       660,  641, 700, 693, 712, 728, 909, 1115, 1169, 1172,  991,
       841,  710, 592, 675, 724, 667, 455,  489,  563,  681,  764,
       750,  857, 930, 796, 685, 510, 387,  387,  467,  689,  741,
       737,  741, 655, 629, 629, 613, 690,  799,  793,  635,  443,
       303,
      ... 412 more items
    ],
    Int16Array(512) [
      -1023, -1006, -1336, -1512, -1612, -1565, -1422, -1532, -1547,
      -1560, -1621, -1616, -1743, -1998, -2186, -2389, -2513, -2461,
      -2434, -2253, -1977, -1895, -1879, -1988, -2104, -2061, -1984,
      -1962, -1790, -1889, -1919, -2022, -2072, -2068, -2079, -2052,
      -1995, -1945, -1922, -1943, -1909, -1682, -1710, -1559, -1412,
      -1502, -1543, -1535, -1500, -1435, -1271, -1140,  -980,  -814,
       -675,  -586,  -562,  -546,  -454,  -369,  -255,  -226,  -303,
       -239,  -165,  -270,  -333,  -408,  -662,  -671,  -517,  -420,
       -207,  -143,  -112,   -67,    53,   191,   264,   317,   367,
        367,   308,   304,   379,   307,   354,   464,   263,    86,
       -207,  -177,  -136,   -65,   358,   313,   274,   259,   129,
        122,
      ... 412 more items
    ],
    Int16Array(512) [
      -1124, -1218, -1248, -1383, -1473, -1633, -1773, -1674, -1610,
      -1630, -1628, -1529, -1439, -1440, -1355, -1311, -1509, -1631,
      -1844, -2043, -2111, -2106, -1992, -2045, -1998, -1892, -1738,
      -1558, -1484, -1545, -1622, -1584, -1432, -1317, -1209, -1085,
      -1112,  -969,  -775,  -688,  -761,  -765,  -735,  -720,  -523,
       -327,   -68,  -110,    61,   167,    68,    71,   -39,   211,
        441,   527,   579,   816,   991,  1167,  1331,  1239,  1226,
       1306,  1320,  1240,  1218,  1098,  1105,  1158,  1189,  1333,
       1389,  1570,  1709,  1687,  1562,  1435,  1494,  1644,  1633,
       1613,  1597,  1576,  1655,  1543,  1294,  1182,  1122,  1248,
       1418,  1655,  1828,  1953,  2078,  2021,  1945,  1875,  1734,
       1783,
      ... 412 more items
    ],
    Int16Array(512) [
      -380, -237, -220, -192, -238, -216, -177, -243, -243, -220, -151,
      -428, -515, -636, -623, -526, -432, -255, -249, -185, -169, -122,
        65,  195,  107,   -3,  -93,  -84,   26,  -90, -203, -258, -400,
      -501, -694, -736, -605, -462, -301, -182, -126,   53,   33,   11,
       162,  144,  136,  -50,  -11,   44,   44,  -13, -189, -383, -464,
      -424, -445, -460, -428, -329, -120,  -29,  -95, -118, -188, -192,
      -135, -195, -125,   56,  -50,  -30,   24,  149,  154,  166,  185,
        14,  -46,  -77,   39,  -13,  122,  175,  180,  302,  207,  206,
       164,  114,   25,    3, -121, -174,  -50,   61,  188,  264,  150,
        79,
      ... 412 more items
    ],
    Int16Array(512) [
       796,  957,  898,  779,  683,  687,  671,  692,  728,  705,
       618,  640,  638,  523,  544,  581,  548,  534,  468,  423,
       520,  704,  922, 1265, 1345, 1297, 1221, 1161, 1317, 1392,
      1414, 1476, 1506, 1560, 1715, 1763, 1659, 1685, 1696, 1737,
      1777, 1842, 1987, 2110, 2137, 2017, 2034, 2107, 2108, 2097,
      2176, 2112, 2200, 2194, 2225, 2145, 2092, 2189, 2169, 2262,
      2129, 2069, 1887, 1896, 1894, 1907, 1844, 1818, 1688, 1573,
      1520, 1254,  999, 1169, 1327, 1355, 1409, 1334, 1225, 1173,
      1114, 1069,  903,  712,  598,  557,  705,  594,  488,  333,
       217,   -4,  -81,  107,  391,  381,  132,  174,  222,  217,
      ... 412 more items
    ],
    Int16Array(512) [
      -1929, -2048, -2106, -2113, -1997, -1948, -1784, -1811, -1884,
      -1940, -1896, -1853, -1874, -1908, -1836, -1721, -1785, -1780,
      -1833, -1902, -1888, -1912, -1727, -1538, -1576, -1732, -1784,
      -1766, -1697, -1543, -1396, -1323, -1262, -1187, -1190, -1003,
       -933,  -775,  -608,  -466,  -438,  -368,  -363,  -359,  -284,
       -293,  -202,     5,   325,   468,   489,   479,   454,   380,
        525,   716,   876,  1057,  1135,  1203,  1177,  1142,  1043,
       1189,  1238,  1257,  1324,  1313,  1411,  1285,  1189,  1136,
       1362,  1312,  1255,  1255,  1254,  1294,  1235,  1301,  1428,
       1492,  1326,  1242,  1179,  1053,  1093,  1172,  1262,  1241,
       1146,  1126,  1280,  1198,  1101,  1055,  1028,  1117,  1077,
       1160,
      ... 412 more items
    ],
    Int16Array(512) [
      -695, -608, -514, -516, -726, -649, -548,  -359, -311,
      -352, -366, -493, -557, -728, -766, -866, -1006, -960,
      -865, -634, -636, -844, -856, -939, -852,  -840, -813,
      -862, -852, -819, -921, -903, -835, -736,  -700, -582,
      -570, -566, -608, -807, -911, -864, -887,  -791, -596,
      -590, -739, -830, -754, -666, -549, -535,  -518, -385,
      -491, -503, -566, -670, -598, -632, -720,  -715, -495,
      -255, -181, -324, -596, -602, -684, -610,  -465, -399,
      -534, -637, -512, -530, -380, -392, -457,  -457, -408,
      -329, -330, -537, -746, -736, -708, -586,  -306, -241,
      -213, -247, -357, -408, -403, -301, -274,  -261, -457,
      -538,
      ... 412 more items
    ],
    Int16Array(512) [
         36,   -37,  -120,  -149,   -79,   -28,  -240,  -260,  -212,
       -309,  -374,  -539,  -568,  -563,  -556,  -521,  -479,  -592,
       -722,  -721,  -646,  -537,  -560,  -494,  -589,  -582,  -706,
       -818,  -820, -1053, -1225, -1270, -1302, -1280, -1304, -1153,
       -990,  -981,  -858,  -815,  -734,  -723,  -805,  -799,  -826,
       -722,  -852,  -808,  -693,  -756,  -691,  -835,  -817,  -802,
       -854,  -879,  -915,  -906,  -738,  -778,  -762,  -737,  -908,
       -852,  -960,  -936,  -866,  -722,  -621,  -731,  -694,  -737,
       -833,  -974, -1124, -1148, -1183, -1141, -1129, -1197, -1217,
      -1245, -1161, -1018,  -804,  -877, -1050, -1071, -1108,  -989,
       -927,  -761,  -824, -1032, -1115, -1252, -1343, -1352, -1213,
      -1347,
      ... 412 more items
    ],
    Int16Array(512) [
      -1305, -1442, -1534, -1287, -1179, -1167, -1098, -1134, -1277,
      -1386, -1611, -1509, -1210, -1036, -1008, -1042, -1098, -1147,
      -1153, -1074,  -996,  -881,  -559,  -404,  -478,  -456,  -441,
       -510,  -369,  -151,  -150,  -110,  -150,  -261,  -147,  -215,
        -88,   228,   430,   552,   625,   715,   612,   650,   799,
        925,   739,   691,   780,  1087,  1272,  1238,  1259,  1193,
       1126,  1097,  1249,  1368,  1407,  1479,  1521,  1473,  1467,
       1540,  1570,  1714,  1696,  1738,  1827,  1769,  1723,  1554,
       1493,  1542,  1558,  1595,  1575,  1426,  1321,  1313,  1516,
       1691,  1925,  2129,  2230,  2054,  1786,  1670,  1503,  1354,
       1250,  1294,  1480,  1663,  1606,  1527,  1484,  1592,  1797,
       1885,
      ... 412 more items
    ],
    Int16Array(512) [
      -568, -555, -355, -290, -211,  -70, -103, -370, -407, -296, -188,
         9,  159,  346,  491,  607,  556,  527,  399,  268,  375,  302,
       166,  140,  138,  164,   39,  -50,  -46, -178, -127, -142, -174,
       111,  292,  317,  260,  311,  386,  292,  166,  170,  138,   30,
        84,  -74,  -86,  -52, -204, -119,  -91,  -21,   29,  -21,  -80,
       -97,  -57, -132, -203, -165,  -49,   71,  150,  201,  121,    0,
        17,   87,  219,  329,  245,  257,   94,  -23,   -8,   54,  121,
      -119, -288, -147, -118, -172, -336, -336, -384, -459, -304, -195,
      -143, -300, -355, -567, -733, -815, -931, -841, -795, -903, -958,
      -874,
      ... 412 more items
    ],
    Int16Array(512) [
       1130,  1164,  1352,  1431,  1400,  1395,  1284,  1203,  1074,
       1060,   991,   858,   826,  1052,  1115,  1195,  1165,   901,
        705,   639,   779,   850,   789,   789,   693,   724,   601,
        355,   139,   -99,  -192,  -356,  -308,  -233,  -218,  -173,
       -181,  -203,  -101,    -7,  -184,  -211,  -345,  -388,  -431,
       -533,  -608,  -565,  -530,  -487,  -531,  -768, -1013, -1248,
      -1414, -1452, -1371, -1408, -1468, -1405, -1277, -1157, -1181,
      -1115,  -986,  -652,  -474,  -446,  -369,  -270,  -223,  -170,
        -93,  -102,   -94,  -206,  -230,  -190,  -118,   -96,    34,
        127,   175,   206,   145,   227,    83,   -31,    -2,   -38,
        205,   238,   253,   239,   142,    58,   -29,   -61,    81,
          9,
      ... 412 more items
    ],
    Int16Array(512) [
      -1312, -1390, -1350, -1334, -1623, -1760, -1652, -1503,
      -1423, -1486, -1505, -1522, -1445, -1270, -1357, -1350,
      -1403, -1372, -1136, -1075, -1112, -1185, -1072, -1189,
      -1198, -1143, -1122, -1159, -1224, -1430, -1541, -1374,
      -1243, -1215, -1220, -1179, -1215, -1144, -1124, -1085,
      -1119, -1160, -1153, -1307, -1272, -1318, -1396, -1017,
       -873,  -813,  -804,  -996, -1237, -1228, -1397, -1510,
      -1356, -1390, -1458, -1709, -1897, -1893, -2022, -2144,
      -2012, -2012, -2053, -1984, -1954, -1906, -1872, -1991,
      -2286, -2378, -2674, -3002, -3092, -3145, -3287, -3356,
      -3430, -3493, -3446, -3355, -3256, -3369, -3476, -3711,
      -3887, -4085, -4124, -4004, -4141, -4278, -4276, -4185,
      -4064, -3823, -3658, -3687,
      ... 412 more items
    ],
    Int16Array(512) [
        10,  -48,  -26,   39,   88,  56, 197,  308,  376,  388,  298,
       298,  140,  248,  301,  190,  20, -37,  128,  201,  319,  347,
       375,  376,  388,  431,  372, 366, 431,  417,   75, -160, -188,
      -212, -124,   38,  402,  444, 514, 582,  513,  488,  511,  493,
       467,  689,  709,  723,  776, 732, 690,  730,  642,  480,  379,
       335,  239,  114,   46,   56, 103,  48, -158, -352, -345, -515,
      -448, -362, -102,   74,  107, 143,   4,  -15,   19,   33, -155,
      -281, -383, -557, -530, -298, -64,  44,  -29, -278, -335, -116,
      -186,  -55,   58,  -27,   92, -53, -60,  103,  204,   99,   55,
       109,
      ... 412 more items
    ],
    Int16Array(512) [
       1782,  1846,  1774,  1683,  1702,  1690,  1769,  1762,  1707,
       1766,  1777,  1782,  1861,  2000,  1983,  2131,  2103,  2025,
       2026,  1824,  1746,  1563,  1564,  1721,  1819,  1759,  1823,
       1841,  2053,  2112,  2098,  2260,  2337,  2367,  2221,  2146,
       1920,  1802,  1684,  1773,  1883,  1821,  1862,  1678,  1536,
       1580,  1438,  1291,  1425,  1346,  1243,  1182,  1004,   844,
        714,   560,   504,   569,   471,   408,   423,   531,   488,
        472,   197,    -1,  -259,  -304,  -211,  -108,   -21,   -20,
        -68,  -205,  -272,  -416,  -359,  -459,  -636,  -726,  -899,
       -999, -1014, -1211, -1211, -1185, -1218, -1232, -1308, -1246,
      -1179, -1138, -1255, -1243, -1220, -1114, -1060,  -947,  -885,
       -773,
      ... 412 more items
    ],
    Int16Array(512) [
        37,   96,  -33, -169, -187, -142, -127,  -28,   87,  219,
       317,  329,  455,  371,  358,  276,  183,  214,  277,  289,
       320,  459,  536,  516,  443,  344,  383,  554,  702,  953,
      1162, 1288, 1319, 1310, 1352, 1266, 1318, 1458, 1692, 1905,
      1883, 1791, 1702, 1674, 1799, 1946, 1981, 2060, 2039, 1943,
      2078, 2238, 2254, 2362, 2456, 2540, 2523, 2398, 2175, 2092,
      2121, 2130, 2066, 1997, 1964, 1966, 1929, 1948, 1949, 1849,
      1836, 1768, 1737, 1668, 1470, 1518, 1406, 1263, 1250, 1109,
      1067, 1053, 1235, 1456, 1502, 1437, 1210,  995,  750,  419,
       244,  114,  -54, -100, -140, -107,   37, -138, -437, -464,
      ... 412 more items
    ],
    Int16Array(512) [
      -58, -12, -77,  -63, -35, -70, -156,  38, 116, 249, 373,
      263, 241, 152,  184, 117, 118,  151, 207, 146,  91,  85,
      279, 451, 486,  606, 626, 702,  708, 700, 637, 601, 534,
      558, 720, 657,  723, 808, 769,  800, 806, 689, 535, 504,
      570, 728, 965, 1015, 996, 891,  764, 825, 778, 763, 668,
      632, 535, 523,  545, 378, 279,  220,  42, -24,  60,  88,
      256, 367, 524,  461, 426, 492,  399, 316, 297, 259, 270,
      290, 201, 229,  393, 459, 475,  458, 369, 435, 389, 338,
      404, 307, 177,  180,  79, 238,  261, 318, 353, 352, 518,
      475,
      ... 412 more items
    ],
    Int16Array(512) [
      -190, -196, -35,  -4,  17,   9,   47, 220,  379,  531, 534,
       550,  471, 321, 101,   2, -75, -108, -67,   49,  276, 382,
       597,  591, 566, 412, 127, -29, -173, -46,   14,  175, 360,
       544,  682, 634, 576, 568, 606,  631, 659,  663,  470, 305,
       463,  670, 558, 588, 601, 685,  743, 583,  664,  795, 742,
       611,  564, 627, 578, 451, 288,  356, 429,  486,  645, 724,
       841,  828, 695, 645, 582, 596,  688, 760, 1025, 1012, 965,
       865,  589, 455, 350, 296, 338,  482, 569,  434,  303, 420,
       548,  529, 678, 646, 598, 583,  407, 337,  355,  453, 559,
       528,
      ... 412 more items
    ],
    Int16Array(512) [
      -440, -478, -546, -602, -644, -532, -594, -627, -418, -375, -382,
      -330, -297, -143,  -71,    5, -100,    9,  -50, -101,  -11,  -15,
        42,  132,  251,  313,  240,  108,   22, -210, -408, -359, -225,
      -271, -273, -244, -214, -309, -331, -216, -268, -270, -248, -147,
       -39,  108,  -33, -184, -315, -397, -242, -252, -259, -151,  -96,
      -123,  -77,  -17,   41,  102,  117,  174,  215,  340,  308,  313,
       448,  444,  489,  396,  308,  141,  115,  234,  165,  185,   74,
       311,  402,  325,  271,   96,   35, -118, -302, -320, -200, -158,
      -121, -149,  -60, -114, -169, -194, -285, -131,  -26,   53,   47,
      -142,
      ... 412 more items
    ],
    Int16Array(512) [
      237,   70,  21, -131, -147, -110,  10, -38,   2,  97,  50,
      274,  256, 281,  330,  269,  317, 281, 290, 297, 184, 294,
      295,  291, 426,  578,  612,  557, 516, 644, 508, 406, 436,
      228,  317, 400,  530,  552,  619, 430, 208, 233, 297, 305,
      155,  234, 341,  241,  405,  468, 520, 601, 638, 675, 551,
      487,  327, 286,  206,  189,  338, 499, 439, 392, 187,  -3,
      -91, -127, -75,  -27,  140,  127, 188, 324, 315, 245, 252,
      221,  188, 161,   84,  139,  164, 275, 383, 252, 181, 264,
      173,   35,   3,  -37,  -67,   -1, 212, 320, 365, 303, 196,
      144,
      ... 412 more items
    ],
    Int16Array(512) [
       -889,  -777,  -865, -1057, -1307, -1360, -1299, -1216, -1207,
      -1011,  -934,  -853,  -716,  -660,  -676,  -808,  -976,  -982,
       -982, -1157, -1217, -1150, -1069,  -895,  -803,  -814,  -821,
       -831,  -936,  -682,  -614,  -651,  -495,  -453,  -365,  -327,
       -286,  -295,  -445,  -533,  -576,  -478,  -498,  -523,  -611,
       -559,  -314,  -314,  -300,  -460,  -472,  -437,  -387,  -398,
       -493,  -469,  -388,  -324,  -238,  -292,  -268,  -315,  -467,
       -522,  -509,  -477,  -294,  -157,  -106,   -59,  -193,  -107,
         57,    92,   -64,    10,    78,   236,   245,    88,   123,
        143,    48,    30,   156,   271,   319,   333,   384,   438,
        406,   532,   536,   643,   700,   764,   662,   659,   771,
        727,
      ... 412 more items
    ],
    Int16Array(512) [
      -167, -177, -268, -264, -400, -499, -580, -494, -457, -400,
      -430, -427, -358, -366, -347, -225, -185, -288, -191, -282,
      -225, -104,  -38,   42,  -36, -146, -136, -134, -213, -229,
      -285, -409, -474, -441, -286, -241, -368, -228, -187, -222,
      -284, -354, -197, -215, -228, -196, -155, -152, -132, -140,
       -27,   13,  -60,  -72, -153, -196, -164, -161, -158,  -20,
       108,  106,   -9, -287, -470, -544, -562, -632, -580, -413,
       -76,   61,  -38, -109, -275, -387, -446, -375, -327, -304,
      -330, -306, -282, -342, -336, -348, -438, -500, -483, -454,
      -372, -367, -484, -484, -403, -324, -318, -437, -392, -332,
      ... 412 more items
    ],
    Int16Array(512) [
       346,  443,  472,  363,  410,  311,  268,  271,  290,  407,  448,
       672,  898, 1038,  965,  882,  944,  967,  888,  509,  243,  221,
       309,  416,  464,  376,  402,  300,  188,  186,   71,   97,  161,
       115,   28,  -80, -195,  -67,  -12,  117,  -58, -270, -307, -274,
      -325, -323, -380, -410, -205, -105, -160, -390, -423, -301, -143,
         8,   59,  242,  213,  197,  109,  107,  168,  124,   89,  210,
       420,  335,   98, -141, -216, -434, -341, -300, -488, -514, -429,
      -369, -250, -186, -133,  -74, -152, -211, -208, -173,  -51,  171,
       120,   83, -125, -184, -199, -216, -269, -379, -265,  -59,   31,
        29,
      ... 412 more items
    ],
    Int16Array(512) [
        -63,   -81,  -161,  -215,   -71,    40,    97,   158,   299,
        308,   275,   346,   208,   246,   284,   249,   261,   176,
         23,  -150,  -226,  -281,  -224,  -211,   -49,  -122,  -256,
       -168,  -278,  -301,  -283,  -190,  -217,  -400,  -556,  -610,
       -632,  -839, -1146, -1115,  -991,  -752,  -591,  -562,  -466,
       -568,  -546,  -481,  -539,  -650,  -800,  -921,  -895, -1026,
      -1097, -1208, -1419, -1446, -1606, -1422, -1252, -1076,  -853,
       -915, -1062, -1298, -1326, -1317, -1451, -1545, -1594, -1704,
      -1469, -1242, -1093, -1095, -1119,  -996, -1027, -1056, -1124,
      -1135, -1054, -1010,  -980,  -799,  -764,  -824,  -870,  -921,
       -828,  -894,  -981,  -865,  -769,  -838,  -828,  -796,  -844,
       -888,
      ... 412 more items
    ],
    Int16Array(512) [
       212,   44, -105, -167, -242,  -88,   69,  130, 217,   34, -109,
      -225, -344, -101,   87,  -16,  -69,  -54,  -23, 141,  242,  356,
       434,  463,  433,  338,  170,  211,  268,  191, 180,   45, -106,
      -216, -162,  -76,   18,  183,  251,  350,  229, 103,  195,  347,
       557,  582,  460,  270,  204,  292,  199,  159, 137,   72,    6,
       -11,  -30,   16,   92,  113,   52,   62,  124,  50,  -30,   44,
        69,  145,  145,  -53,   64,  -39, -175,  -73,  86,   85,  -55,
       -77, -162, -130,    6,  -90, -201, -245, -164, -56,   54,    0,
        83,  205,  122,  -77, -202, -181,  -54,   75,   2, -277, -321,
      -399,
      ... 412 more items
    ],
    Int16Array(512) [
       620, 590,  503,  370,  373,  309,  300,  372,  407,  441,  540,
       454, 328,  392,  468,  437,  452,  318,  219,  208,   72,  107,
       115,  55,   57,   28, -104,    6,  -53,   34,   55,    7,    7,
        21, -64, -175, -128,   15,  101,   44,   32,   84,  130,  153,
       305, 292,  229,  185,  275,  395,  442,  539,  499,  260,  283,
       234, 377,  650,  924, 1021,  883,  798,  643,  517,  327,  163,
        95, -19,   89,  170,  294,  595,  613,  568,  424,  124,   70,
        95, 162,  149,    5,  -61,  -50,  -56, -155,   25,   15,   36,
       177,  65,   10, -113, -314, -283, -249, -341, -338, -384, -515,
      -665,
      ... 412 more items
    ],
    Int16Array(512) [
      -429, -514, -503, -291, -170,  -14,   -1,   25,  -36,  -32, -106,
      -173, -184, -168,  -47,  -26,    9,   21,   19,   -7, -117,  -73,
      -202, -241, -324, -432, -334, -131,  -71, -170, -255, -456, -428,
      -468, -411, -294, -269, -463, -477, -410, -345, -344, -381, -439,
      -507, -492, -459, -201,  -87,   -2,   92,  120,  258,  392,  454,
       401,  335,  229,  170,  207,  157,  207,  230,  314,  199,   76,
         1,   58,   86,   61,  301,  317,  159,   72,   27,   -8,  -81,
        23,  -39, -167, -159, -139, -196,  -91, -134, -238, -183, -152,
        46,  260,  347,  296,  295,  274,  227,  207,  200,  226,   73,
       -39,
      ... 412 more items
    ],
    Int16Array(512) [
       480,  440,  525, 481,  456,  172, -139, -279, -288, -334, -307,
      -256, -180,  -13, 324,  334,  422,  438,  314,  356,  286,  236,
       209,  209,   62, -62, -165, -301, -331, -343, -238, -305, -163,
       116,  338,  322, 301,  290,  123,  -62, -152,  -26,   -4,   70,
        61,   39,  117,  28, -170, -288, -314, -215,  -71,  -88, -166,
      -134, -216, -119, 111,  200,  424,  480,  495,  547,  532,  365,
       263,  113,   37,  -3,   41,  101,   13,   79,   59,  140,  208,
       309,  509,  560, 501,  526,  739,  789,  899,  827,  586,  454,
       440,  562,  400, 435,  450,  427,  352,  290,  446,  448,  367,
       313,
      ... 412 more items
    ],
    Int16Array(512) [
       643,  657,  574,  411,   33,  -64,  -51,   -1,    2,   68,  249,
       314,  356,  262,  442,  491,  271,  259,  146,  174,  290,  314,
       415,  424,  374,  236,  129,  201,  159,  192,  108, -165,  -12,
       123,  197,  260,  156,  143,   77,  -75,  -29,  -17,    1,   64,
        76,  -14,  -42, -172, -247, -231, -213, -153, -240, -247, -274,
      -272, -287, -364, -413, -399, -317, -210, -221, -316, -244, -157,
      -150, -212,  -80,  -78, -127, -109, -124, -162, -186, -218, -245,
      -289, -403, -551, -477, -443, -408, -316, -277,  -72,   29,  118,
        70,   28,   73,   64,  172,  250,  305,  205,  137,   67,   41,
        42,
      ... 412 more items
    ],
    Int16Array(512) [
      -183,  -73,  -79, -137, -303, -239, -343, -564, -478, -429,
      -199,  175,  317,  264,  145,  -17, -272, -430, -513, -457,
      -275, -139,   51,   90,   54,    2, -176, -244, -132,  -56,
      -113, -145, -247, -336, -173, -199, -180, -262, -107, -145,
      -175,  -75,   67,  133,  168,  179,  129,  112,  108,  -24,
      -138,  -56, -225, -362, -472, -457, -515, -389, -367, -374,
      -124,  -71,   10,  -80,  -63,  -80, -105,  -40, -115, -107,
      -231, -425, -585, -485, -367, -360, -377, -356, -300, -359,
      -356, -314, -398, -326, -389, -383, -263, -328, -335, -315,
      -324, -321, -157,   51,  256,  245,  180,   35,   77,   28,
      ... 412 more items
    ],
    Int16Array(512) [
       224, 224, 129,    1,  -77,  -18,  -23,  156,  339,  266,  107,
        41, 101,  62,  189,  168,  140,  260,  268,  199,  232,  249,
        90, 142, 272,  158,  140,   90,   56,   52,   95,   81,   76,
        44, 166, 316,  279,  152,  223,  328,  355,  384,  499,  482,
       450, 432, 430,  362,  388,  393,  364,  406,  388,  518,  651,
       739, 799, 685,  466,  278,  194,  312,  460,  388,  338,  322,
       231, 236, 156,   66,   38,  -15, -159, -138,  -25,  117,  122,
        91, 122,  20, -141, -195, -398, -623, -627, -623, -586, -515,
      -235, -13, 145,  420,  399,  535,  611,  469,  402,  218,  137,
       167,
      ... 412 more items
    ],
    Int16Array(512) [
      -171,  -38,  -94, -247, -157, -212, -204, -199, -208, -368, -472,
      -445, -419, -221,  -90,  -34,   75,  177,  264,  265,  346,  319,
       160,  140,   60,   39,   -1,   21,  -74, -134, -160, -170, -129,
       -99,  -76, -163, -216, -275, -298, -238,  -49,  -88, -114, -124,
       -87,   84,  153,  172,  -32,   89,   16, -110, -123, -213, -270,
      -219, -178, -126,   38,  180,  425,  335,  344,  163,   87,  120,
       170,  289,  296,  281,  148,   42,  -94, -281, -401, -274,  -45,
        45,  121,  106,   57,  -52,  -87, -155, -205, -329, -322, -180,
       -80,  -16,  133,  308,  305,  303,  304,   95, -101, -221, -280,
      -279,
      ... 412 more items
    ],
    Int16Array(512) [
      -792, -598, -453, -306, -351, -364, -279, -130, -164, -256, -433,
      -522, -438, -365, -192, -107, -223, -223, -284, -423, -570, -635,
      -578, -477, -465, -344, -151,  -34,   93,  -54,  -53,    8,   29,
        45,   96,   46,  -92, -134, -284, -273, -205, -192,  -49,   -6,
       -51, -117, -111, -170, -166,  -46,    0,   14,  -44,  -28,   53,
         8,  -58,  -71, -179, -172, -168, -154, -217, -143,   91,   91,
       287,  418,  317,  146,  -80, -288, -357, -257,  -10,  219,  148,
        63,   64,   75,  106,  125,  185,   94,   86,  192,  193,  232,
       252,  328,  485,  615,  579,  569,  565,  331,  173,   88,  132,
        48,
      ... 412 more items
    ],
    Int16Array(512) [
       319,  476,  431,  464,  307,   82,   42,   39,  -4,  151,  191,
       266,   66,  105,  156,   20,  -44, -168, -239, -61, -192, -178,
       -37, -203, -112,  -21,   76,  246,  250,  126, -37, -110, -316,
      -331, -202,  -66,   69,  -32,  -20,  -92, -179, -93,   26,   73,
        81,  143,  209,  178,  -62, -194, -177,  -89,  64,  155,  232,
       342,  425,  359,  264,  254,  213,  118,   84, -64,  -65,  172,
        82,  147,  158,  111,  241,  150,  105,  186, 162,  207,  163,
       121,  -26, -184, -336, -405, -483, -362, -178, -88,  -72, -154,
      -168, -180,  164,  167,   43,  264,  532,  519, 330,  334,  329,
       392,
      ... 412 more items
    ],
    Int16Array(512) [
      -114, -142, -168, -220, -241,  -75, -189, -333, -395, -202,
       -22,  106,   73,  112,  242,   53,  -71, -265, -434, -539,
      -551, -442, -404, -238, -204, -253, -260, -385, -365, -474,
      -381, -312, -354, -356, -420, -329, -462, -506, -538, -582,
      -452, -392, -455, -403, -353, -470, -460, -505, -628, -461,
      -357, -474, -351, -292, -384, -396, -414, -431, -458, -430,
      -359, -229, -178,  -46,  -65, -102, -107, -225, -273, -338,
      -174, -248, -319, -317, -322, -513, -573, -356, -431, -382,
      -344, -243, -185,  -92, -181, -220, -203, -380, -361, -430,
      -378, -210, -245, -207, -227, -419, -196,   41,   43,   80,
      ... 412 more items
    ],
    Int16Array(512) [
        22,  -56,  128,  227,  229,  340,  462,  316,  309,  458,  151,
        27, -111,   11,  150,   81,  -17, -102, -102, -107,  -81,   61,
        49,   46,  136,  182,  166,  295,  335,  456,  393,  409,  359,
       250,  167,   48,   43, -172, -259, -413, -413, -514, -479, -489,
      -640, -590, -404, -259, -357, -494, -488, -314, -117,  117,  275,
       242,   75,  -62, -243, -363, -240, -260, -218, -250, -216, -120,
      -258, -250, -290, -418, -411, -263, -128, -151, -175,  -46, -171,
      -198, -124, -235, -149,  -92, -148, -238, -225, -138, -108, -179,
      -191, -259, -212, -110,  -95,   21,  123,  152,  166,  241,  166,
       212,
      ... 412 more items
    ],
    Int16Array(512) [
       547,  561,  419,  546,  590,  744,  746,  791,  832,  835,  975,
       748,  544,  401,  427,  144,  151,  356,  299,  493,  558,  492,
       410,  297,  204,   74,    2,   51,  302,  604,  605,  543,  328,
       213,   -2,    2,   43,   31,  127,  179,  213,  318,  337,   61,
        30,  174,  205,  204,   -5,  -43, -101, -103,  -31,   24,   27,
      -172, -129, -121, -236, -296, -404, -489, -347, -373, -441, -467,
      -219, -198,  -32,  -63, -150,   12,  -72,   19,  -30, -120, -381,
      -405, -240, -364, -315, -279, -238, -114,  -42, -213, -323, -321,
      -341, -226, -115,  -51, -166, -275, -345, -476, -477, -266, -234,
      -303,
      ... 412 more items
    ],
    Int16Array(512) [
      -399, -206,  -46, -172,  -72,   27, -183, -386, -388, -251,  -96,
        18,  140,   60,   71,   71,  -12,  -12,   50,  -48,  -70,  -72,
      -262, -280, -293, -229, -101,  261,  258,  196,  432,  344,   96,
       -86, -254, -377, -554, -501, -387, -277, -161, -194, -293, -362,
      -381, -540, -410, -335, -252, -193, -175,  -65, -139,  -69,  119,
       238,  207,  134,  -32, -127,   88,  115,   95,  126,  189,  247,
       189,  182,  156,  158,  170,  179,  197,  141,  177,  227,  268,
       237,  324,  324,  129,  150,   94,   62,  -13,  -90,   43,    8,
       -42,  -43,  -27,  121,  169,  141,  275,  210,  166,  191,  147,
       296,
      ... 412 more items
    ],
    Int16Array(512) [
      -190, -188, -136, -246, -410, -331, -282,  34,  141,  90, -116,
      -231,  -41,  138,  346,  546,  688,  759, 722,  635, 600,  572,
       587,  542,  480,  598,  580,  585,  671, 614,  642, 771,  688,
       587,  457,  489,  452,  316,  262,   86, -62, -118, -68,   -4,
       160,  289,  397,  249,  193,  307,  369, 232,  147, 148,   95,
        16,  -84,   96,  199,  293,  431,  550, 595,  661, 636,  521,
       607,  723,  804,  913,  909,  782,  559, 282,  118, 126,  319,
       329,  330,  362,   98,   79,  125,   84, 114,  184, 116,  171,
       247,  312,  237,  313,  387,  440,  464, 364,  321, 216,   71,
      -233,
      ... 412 more items
    ],
    Int16Array(512) [
      -330, -262, -264, -348, -401, -603, -617, -466, -353, -361, -419,
      -571, -741, -932, -895, -780, -860, -889, -805, -609, -536, -486,
      -535, -484, -402, -222, -133, -159, -224, -151,   17,  -25, -177,
      -135, -168, -342, -364, -303, -244, -276, -301, -340, -434, -578,
      -684, -583, -551, -394, -491, -537, -371, -330, -224, -133, -136,
      -190,  -69,    4,  129,   70,    6,  -66,   -6,  -28,  -38,  -72,
       -50,  -32,   10,  322,  602,  609,  527,  378,  290,  312,  478,
       569,  661,  770,  515,  491,  635,  577,  627,  595,  306,  239,
        24,  -17,  184,    4,   -9, -220, -498, -182, -326, -236, -140,
      -288,
      ... 412 more items
    ],
    Int16Array(512) [
        287,    17,  -289,  -444,  -503,  -282,   -53,   136,   175,
          6,   -18,  -127,  -271,  -301,  -300,  -428,  -632,  -669,
       -646,  -710,  -745,  -855,  -864,  -954,  -806,  -642,  -647,
       -603,  -693,  -779,  -708,  -570,  -699,  -754,  -839,  -908,
       -919,  -704,  -647,  -721,  -927, -1024, -1008, -1176, -1084,
      -1048, -1013,  -949,  -905,  -723,  -724,  -783,  -704,  -602,
       -620,  -723,  -970, -1243, -1182, -1207, -1247, -1205, -1138,
      -1105, -1130, -1214, -1161,  -938,  -892,  -859,  -709,  -490,
       -484,  -575,  -594,  -700,  -598,  -479,  -374,  -237,  -197,
        -76,   -35,  -146,  -424,  -352,  -313,  -255,  -167,  -203,
       -254,  -323,  -411,  -412,  -376,  -183,  -175,  -159,   -73,
        -94,
      ... 412 more items
    ],
    Int16Array(512) [
      -1231, -1179, -950, -968, -1087, -1115, -1035, -1019,  -824, -885,
       -950,  -828, -741, -763,  -818, -1023, -1286, -1167, -1038, -963,
       -774,  -468, -284, -173,  -292,  -555,  -744,  -756,  -636, -399,
       -356,  -249, -535, -692,  -633,  -776,  -556,  -302,   -51,   25,
         72,    19,   49,  -98,  -171,  -207,  -305,  -255,  -206,  -55,
        -21,    65,   46,  -69,   -89,  -174,  -134,   140,   242,  216,
        232,   275,  354,  477,   686,   596,   501,   373,    87,   55,
        141,   194,  261,  389,   525,   586,   774,   792,   686,  503,
        315,   229,  234,  314,   436,   603,   617,   622,   753,  654,
        402,   334,  193,  257,   641,   923,   926,  1007,   892,  601,
      ... 412 more items
    ],
    Int16Array(512) [
       -99, -103,  107,  237,  331,  285,  321,   352,   443,   473,
       388,  284,   20,  -66, -207, -245, -258,  -258,   -76,    58,
        47,  -45,  -43,  -12,  -80, -146, -158,  -241,     5,   354,
       610,  794,  601,  373,  293,  263,  -79,   -83,     0,    17,
        42,   37,  -20, -132,  -51,  -75,    7,   187,    63,   156,
       140,   -9,  -60,   89,  182,   61, -129,  -286,  -436,  -450,
      -437, -513, -309, -257, -206, -124, -124,  -228,  -474,  -598,
      -484, -405, -333, -340, -323, -353, -375,  -645,  -630,  -696,
      -860, -927, -956, -781, -673, -616, -672,  -741,  -719,  -542,
      -416, -332, -411, -520, -584, -693, -899, -1015, -1029, -1093,
      ... 412 more items
    ],
    Int16Array(512) [
      -1272, -1208, -1303, -1422, -1490, -1370, -1228, -1080, -813, -876,
       -928, -1171, -1309, -1456, -1401,  -981,  -646,  -358, -392, -632,
       -774,  -815,  -967,  -832,  -550,  -286,  -178,   -50,   15, -252,
       -400,  -361,  -221,   -51,    51,   116,    14,    66,    0, -166,
       -144,    21,   266,   494,   544,   513,   572,   632,  594,  521,
        534,   458,   501,   665,   690,   600,   498,   500,  421,  317,
        222,   103,   185,   451,   631,   859,   913,   900,  799,  447,
        358,   284,   189,   305,   392,   387,   508,   472,  666,  897,
       1009,  1115,  1080,   792,   634,   591,   680,   638,  734,  804,
        795,   764,   751,   685,   593,   695,   592,   591,  437,  396,
      ... 412 more items
    ],
    Int16Array(512) [
       -60,  168,  345,  492,  489,  575,  729,  747,  879,  988,
      1022, 1176, 1373, 1491, 1553, 1697, 1783, 1852, 2114, 2328,
      2312, 2284, 2290, 2334, 2413, 2524, 2493, 2518, 2419, 2211,
      2090, 2103, 2194, 2224, 2323, 2240, 2018, 1817, 1732, 1863,
      2044, 2127, 2196, 2381, 2641, 2643, 2636, 2615, 2414, 2279,
      2159, 1919, 1977, 2118, 2184, 2587, 2758, 2693, 2805, 2845,
      2831, 2823, 2823, 2814, 2751, 2696, 2769, 2822, 2787, 2938,
      2847, 2883, 2821, 2741, 2733, 2495, 2385, 2225, 2237, 2370,
      2181, 1968, 1970, 1930, 1678, 1623, 1673, 1762, 1744, 1782,
      1887, 1876, 1854, 1786, 1632, 1627, 1542, 1600, 1588, 1395,
      ... 412 more items
    ],
    Int16Array(512) [
      -1967, -2138, -2259, -2516, -2685, -2630, -2656, -2651, -2613,
      -2675, -2901, -3242, -3415, -3544, -3609, -3615, -3461, -3413,
      -3387, -3466, -3466, -3417, -3472, -3471, -3521, -3414, -3273,
      -3224, -3307, -3369, -3432, -3412, -3530, -3521, -3396, -3197,
      -2996, -2944, -2966, -3074, -3021, -3091, -2922, -2878, -2953,
      -2811, -2716, -2514, -2463, -2338, -2276, -2319, -2308, -2143,
      -2077, -1994, -1946, -1992, -1763, -1659, -1576, -1407, -1379,
      -1302, -1179,  -971,  -796,  -642,  -369,  -230,   -82,  -135,
       -140,   -90,    10,   184,   412,   729,   693,   596,   596,
        895,  1198,  1357,  1422,  1434,  1433,  1370,  1288,  1188,
       1236,  1499,  1724,  1768,  1854,  2009,  2069,  2038,  2095,
       1937,
      ... 412 more items
    ],
    Int16Array(512) [
       -672, -785, -784, -697, -592, -478, -416, -477, -546,
       -651, -628, -516, -365, -228, -257, -283, -442, -373,
       -561, -738, -755, -839, -959, -881, -754, -704, -648,
       -652, -669, -670, -721, -740, -873, -979, -883, -797,
       -647, -632, -612, -684, -670, -685, -688, -852, -951,
      -1094, -974, -785, -829, -804, -789, -670, -715, -801,
       -851, -857, -986, -985, -984, -989, -781, -563, -255,
       -143, -159, -153, -246, -334, -419, -405, -228,  -93,
         -4,  103,  233,  135,  101,  188,  188,  253,  109,
         52,  117,  271,  245, -120, -166, -180, -272,  -57,
        136,  137,   23,  -16,   28,  205,  299,  301,  282,
        333,
      ... 412 more items
    ],
    Int16Array(512) [
        303,    94,  -107,    13,    37,   147,   258,   321,   272,
        189,    65,    -1,   235,   321,   354,   390,   327,   388,
        549,   523,   557,   538,   343,   270,   252,   241,   199,
        130,   398,   624,   515,   342,   248,   145,    60,   -91,
       -171,  -238,  -299,  -318,  -370,  -563,  -694,  -760,  -754,
       -706,  -748,  -643,  -735,  -757,  -811,  -873,  -734,  -631,
       -757,  -953, -1214, -1450, -1474, -1625, -1727, -1621, -1511,
      -1401, -1687, -1786, -1755, -1749, -1768, -1833, -1849, -1685,
      -1518, -1549, -1500, -1588, -1745, -1816, -2097, -2218, -2199,
      -2095, -1874, -1724, -1718, -1723, -1745, -1765, -1646, -1721,
      -1674, -1671, -1679, -1741, -1768, -1487, -1601, -1534, -1347,
      -1362,
      ... 412 more items
    ],
    Int16Array(512) [
       -808,  -972,  -957,  -861,  -749,  -670,  -650,  -590,  -506,
       -423,  -502,  -410,  -324,  -361,  -409,  -346,  -521,  -715,
       -839,  -941,  -961,  -786,  -646,  -474,  -485,  -431,  -393,
       -367,  -387,  -678,  -598,  -493,  -414,  -244,  -328,  -231,
         65,   301,   258,    37,  -100,  -113,   105,   326,   375,
         97,   -22,     0,   -59,  -138,  -393,  -487,  -451,  -430,
       -352,  -368,  -352,  -344,  -344,  -244,  -279,  -309,  -457,
       -668,  -939, -1219, -1423, -1329, -1157, -1134, -1190, -1367,
      -1646, -1815, -1973, -1944, -1910, -1965, -2168, -2264, -2258,
      -2100, -1984, -2111, -2176, -2337, -2214, -2286, -2356, -2221,
      -2172, -2110, -2062, -2044, -1935, -1718, -1636, -1408, -1359,
      -1309,
      ... 412 more items
    ],
    Int16Array(512) [
        221,   115,   159,    87,  -139,  -292,  -281,   -70,   149,
        157,    55,  -135,  -267,  -352,  -373,  -415,  -525,  -654,
       -790,  -824,  -675,  -707,  -825,  -743,  -666,  -534,  -448,
       -377,  -485,  -497,  -485,  -792, -1143, -1454, -1428, -1310,
      -1260,  -939,  -699,  -617,  -697,  -982, -1107, -1159, -1280,
      -1276, -1236, -1076, -1037, -1126, -1299, -1381, -1324, -1344,
      -1252, -1188, -1059,  -969, -1064, -1072, -1118, -1124, -1097,
      -1018,  -895,  -854,  -866,  -924,  -922,  -933,  -917,  -832,
       -835,  -824,  -810,  -626,  -518,  -327,  -171,   121,   133,
         84,    16,  -183,  -442,  -434,  -133,    81,   177,   289,
        316,   325,   232,    45,    -5,    86,    56,   -44,   171,
         98,
      ... 412 more items
    ],
    Int16Array(512) [
      -499, -576, -458, -317, -155,  -45,  -97, -309, -523, -496,
      -366, -194,  -87,  -95,  -70, -191, -268, -300, -358, -213,
      -152, -166, -168, -245, -283, -408, -565, -577, -571, -460,
      -339, -244, -360, -312, -331, -377, -416, -551, -487, -437,
      -193, -120,  -92,  -31,  100,   72,    5,   60,   48,  -83,
      -160, -133, -222, -246, -418, -386, -254, -173,  -38,  -34,
        72,  -90, -105, -166, -322, -464, -508, -363, -338, -194,
      -291, -302, -201, -238, -219, -261, -427, -553, -550, -489,
      -572, -614, -615, -505, -501, -593, -696, -789, -787, -670,
      -558, -515, -386, -307, -361, -486, -607, -663, -646, -466,
      ... 412 more items
    ],
    Int16Array(512) [
      -204,  -82,    8,  43,   73, 141,  81, 145, 261, 367, 262,
        77,  -84,  184, 345,  449, 619, 575, 552, 488, 459, 165,
        46,  106,   23, 190,  406, 260, 257, 464, 581, 752, 584,
       520,  561,  402, 193,   60, 291, 422, 396, 394, 385, 356,
       363,  288,  215, 215,  355, 540, 618, 718, 670, 609, 645,
       623,  620,  700, 805,  883, 911, 973, 870, 925, 890, 893,
       989, 1000, 1027, 968, 1031, 953, 919, 895, 656, 415, 322,
       139,  253,  635, 875,  944, 826, 715, 570, 623, 705, 708,
       658,  472,  315, 247,  213, 100,  87,  83,   3,   7, 128,
        15,
      ... 412 more items
    ],
    Int16Array(512) [
       -10,   17, 111,  57,   7, -27,  63, 184, 272, 203,  126,
        62,   69, 146, 275, 349, 439, 631, 647, 627, 406,  460,
       497,  535, 536, 561, 587, 612, 601, 435, 369, 313,  299,
       239,  388, 474, 463, 539, 483, 486, 436, 538, 630,  680,
       626,  413, 165, 154, 294, 225, 159,  87,  42, 218,  411,
       446,  395, 276, 243, 285, 406, 503, 507, 373,  76, -264,
      -115, -120, -37, 255, 385, 415, 389, 558, 545, 573,  419,
       277,  195, 161, 255, 257, 345, 455, 558, 515, 571,  584,
       530,  441, 265, 273, 280, 264, 251, 363, 516, 474,  489,
       438,
      ... 412 more items
    ],
    Int16Array(512) [
        70,  134,   17, -219, -231, -164,  -54,   95,   74,   75,   11,
        14,  111,  179,  291,  414,  306,  104,   66, -193, -274, -194,
      -175,   89,  306,  366,  499,  644,  464,  299,  142,  123,  214,
        97,   86,  -36,   33,   30,    2, -134, -147,  -74, -143, -159,
      -101,  -92,  -49,  -92,  -75,    7,  124,  467,  581,  469,  200,
       -81, -367, -552, -590, -455, -312, -261, -232, -182, -269, -497,
      -661, -667, -492, -345, -217,  -20,  186,  155,  123,   59,    6,
        -6,   18,  126,  -20, -118, -355, -494, -417, -247,  -80,  153,
       254,  321,  380,  194,  191,  -57, -192,  -62,  -18,  -57,   10,
       -53,
      ... 412 more items
    ],
    Int16Array(512) [
      -204, -209, -139,  -56,  -32,  -90, -138, -183, -126,  48,  34,
       -26,   -4,   64,  245,  490,  724,  707,  603,  421, 384, 540,
       558,  576,  439,  233,  100,  150,  142,  179,  170, 192, 339,
       458,  493,  409,  383,  479,  476,  293,  167,   85,  50, 101,
       153,  169,  287,  280,  261,  266,  145,  -24,  -19, -12,  57,
        63,  172,  163,  165,  379,  364,  301,  334,  272, 218, 264,
       331,  309,  355,  426,  388,  445,  297,  203,  202, 119, 123,
        61,   15,  -59,  -47,  -30,  -89,  -49,  -83,  -72, -96, -79,
       -95, -152, -202, -178, -239, -154, -182, -146,   21,  12,  39,
        32,
      ... 412 more items
    ],
    Int16Array(512) [
      -269, -537, -762, -783, -736, -749, -653, -467, -180,  -41,   55,
       -74, -180,  -87,  180,  305,  287,  297,  263,  160,   39, -140,
      -104,  -71,   70,  155,  149,  125,  -50, -229, -260, -150,   54,
       319,  391,  410,  421,  508,  532,  556,  565,  535,  397,  378,
       350,  235,  174,   79,   50, -122,  -95, -119,   -9,  102,  118,
       262,  340,  485,  516,  470,  259,  172,  310,  404,  402,  166,
        58,   30,   42,   89,  187,  204,  157,  137,   12,  149,  184,
       343,  503,  568,  492,  449,  404,  295,  286,  136,    1,  -24,
        49,  114,  220,  172,  -82, -105,    9,   82,  246,  449,  307,
       207,
      ... 412 more items
    ],
    Int16Array(512) [
      -388, -448,  -456, -539,  -588,  -634, -681,  -715, -671,
      -445, -450,  -529, -735, -1012, -1103, -994, -1037, -930,
      -717, -647,  -599, -570,  -487,  -488, -419,  -372, -484,
      -604, -855, -1011, -812,  -511,  -167, -138,   -44,   66,
       210,  257,   132,  227,   187,    77,  -63,  -412, -534,
      -574, -514,  -303, -166,   105,   301,  313,   205,   -1,
       -70, -137,  -117,  -36,   -52,  -111, -190,  -216, -255,
      -146, -113,  -156, -172,  -229,  -131,  -96,   156,  197,
       120,  -31,   -39,  -18,   -98,  -159, -233,  -212, -145,
      -159,  -36,    43,    4,   -76,  -147, -210,   -85,   55,
       188,  334,   385,  328,   195,   186,  147,    88,  114,
       146,
      ... 412 more items
    ],
    Int16Array(512) [
      -634, -723, -661, -525, -578, -537, -427, -246,  -14,  110,  179,
       195,   34, -155, -242, -280, -270, -393, -295,  -68,  -19,  109,
        53, -134, -194, -196,   22,   54, -113, -203, -320, -367, -519,
      -499, -471, -450, -476, -536, -464, -490, -336, -387, -369, -490,
      -541, -384, -332, -463, -484, -312, -173, -175, -269, -240, -309,
      -223, -130,  -61,  -78,   39,  310,  285,  102,  -45,   30, -139,
        63,  100,   18,   21,  101,  199,   76,  -62,  -27,   93,  243,
       448,  418,  384,  142,  -97,  -95,  100,  221,  444,  315,  238,
       290,  210,  317,  543,  559,  658,  516,  409,  350,  296,  430,
       335,
      ... 412 more items
    ],
    Int16Array(512) [
       502,  417,   251,   243,  191,  188,  120,   21,   64,
       147,  134,   184,   143,  -11, -158, -279, -206, -215,
      -433, -550,  -449,  -201, -142, -220, -268, -396, -340,
      -294, -462,  -654,  -842, -795, -725, -822, -677, -836,
      -814, -897, -1032, -1044, -929, -789, -837, -885, -939,
      -983, -968,  -803,  -615, -542, -555, -449, -463, -436,
      -312, -290,  -223,   -95,  -95, -102, -128,  -59, -199,
      -246, -242,  -230,   -93, -108, -115, -135, -290, -225,
      -155,  -29,    -5,   -80,    0,   55,   94,  115,  182,
       239,  216,    80,  -106, -166, -320, -272,  -38,    6,
        -7,  -73,  -206,  -276, -181, -220, -148, -170,   41,
       215,
      ... 412 more items
    ],
    Int16Array(512) [
       347,  222,  155,  152,    2,   -71,   24,    1,  -84, -193,
       -83,    3,  -73,  145,   89,   103,  101,  124,  177,   68,
       -68,  -13,   45,   76,   28,    45,   40,  -16,   87,   16,
      -142, -162,  -72, -108, -208,  -429, -550, -548, -578, -621,
      -585, -602, -613, -707, -804, -1012, -921, -760, -624, -553,
      -465, -392, -290, -237, -229,  -271, -296, -140, -184, -213,
      -518, -665, -678, -652, -581,  -565, -467, -364, -379, -401,
      -184,  -74,  -34,  214,  333,   381,  257,  158,  166,   55,
       -33,  -94,  -35,   95,  242,   404,  517,  423,  325,  305,
       244,  201,  289,  378,  354,   366,  470,  393,  368,  388,
      ... 412 more items
    ],
    Int16Array(512) [
        487,   446,   439,   437,   344,   206,    78,  -124,  -466,
       -671,  -657,  -329,  -215,  -163,  -292,  -516,  -739,  -730,
       -786,  -935,  -969, -1053, -1136, -1254, -1253, -1338, -1210,
      -1106, -1094, -1078, -1088,  -817,  -817,  -955, -1031, -1018,
       -894,  -846,  -781,  -822,  -652,  -595,  -861,  -970,  -952,
       -974,  -990,  -975,  -863,  -901, -1086, -1132, -1089,  -970,
      -1061, -1196,  -994,  -979,  -879,  -895,  -899,  -951, -1162,
      -1338, -1360, -1498, -1643, -1687, -1682, -1539, -1430, -1301,
      -1391, -1329, -1221, -1151, -1025,  -944,  -844,  -867,  -840,
       -731,  -646,  -538,  -474,  -640,  -817,  -806,  -725,  -724,
       -689,  -513,  -352,  -333,  -242,  -427,  -196,  -119,    13,
        121,
      ... 412 more items
    ],
    Int16Array(512) [
       618,  601,  643,  835,  893,  984,  989,  827,   763,   689,
       539,  552,  493,  481,  515,  643,  828,  618,   403,   409,
       574,  512,  336,  169,   49,  178,  199,  191,    57,    27,
       119,  177,  145,   75,   33,   85,   40,  -71,     4,    93,
       214,  193,  -24, -262, -252, -317, -419, -303,  -156,   -12,
        90,   56, -122, -343, -535, -602, -537, -229,   -88,    16,
        92,   20,  -41, -160, -468, -714, -554, -390,  -229,     1,
       -41,  -14,  -53, -212, -332, -366, -367, -481,  -259,  -176,
      -172,  -66,    8,   -9, -112, -204, -408, -629,  -717,  -731,
      -721, -695, -695, -553, -535, -626, -543, -775, -1088, -1014,
      ... 412 more items
    ],
    Int16Array(512) [
      -595, -632, -763, -857, -832, -840, -859, -946, -813, -510,
      -449, -439, -269, -311, -197, -168, -151, -163, -408, -471,
      -424, -293, -311, -196,  -47,  127,  205,   13, -232, -328,
      -404, -471, -300, -270, -296, -251, -261, -156, -100, -152,
      -236, -256,  -35,  229,  303,  273,  258,  262,  439,  503,
       409,  427,  394,  564,  710,  765,  704,  607,  568,  615,
       664,  702,  776,  926,  985, 1115, 1314, 1524, 1648, 1545,
      1448, 1277, 1240, 1238, 1365, 1492, 1625, 1677, 1564, 1704,
      1728, 1778, 1672, 1791, 1873, 1957, 1916, 1831, 1900, 1770,
      1727, 1881, 2050, 2222, 2198, 2221, 2236, 2339, 2433, 2520,
      ... 412 more items
    ],
    Int16Array(512) [
        1164,  1268,  1655,  2014,  2285,  2580,  2686,   2545,
        2207,  1807,  1637,  1596,  1667,  1739,  1828,   1760,
        1533,  1211,   908,   706,   611,   692,   702,    833,
         789,   606,   357,   509,   830,  1323,  1710,   1741,
        2023,  2196,  2635,  3092,  3414,  3592,  3657,   3826,
        3786,  3761,  3761,  3890,  4196,  4440,  4751,   4703,
        4608,  4436,  4358,  4366,  4290,  4467,  4647,   4647,
        4736,  4654,  4793,  4630,  4693,  4984,  5159,   5437,
        5773,  5976,  5615,  4157,  1506, -1855, -3943,  -4291,
       -2647, -1188,  -927, -2104, -4088, -6520, -8695, -10407,
      -10790, -9892, -7979, -6480, -5998, -6559, -7574,  -7918,
       -7481, -6519, -5548, -5014, -4284, -3255, -1787,   -365,
         795,  1642,  1970,  2065,
      ... 412 more items
    ],
    ... 179 more items
  ],
  recL: Int16Array(142848) [
    0, 0, 0, 0, 0, 0, 0, 0, 0, 0, 0, 0,
    0, 0, 0, 0, 0, 0, 0, 0, 0, 0, 0, 0,
    0, 0, 0, 0, 0, 0, 0, 0, 0, 0, 0, 0,
    0, 0, 0, 0, 0, 0, 0, 0, 0, 0, 0, 0,
    0, 0, 0, 0, 0, 0, 0, 0, 0, 0, 0, 0,
    0, 0, 0, 0, 0, 0, 0, 0, 0, 0, 0, 0,
    0, 0, 0, 0, 0, 0, 0, 0, 0, 0, 0, 0,
    0, 0, 0, 0, 0, 0, 0, 0, 0, 0, 0, 0,
    0, 0, 0, 0,
    ... 142748 more items
  ]
}
Unknown message from control worker: [object Object]
Voice assistant Client disconnected
red child Received: [ 'start' ]
Voice assistant WebSocket server is running on ws://localhost:8000
recorder child Received: start
control parent Received:  started
Received: {"payload":"*pong*","_msgid":"f1a6610fdd170a8f"}
red parent Received:  started
aaaaaaaaaaaaa
Main loop started.
child speaker Received: play_start
speaker parent Received:  audio_queue_done
Control & Red init ok.
recorder child Received: idle
red child Received: [ 'start' ]
Voice assistant WebSocket server is running on ws://localhost:8000
recorder child Received: start
Received: {"payload":"*pong*","_msgid":"44487aae28350ab8"}
red parent Received:  started
control parent Received:  started
aaaaaaaaaaaaa
Control & Red init ok.
Main loop started.
recorder child Received: idle
child speaker Received: play_start
red child Received: [ 'start' ]
Voice assistant WebSocket server is running on ws://localhost:8000
recorder child Received: start
red child Received: [ 'start' ]
recorder child Received: start
Voice assistant WebSocket server is running on ws://localhost:8000
control parent Received:  started
Received: {"payload":"*pong*","_msgid":"098a926487e90b64"}
red parent Received:  started
aaaaaaaaaaaaa
Control & Red init ok.
Main loop started.
recorder child Received: idle
child speaker Received: play_start
speaker parent Received:  audio_queue_done
keyword detected:  2
control parent Received:  record
recorder child Received: record
control parent Received:  [ [ { intent: 'Explica', slot: '{}' }, false ] ]
Unknown message from control worker: [object Object],false
 Received: [ [ { intent: 'Explica', slot: '{}' }, false ] ]
child stt Received: [ 'stt', [ [ [Object], false ] ], undefined ]
stt parent Received:  {
  message: 'transcription',
  text: 'Eu estou fazendo um código em TypeScript, onde eu tenho uma função main, que envia mensagens para vários workers ao receber a mensagem do worker anterior. Eu queria fazer uma cadeia, mas eu coloquei todas essas funções para enviar mensagens quando recebessem mensagens dentro do evento main, sem nenhum tipo de condição para...'
}
stt parent Received:  {
  message: 'transcription',
  text: 'Eu estou fazendo um código em TypeScript, onde eu tenho uma função main, que envia mensagens para vários workers ao receber a mensagem do worker anterior. Eu queria fazer uma cadeia, mas eu coloquei todas essas funções para enviar mensagens quando recebessem mensagens dentro do evento main, sem nenhum tipo de condição para...'
}
stt parent Received:  {
  message: 'transcription',
  text: 'Eu estou fazendo um código em TypeScript, onde eu tenho uma função main, que envia mensagens para vários workers ao receber a mensagem do worker anterior. Eu queria fazer uma cadeia, mas eu coloquei todas essas funções para enviar mensagens quando recebessem mensagens dentro do evento main, sem nenhum tipo de condição para...'
}
child utils received: [
  'completion',
  'Eu estou fazendo um código em TypeScript, onde eu tenho uma função main, que envia mensagens para vários workers ao receber a mensagem do worker anterior. Eu queria fazer uma cadeia, mas eu coloquei todas essas funções para enviar mensagens quando recebessem mensagens dentro do evento main, sem nenhum tipo de condição para...'
]
utils parent Received:  [
  'error',
  Error
      at getHistory (file:///C:/Users/whisk/Documents/Projetos/VANUSAR/dist/OpenAI/completion.js:37:15)
      at completion (file:///C:/Users/whisk/Documents/Projetos/VANUSAR/dist/OpenAI/completion.js:46:20)
      at MessagePort.<anonymous> (file:///C:/Users/whisk/Documents/Projetos/VANUSAR/dist/workers/w-utils.js:16:17)
      at [nodejs.internal.kHybridDispatch] (node:internal/event_target:820:20)
      at MessagePort.<anonymous> (node:internal/per_context/messageport:23:28)
]
utils parent Received:  [
  'error',
  Error
      at getHistory (file:///C:/Users/whisk/Documents/Projetos/VANUSAR/dist/OpenAI/completion.js:37:15)
      at completion (file:///C:/Users/whisk/Documents/Projetos/VANUSAR/dist/OpenAI/completion.js:46:20)
      at MessagePort.<anonymous> (file:///C:/Users/whisk/Documents/Projetos/VANUSAR/dist/workers/w-utils.js:16:17)
      at [nodejs.internal.kHybridDispatch] (node:internal/event_target:820:20)
      at MessagePort.<anonymous> (node:internal/per_context/messageport:23:28)
]
utils parent Received:  [
  'error',
  Error
      at getHistory (file:///C:/Users/whisk/Documents/Projetos/VANUSAR/dist/OpenAI/completion.js:37:15)
      at completion (file:///C:/Users/whisk/Documents/Projetos/VANUSAR/dist/OpenAI/completion.js:46:20)
      at MessagePort.<anonymous> (file:///C:/Users/whisk/Documents/Projetos/VANUSAR/dist/workers/w-utils.js:16:17)
      at [nodejs.internal.kHybridDispatch] (node:internal/event_target:820:20)
      at MessagePort.<anonymous> (node:internal/per_context/messageport:23:28)
]
utils parent Received:  [
  'error',
  Error
      at getHistory (file:///C:/Users/whisk/Documents/Projetos/VANUSAR/dist/OpenAI/completion.js:37:15)
      at completion (file:///C:/Users/whisk/Documents/Projetos/VANUSAR/dist/OpenAI/completion.js:46:20)
      at MessagePort.<anonymous> (file:///C:/Users/whisk/Documents/Projetos/VANUSAR/dist/workers/w-utils.js:16:17)
      at [nodejs.internal.kHybridDispatch] (node:internal/event_target:820:20)
      at MessagePort.<anonymous> (node:internal/per_context/messageport:23:28)
]
utils parent Received:  [
  'error',
  Error
      at getHistory (file:///C:/Users/whisk/Documents/Projetos/VANUSAR/dist/OpenAI/completion.js:37:15)
      at completion (file:///C:/Users/whisk/Documents/Projetos/VANUSAR/dist/OpenAI/completion.js:46:20)
      at MessagePort.<anonymous> (file:///C:/Users/whisk/Documents/Projetos/VANUSAR/dist/workers/w-utils.js:16:17)
      at [nodejs.internal.kHybridDispatch] (node:internal/event_target:820:20)
      at MessagePort.<anonymous> (node:internal/per_context/messageport:23:28)
]
utils parent Received:  [
  'error',
  Error
      at getHistory (file:///C:/Users/whisk/Documents/Projetos/VANUSAR/dist/OpenAI/completion.js:37:15)
      at completion (file:///C:/Users/whisk/Documents/Projetos/VANUSAR/dist/OpenAI/completion.js:46:20)
      at MessagePort.<anonymous> (file:///C:/Users/whisk/Documents/Projetos/VANUSAR/dist/workers/w-utils.js:16:17)
      at [nodejs.internal.kHybridDispatch] (node:internal/event_target:820:20)
      at MessagePort.<anonymous> (node:internal/per_context/messageport:23:28)
]
child utils received: [
  'completion',
  'Eu estou fazendo um código em TypeScript, onde eu tenho uma função main, que envia mensagens para vários workers ao receber a mensagem do worker anterior. Eu queria fazer uma cadeia, mas eu coloquei todas essas funções para enviar mensagens quando recebessem mensagens dentro do evento main, sem nenhum tipo de condição para...'
]
Voice assistant Client disconnected
red child Received: [ 'start' ]
Voice assistant WebSocket server is running on ws://localhost:8000
recorder child Received: start
control parent Received:  started
Received: {"payload":"*pong*","_msgid":"bd23b07e3691d9a6"}
red parent Received:  started
aaaaaaaaaaaaa
Control & Red init ok.
Main loop started.
recorder child Received: idle
child speaker Received: play_start
speaker parent Received:  audio_queue_done
red child Received: [ 'start' ]
Voice assistant WebSocket server is running on ws://localhost:8000
recorder child Received: start
red child Received: [ 'start' ]
Voice assistant WebSocket server is running on ws://localhost:8000
recorder child Received: start
control parent Received:  started
Received: {"payload":"*pong*","_msgid":"51b4e80bb31da436"}
red parent Received:  started
aaaaaaaaaaaaa
Control & Red init ok.
Main loop started.
recorder child Received: idle
child speaker Received: play_start
speaker parent Received:  audio_queue_done
Voice assistant Client disconnected
red child Received: [ 'start' ]
Voice assistant WebSocket server is running on ws://localhost:8000
recorder child Received: start
red child Received: [ 'start' ]
Voice assistant WebSocket server is running on ws://localhost:8000
recorder child Received: start
control parent Received:  started
Received: {"payload":"*pong*","_msgid":"0562fa548a101887"}
red parent Received:  started
aaaaaaaaaaaaa
Control & Red init ok.
Main loop started.
recorder child Received: idle
child speaker Received: play_start
speaker parent Received:  audio_queue_done
red child Received: [ 'start' ]
Voice assistant WebSocket server is running on ws://localhost:8000
recorder child Received: start
red child Received: [ 'start' ]
Voice assistant WebSocket server is running on ws://localhost:8000
recorder child Received: start
control parent Received:  started
Received: {"payload":"*pong*","_msgid":"d071bd65cd27b6f5"}
red parent Received:  started
aaaaaaaaaaaaa
Control & Red init ok.
Main loop started.
recorder child Received: idle
child speaker Received: play_start
speaker parent Received:  audio_queue_done
keyword detected:  0
control parent Received:  record
recorder child Received: record
control parent Received:  {
  message: 'stt',
  recC: [
    Int16Array(512) [
        -94,   118,    -6,  -169,     2,  -185,  -252,  -428,  -540,
       -696,  -389,  -805,  -767,  -637,  -954,  -982,  -737,  -686,
       -607,  -379,  -455,  -536,  -427,  -468,  -293,    43,   215,
        704,   895,   675,   426,   676,   648,   782,   961,   922,
       1092,   815,   698,   553,   466,   563,   659,   941,  1435,
       1570,  1382,  1503,  1430,  1376,  1308,  1147,  1045,   849,
        238,   -85,  -269,  -321,  -345,  -200,  -223,  -459,  -554,
       -820,  -879,  -957, -1035, -1222, -1235, -1280, -1143, -1128,
      -1152, -1087, -1095,  -620,  -413,  -332,     2,  -116,    56,
        582,   422,   288,   433,   661,   879,  1175,  1406,  1538,
       1525,  1266,  1310,  1394,  1482,  1488,  1507,  1324,  1319,
       1051,
      ... 412 more items
    ],
    Int16Array(512) [
       755,  525,  240,  333,  383,   199,   164,   245,   132,   -90,
      -374, -558, -386, -317, -180,  -122,  -126,   -77,   -40,   -31,
       -15,  271,  500,  577,  477,   457,   273,   224,   190,   282,
       114,  139,  179,  -11,   43,    40,   -82,   100,   190,   301,
       361,  462,  387,  468,  641,   476,    35,  -457,  -276,  -141,
      -125,  -75,  -67, -232, -237,  -443,  -382,  -264,  -220,  -276,
        74,  -71, -100,   96,  240,   337,   281,   429,   571,   683,
       419,  184,  130,   39, -110,     8,   309,   640,   781,   593,
       442,  405,  222,  246,  303,   173,    91,  -153,  -147,  -139,
      -124, -162, -458, -635, -886, -1188, -1258, -1114, -1039, -1051,
      ... 412 more items
    ],
    Int16Array(512) [
       198,  209,   20, -272, -425,  -390,  -406,  -290,   -27,  -198,
      -550, -462, -383, -595, -911,  -661,  -285,  -145,  -482,  -377,
        93,  -10, -388, -126,   50,  -202,  -388,   -71,   593,   431,
       217,  399,  687,  582,  620,   682,   595,   321,   143,   266,
       303,  323,  613,  792,  709,   577,   379,   304,   -17,    50,
       233,  -47, -166, -304, -612,  -757,  -790,  -914,  -798,  -409,
      -225, -478, -778, -860, -704,  -924,  -735,  -337,   -37,    37,
         9,  -41, -486, -721, -751,  -906,  -606,  -493,  -236,    92,
       258,  392,  164,  -54, -121,    -3,   182,   273,   328,   612,
       548,  115, -164, -439, -997, -1385, -1366, -1068, -1169, -1044,
      ... 412 more items
    ],
    Int16Array(512) [
      -1619, -2033, -2291, -2051, -1773, -1736, -1545, -1324, -1119,
      -1014,  -704,  -720,  -545,  -131,   112,   552,   767,  1094,
       1042,  1052,   531,   352,   367,   474,   811,  1183,  1521,
       1363,  1016,   601,   508,   693,  1031,  1405,  1557,  1816,
       1941,  1941,  1862,  1302,   882,  1052,  1369,  1547,  1974,
       1767,  1743,  1505,  1124,   668,   394,   502,   662,  1046,
       1453,  1364,   915,   694,   396,   137,    -7,  -285,  -194,
       -175,  -498,  -721, -1018, -1110, -1120, -1121,  -970, -1134,
      -1185, -1180, -1080,  -769,  -746,  -741,  -626,  -472,  -318,
       -309,  -593,  -733,  -485,  -209,    43,    44,  -141,  -424,
       -504,  -186,    43,   379,   504,   443,   534,   635,   811,
        875,
      ... 412 more items
    ],
    Int16Array(512) [
      -1870, -1907, -2056, -1854, -1351,  -753,  -218,  -225,  -229,
       -819, -1712, -2031, -1791, -1661, -1281,  -499,  -168,  -427,
       -690,  -833, -1429, -1767, -1658,  -721,   -59,   217,   706,
        745,   608,   222,   144,   374,   703,   746,   681,   855,
        913,  1075,   852,   642,   463,   261,   460,   842,  1008,
       1065,   991,   778,   311,   -39,   -49,  -126,  -441,  -231,
        166,    24,  -206,  -372,  -748, -1070, -1201, -1363, -1218,
       -966,  -824,  -403,  -221,   -91,   162,    97,   -80,  -411,
       -372,  -265,  -153,   175,   701,   981,   792,   485,   125,
       -153,  -489,  -437,   -83,   268,   575,   761,  1079,   744,
        154,  -101,   -83,   282,   798,  1032,  1307,  1110,   523,
        117,
      ... 412 more items
    ],
    Int16Array(512) [
      -324,  -71,  250,  544,  815,  918,   881,   744,  717,  924,
       983, 1184, 1024, 1195, 1283, 1555,  1341,  1066, 1266, 1083,
      1199, 1146,  994,  587,   90, -219,  -515,  -492, -309, -110,
       -85,  153, -141, -407, -618, -775, -1115, -1168, -887, -847,
      -649, -586, -781, -890, -895, -681,  -599,  -531, -489, -484,
      -306, -387, -153, -200, -219,   30,   273,   329,  435,  504,
       311,  367,  287,  569,  871,  706,   687,   756,  892, 1076,
      1106,  964,  840,  776,  767,  661,   663,   644,  565,  465,
       581,  655,  720,  561,  755, 1035,   810,   518,  393,  501,
       743,  783,  885,  837,  405,  367,    48,   -94, -497, -618,
      ... 412 more items
    ],
    Int16Array(512) [
       677,  771,  490,  423,  300,   66,  181,  -49, -108,  -80, -332,
      -399, -261, -184, -102, -285, -340, -173, -259, -261, -301, -189,
       276,  612,  831,  771,  766,  774,  417,  205,  102,  435,  720,
       890,  591,  371,  208,  -96, -138, -256,  157,  359,  335,  327,
       303,  232, -211, -248, -198, -138,  -40,  123,  154,  161,  301,
       268,  -50, -123, -358, -478,   -6,  408,  742,  778, 1007, 1130,
      1056,  945,  726,  718,  322,  190,  328,  252,  -45, -221, -308,
      -469, -386, -206,   71,  251,  598,  632,  568,  524,  581,  617,
       625,  530,  730,  970, 1046,  836,  382,  141, -171, -139,    7,
       -20,
      ... 412 more items
    ],
    Int16Array(512) [
       372,  244,  -142, -369,  -477,  -461,  -226,    27,  -90,
        60, -240,  -352, -319,  -282,  -299,  -314,    82,  146,
       305,  549,   365,  327,   285,   135,   -10,   119,  -87,
      -279, -269,  -398, -675,  -581,  -737, -1147, -1037, -841,
      -425, -179,  -328, -704,  -805, -1016,  -883,  -786, -631,
      -359, -299,  -326, -633, -1016, -1165,  -823,  -623, -434,
      -542, -427,  -435, -510,  -582,  -163,    -2,  -314, -526,
      -755, -974, -1090, -705,  -591,  -672,  -495,  -472, -214,
      -258, -492,  -502, -590,  -209,   -68,   144,    73, -227,
      -194, -327,  -395,  -55,   411,   616,   824,   843,  851,
       716,   46,  -299, -398,  -325,   -19,   318,   519,  285,
       330,
      ... 412 more items
    ],
    Int16Array(512) [
      -1168, -1211, -1105, -914, -973, -1174, -1323, -1311, -1487,
      -1591, -1289, -1122, -807, -800,  -586,  -323,  -191,  -243,
       -398,  -155,  -144,  -26, -294,  -565,  -719,  -576,  -431,
       -353,  -321,  -640, -664, -704,  -698,  -501,  -204,  -160,
       -222,     3,    59,   85,  -92,  -100,   -55,   -79,   106,
        133,    24,  -201, -422, -410,  -463,  -599,  -632,  -505,
       -420,  -326,  -387, -421,   69,   452,   277,  -184,  -335,
       -189,   -35,   -53,   74, -104,   -99,  -376,  -248,  -174,
        -40,   221,   190,  -75, -243,  -401,  -302,   183,   365,
        385,   462,   434,  252,  384,   487,   404,   191,   245,
        166,   181,   132,  117,   49,   -50,    56,   367,   542,
        617,
      ... 412 more items
    ],
    Int16Array(512) [
       -834,  -564,  -379,  -395,  -444, -550,  -509,   -81,   464,
        789,  1032,  1066,  1031,  1133, 1459,  1802,  2359,  2122,
       1828,  1885,  1765,  1773,  1835, 1817,  1614,  1481,  1710,
       1380,  1119,   818,   865,   774,  540,   351,   -27,   -15,
         86,   127,   104,    58,  -261, -704, -1199, -1458, -1540,
      -1821, -1758, -1390, -1247, -1133, -886,  -808,  -886, -1004,
       -809,  -717,  -391,     0,    80,  165,   137,   -33,     4,
        -70,  -223,  -215,  -191,  -152,  103,   330,   202,    25,
       -160,   324,   903,  1304,  1365, 1430,  1315,  1238,  1286,
       1602,  1663,  1606,  1530,  1736, 1865,  1900,  2012,  1981,
       1738,  1629,  1418,  1023,   803,  785,  1110,  1118,  1107,
        674,
      ... 412 more items
    ],
    Int16Array(512) [
        197,   204,   206,   353,   733,   741,   684,   505,   316,
        376,   437,   163,   178,   -11,  -298,  -528,  -979, -1225,
      -1499, -1533, -1638, -1850, -2366, -2477, -2358, -1956, -2039,
      -2125, -2050, -1950, -1875, -1843, -1851, -1945, -1917, -2119,
      -1970, -1933, -1615, -1669, -1780, -1811, -1495, -1099, -1266,
      -1008,  -896,  -460,  -147,   185,    51,   160,   563,  1071,
       1144,  1295,  1619,  1756,  1604,  1410,  1368,  1601,  1857,
       2016,  2169,  2106,  2244,  2048,  2054,  1796,  1799,  1588,
       1543,  1444,  1011,   697,   693,  1021,   534,    14,  -177,
       -553,  -956, -1140, -1294, -1380, -1613, -2164, -2665, -2908,
      -2700, -2647, -2688, -2622, -2653, -2686, -2542, -2397, -2439,
      -2337,
      ... 412 more items
    ],
    Int16Array(512) [
       1682,  1676,  1726,  2012,  2161,  1949,  1965,  1777,  1501,
       1443,  1719,  1568,  1614,  1420,   940,   933,   804,   418,
         -2,  -114,  -304,  -316,  -533,  -586,  -686,  -878, -1190,
      -1644, -1905, -1998, -1801, -1703, -1662, -2004, -2379, -2447,
      -2526, -2428, -2510, -2700, -2770, -2590, -2518, -2253, -2178,
      -2020, -1804, -1929, -1906, -1722, -1013,  -770,  -816,  -748,
       -766,  -480,   -99,   142,   -15,    27,   326,   684,   884,
       1029,  1096,   800,   941,   880,   692,   871,  1150,  1391,
       1202,  1154,  1218,  1229,  1414,  1499,  1229,  1005,   672,
        817,   925,  1117,   873,   522,   624,   486,   310,    87,
        123,     6,   -56,  -118,   -77,  -153,  -302,  -486,  -619,
       -941,
      ... 412 more items
    ],
    Int16Array(512) [
       1542,  1893,  2149,  2186,  1991,  1711,  1582,  1399,  1261,
       1001,  1238,  1561,  1654,  1587,  1429,  1410,  1373,  1328,
       1108,  1020,   583,   565,   591,   747,   796,   647,   333,
       -190,  -827, -1318, -1675, -2280, -2266, -2278, -1978, -1459,
      -1306, -1130, -1389, -1858, -1969, -1977, -2237, -2314, -2170,
      -2019, -2068, -1899, -2036, -2123, -2061, -2101, -2130, -2593,
      -2516, -2294, -1578,  -877,  -532,  -264,  -327,  -613,  -477,
       -258,   182,   706,   649,   905,  1133,  1716,  2042,  1936,
       1869,  1720,  1671,  1793,  1974,  2452,  3091,  3253,  3881,
       4006,  3909,  3342,  2774,  2106,  1729,  1437,  1032,  1225,
       1188,  1089,   599,   110,  -405,  -598,  -736,  -737,  -983,
       -843,
      ... 412 more items
    ],
    Int16Array(512) [
       1241,  1578,  1438,  1212,  1078,  1238,  1669,  2019,  2206,
       2298,  2423,  2167,  1974,  1882,  1783,  1699,  1919,  1569,
       1957,  2717,  2408,  1901,  1811,  1361,  1075,   633,  -291,
       -763,  -641,  -240,  -111,    88,   407,   436,  -478, -1260,
      -1162,  -976, -1015,  -705,   211,   608,  1110,  1125,   528,
       -119,  -854, -1908, -2597, -2522, -2383, -2153, -1727, -1175,
       -803,  -905, -1213, -2101, -2581, -2844, -2825, -2459, -1859,
       -841,   151,   505,   656,   551,   366,    -6,  -769, -1419,
      -1551, -1228,  -958,  -515,    45,   626,   623,   258,  -156,
       -430,  -775,  -938,  -684,   323,  1502,  2455,  3463,  4146,
       4279,  3725,  2809,  1949,  1320,   942,   678,   934,  1277,
       1379,
      ... 412 more items
    ],
    Int16Array(512) [
       -173,  -977, -1488, -2233, -2331, -1482,  -236,  1080,  2008,
       2236,  2251,  2064,  1529,   731,   212,   296,   589,   707,
       1136,  1856,  2610,  2694,  2323,  2088,  1738,  1209,   815,
        604,  1213,  2264,  2894,  3548,  3996,  4101,  3832,  3204,
       2411,  1686,  1687,  1523,  1130,  1641,  1970,  1847,  1390,
       1016,   937,   712,   -79,  -651, -1019, -1425, -1643, -1605,
      -1075,  -592,  -527,  -880, -1083, -1628, -2228, -2677, -3251,
      -3280, -2111, -1274, -1169, -1077,  -786,  -908, -1067, -1341,
      -1622, -1842, -2182, -2093, -2063, -1502,  -732,  -389,    54,
         -4,  -457, -1010, -1701, -1924, -1831, -1506, -1179,  -863,
       -135,   290,   367,   101,   265,   415,   540,   541,   766,
       1479,
      ... 412 more items
    ],
    Int16Array(512) [
      -2368, -2445, -2302, -1901, -1449,  -724,    94,   513,   603,
        255,  -280, -1141, -1687, -1797, -1996, -1865, -1678, -1583,
      -1883, -1840, -1841, -2084, -1880, -1621, -1352, -1232,  -610,
         87,   810,  1294,  1366,  1632,  1449,  2153,  2272,  2119,
       2304,  2588,  2540,  1908,  1964,  2412,  2699,  2555,  2616,
       2838,  2706,  2717,  2582,  2737,  3207,  3496,  3322,  2975,
       2831,  2137,   728,   -58,  -382,  -407,  -481,  -891,  -977,
       -920,  -751, -1262, -1674, -1506, -1505, -1546, -1898, -1789,
      -1024,  -626,  -530,  -664,  -427,  -518, -1127, -1931, -2641,
      -2587, -2258, -1797, -1337,  -817,  -406,  -613, -1359, -2060,
      -2264, -2268, -2741, -2567, -1660, -1063,  -623,  -415,  -518,
       -269,
      ... 412 more items
    ],
    Int16Array(512) [
      -1000, -1146, -988, -826, -793,  -569,  -819,  -901,  -453,
       -337,  -543, -353, -262, -508, -1216, -1880, -1433,  -883,
       -470,  -318, -230,  -92, -165,  -729, -1005,  -996,  -869,
       -452,  -312,  162,  705,  800,   387,   570,   359,    42,
       -116,  -550, -223,  171,  519,   804,  1142,  1392,  1208,
        784,   341,  353,  319,  174,   379,   584,   919,  1299,
       1377,  1370, 1002,  396,  -48,  -257,  -357,  -505,  -687,
       -727,  -366, -160, -260, -496,  -701,  -646,  -600,  -575,
       -653,  -593, -597, -441, -374,  -470,  -512,  -363,  -254,
       -105,   -65, -146, -435, -553,   -39,   222,     6,  -348,
       -201,  -127, -167, -129, -202,    67,  -214,  -776, -1180,
       -923,
      ... 412 more items
    ],
    Int16Array(512) [
      -829, -1054, -918, -783, -230,  -125,  -101,    98,  123,   86,
         0,  -485, -737, -199,  219,   473,   700,   879, 1147, 1339,
      1477,  1525, 1497, 1483, 1237,   964,   987,  1036, 1490, 1573,
      1453,   999,  571,  370, -381, -1031, -1059,  -525, -196,  132,
       235,   398,  322, -105, -574,  -939, -1097, -1046, -898, -744,
      -413,  -171,  -71,  103,  177,   125,    -6,  -274,  -56,  565,
      1051,  1564, 1798, 1685, 1187,   780,   317,   197,  490,   12,
      -476,  -709, -514, -393, -463,  -470,  -475,  -383, -518, -478,
      -356,   130,  475,  426,  532,   944,   975,   559,  788,  783,
       667,   639,  927, 1311, 1099,  1091,   770,   348,   19, -121,
      ... 412 more items
    ],
    Int16Array(512) [
       742,  580,  507,  464,  -40,  -486,  -535,  -601,  -557,
      -439,  -72,   87, -203, -441,  -665,  -711,  -750,  -708,
      -624, -477, -354, -667, -826, -1027, -1057, -1097, -1065,
      -753, -633, -501, -430, -436,     0,   250,   587,   436,
       137,  399,  430,  590,  856,  1154,  1436,  1579,  1550,
      1479, 1293, 1170, 1093,  966,  1001,  1017,   779,   783,
      1071, 1278, 1528, 1376, 1378,  1202,   975,   638,   139,
      -230,   33,  437,  440,  573,   376,   110,  -239,  -131,
      -179,  -58,  -41,   65,  236,   131,   -88,  -215,   -31,
       296,  365,  303,   77,  -99,  -202,  -278,  -227,  -565,
      -488, -572, -722, -573, -661, -1102, -1020,  -967,  -940,
      -545,
      ... 412 more items
    ],
    Int16Array(512) [
        62,  230,  234,   68, -344, -790, -744, -491, -118,    5,  170,
       632,  809,  868,  675,  228,  258,  165,  -22,  227,  394,  314,
       413,  307,  144,  163,   23, -101, -241, -396,  119,  454,  753,
       749,  417,   -7, -439, -539, -347, -357, -246, -306, -287, -219,
      -700, -647, -742, -765, -766, -654, -314,   12,   77,  -31, -297,
      -352, -372, -398, -260, -328, -196, -181,   87,  131,   77,   54,
        44,  153,  -67, -388, -426, -276, -237,  101,  362,  601,  888,
       849,  795,  491,  220,  -63, -284, -448, -364, -219, -245, -112,
      -244, -518, -517, -623, -716, -569, -301, -172, -270, -478, -529,
      -397,
      ... 412 more items
    ],
    Int16Array(512) [
       234,  442,  532,  799, 1028, 1192, 1104, 1017, 1033, 1066, 1134,
      1029,  788,  415,  258,  151,  238,  189,  208,  -43, -344, -451,
      -639, -441, -320, -300, -193, -476, -807, -662, -556, -523, -256,
       -37,  199,  -38,  -26,   60, -121, -113, -146, -372, -424, -344,
      -603, -267,  115,  294,  322,  396,  346,  123,  368,  514,  444,
       301,  294,  428,  498,  501,  665,  900,  888,  997,  879,  649,
       441,  173,  141,  241,  332,  272,  624,  646,  450,  237,  277,
       272,  131,   27, -235, -466, -425, -355, -572, -231, -212, -251,
      -332, -290, -147, -255, -347, -111,  -46, -325, -407, -287, -385,
      -361,
      ... 412 more items
    ],
    Int16Array(512) [
       581,  565,   60, -241, -358,  -75,  227,  460,   192,
      -194, -494, -398,   15,  251,  187,   86,  290,    68,
       -93, -186, -433, -396, -492, -461, -274, -284,  -459,
      -457, -106,   24,  -32, -137, -243, -197, -109,  -214,
      -191, -191, -241, -494, -694, -323, -220, -341,  -394,
      -384, -592, -594, -588, -461, -363, -313, -121,  -329,
      -367, -363, -503, -556, -417, -563, -773, -920,  -877,
      -763, -573, -199, -116, -133, -220, -296,  -93,  -273,
      -225,  -78,  169,  196, -130, -385, -786, -971, -1038,
      -892, -618, -499, -372, -430, -349, -361, -317,  -284,
      -197,  -47,  255,  268,   72, -204, -395, -476,  -653,
      -856,
      ... 412 more items
    ],
    Int16Array(512) [
       530,  495,  511,  230,  218,  395,  358,  240,  125,   24,   71,
       -43, -102, -124,   10, -267, -371, -187,  -42,  187,  398,  501,
       301,    9, -326, -349, -160,  175,  401,  404, -110, -250,  -93,
       -59,  118,  252,   92,   38,  171,  336,  434,  292,  280,  294,
       527,  703,  726,  692,  820,  644,  410,  196,  104,  461,  603,
       625,  858, 1153, 1053, 1147, 1209, 1062, 1026, 1041,  654,  585,
       538,  385,  146,    6,  135,  356,  448,  557,  332,   48,  188,
       321,  515,  456,  334,  127,   36, -254, -381, -196, -126, -321,
      -691, -537, -665, -702, -411, -179,  -97, -347, -191, -198, -270,
      -354,
      ... 412 more items
    ],
    Int16Array(512) [
      -344, -380, -495, -337, -575, -659, -459, -114,  278,  227,  465,
       460,  572,  540,  485,  543,  801,  402,  344,  261, -167,  -85,
      -176, -154, -224,  -79,  -28,   93,  106,  285,  218,  -51, -313,
      -314, -240,  146,  415,  536,  348,   53,  161,  170,  110,  105,
       192,  127,  309,  333,  267,   42,  -61,  -91,  108,  172,   87,
       117, -232, -472, -448, -390,  -86,  246,  448,  604,  428,  475,
       503,  309,   58, -364, -427, -494, -263,    5,   85,  210,  275,
       522,  695,  483,  262,  308,   55,   -8, -438, -528, -460, -302,
      -235, -130,   51,  144,  125,  -19, -291, -645, -449, -248, -155,
      -112,
      ... 412 more items
    ],
    Int16Array(512) [
       -44,  -53, -263, -385, -328, -531, -556, -108,  307,  336,  463,
       276,   97,   32, -120, -230, -135,   96,  365,  449,  431,  240,
       146,  -91, -454, -495, -573, -657, -342, -138,  -72, -270, -205,
       -71,  -22,   75,  181,  -19, -107,  135,  470,  505,   38,   43,
       116,  204,  354,  334,  523,  347,  175,   20,  180,  374,  394,
       598,  658,  772,  580,  604,  486,  -49, -422, -550, -578, -270,
       -36,  133,  107,   62,  280,  240,  352,  422,  541,  304,  241,
       281,  294,  418,  250,  321,  378,  295,  339,  322,  157,  -98,
      -526, -405, -326, -183, -109,  -64,  -35,   60,  166,  290,  552,
       580,
      ... 412 more items
    ],
    Int16Array(512) [
      -201,  -60,   66,  132,  -32,   80,  153,  189,  159, -167, -484,
      -508, -131,  434,  640,  491,  611,  555,  508,  620,  456,  534,
       226,  -69, -287, -156, -330, -201,  111,  342,  576,  557,  755,
       428,  234,   45,    9,  232,  139,   89,    5, -203,  -44, -126,
        98,  107,  178,  109,  289,  433,  314,  298,  150,  107,  164,
       -20, -214, -320, -564, -612, -825, -748, -685, -551, -787, -662,
      -458, -518, -374, -253,   -4,  229,  162,   38, -176, -288, -345,
      -212,   21,  -62,  -63, -193, -205, -265, -412, -562, -308, -219,
       -30,  418,  749,  967,  912,  796,  788,  553,  668,  524,  438,
       251,
      ... 412 more items
    ],
    Int16Array(512) [
      -177,  -63,   49,  343,  -46, -454, -504, -155, -103, -197,  325,
       500,  507,  258,  203,   70, -179, -350, -351, -160, -300, -236,
      -229, -298, -240, -319, -338, -304,  -88,    6,  -24, -383, -542,
      -439, -425, -522, -616, -802, -974, -751, -371, -144,  -75, -374,
      -435, -396, -237, -321, -361, -260,  -10,  233,  302,  233,  400,
       416,  102,  -72, -174, -196, -474, -276,  -40,   82,   49,  -94,
      -156, -132,  -81,  -71,   49,   18,   81,  -37,   27,  216,  230,
       -48, -445, -816, -985, -860, -780, -807, -712, -263, -315, -491,
      -287,   58, -141,  -48,  101,   89,  182,  109,  162,   66, -287,
      -185,
      ... 412 more items
    ],
    Int16Array(512) [
       756,  841, 1067, 1260, 1255, 1014,  832,  585,  398,  245, -205,
      -428, -422, -322,  -96,   73,  219,  334,  227,  502,  479,  350,
       395,  400,  299,  349,  309,  184,   59, -269, -313, -236,  -89,
       -93,   57,  171,  348,  359,  348,  122,  -91,   61,  402,  809,
       770,  770,  382,  104, -126, -395, -703, -741, -690, -667, -668,
      -424, -493, -624, -397, -459, -519, -523, -361, -424, -606, -431,
      -405, -368, -226,   37,   28, -189, -111,  -34,  -87, -129,  -83,
       146,   94,  106,  398,  828,  992, 1003, 1016, 1005,  568,  134,
       -22, -272, -170,  109,  204,  183,  211,  165,   -6, -300, -562,
      -571,
      ... 412 more items
    ],
    Int16Array(512) [
      -556, -579, -537, -379, -284, -318, -256,  -59,  -84,  -35,  110,
       183,  241,  436,  494,  234,   46,  229,  274,  366,  399,  358,
       276,  163,  216,  393,  540,  648,  656,  591,  734,  739,  952,
       748,  414,  285,  398,  633,  725,  969,  955,  656,  459,  -35,
       -90,  -23,  -98,  -17,   82,   86,  -19,  241,  424,  573,  697,
       980,  888,  617,  324,  134,  300,  487,  581,  710,  714,  404,
        22, -191, -170, -301, -335, -387, -508, -421, -299, -139, -282,
      -267,   92, -151, -235,  -22, -154, -187, -279, -313, -173, -270,
      -202, -113,  143,  245,  628,  620,  404,  268,  438,  602,  664,
       859,
      ... 412 more items
    ],
    Int16Array(512) [
       129,  102, -240, -240,  -97,   50,   94,  -53,  139,  411,  165,
       -85, -250, -375, -347, -339, -532, -588, -638, -466, -279,   67,
        76,  -59, -364, -838, -855, -362, -195,  -39,  350,  315,  387,
       336,  612,  363,  149,  359,  148,   46,  -35, -184, -488, -493,
      -596, -561, -287, -280, -315, -200, -184,  -92,   -8,   37,  326,
       303,  190,  204,  356,  374,  389,  115, -163, -302, -249,  -12,
      -253, -313, -293, -222,   53,  -69, -283, -232,   33,  -58,  122,
       183,   36,   13,   73, -229, -282, -225, -190,   58,   68, -341,
      -640, -637, -265,  196,  189,  214,   99, -179,  101,  287,  126,
       226,
      ... 412 more items
    ],
    Int16Array(512) [
       309,  332,  440,  313,   93,   44,  107,  233,  489,  885,  822,
       586,  374,  -95, -387, -473, -672, -748, -687, -795, -523, -635,
      -563, -702, -654, -260, -277, -137, -423, -516, -590, -658, -555,
      -277, -298, -553, -818, -836, -585, -669, -604, -627, -712, -756,
      -519,  -90,  188,  406,  711, 1189, 1046,  742,  702,  541,  485,
       574,  567,  255,  277,  361,  456,  396,  289,  104,  -87, -171,
      -429, -569, -578, -518, -417, -227,   76,  361,  630,  598,  599,
       555,  662,  703,  361,  324,  258,  262,  513,  556,  353,  835,
      1320, 1000, 1086, 1194,  857,  618,  392,  413,  136,  109,  292,
       291,
      ... 412 more items
    ],
    Int16Array(512) [
       479,  660,  747,  861,  660,  331,   184,  122,  -32,  -87,
      -125,   73,   63,  102,  -39, -262,  -228, -193, -151,  -41,
      -100, -389, -400, -259, -198, -135,    94,  405,  729,  529,
       328, -129, -318,   60,  128,  291,  -135, -354, -265, -265,
      -226, -416, -772, -754, -476, -280,  -109, -170, -293, -440,
      -780, -978, -802, -624, -591, -799, -1217, -997, -729, -649,
      -629, -807, -714, -715, -381, -263,  -341, -211, -287, -235,
      -148,   19,  -15,   -3,   89,  116,   -13,  -35,  192,  385,
       313,  334,  290,    7,  -10,  224,   484,  677,  849,  871,
      1057, 1035,  978, 1084,  988,  672,   571,  678,  416,  630,
      ... 412 more items
    ],
    Int16Array(512) [
       449,  192, -145,  -96, -273, -380, -150, -168,   -1,  -17,
       114,   -4,  -15,   33,  202,  -63, -293, -207, -266,  -70,
        41,   99,  107,  136,  -52, -236, -275,  -47, -234, -273,
      -278, -541, -822, -718, -664, -531, -412, -554, -416, -259,
      -493, -681, -861, -742, -274, -200,  -62,  -26, -250, -310,
      -355, -488, -108,  -30, -230, -333, -344, -484, -565, -506,
      -303,  -20,  -21, -283, -439, -303, -445, -564, -655, -465,
      -545, -620, -478, -398, -337, -272, -328, -236, -133, -420,
      -379, -489, -505,  -62,  265,  386,  249,   49,   69,   28,
      -114, -274, -165,   27,  194,  296,  275,  171,  -68,   27,
      ... 412 more items
    ],
    Int16Array(512) [
       166,  234,   82, -205, -364, -180, -329, -444, -309, -204, -270,
        56,  475,  465,  571,  616,  518,  388,  505,  345,  265,  419,
       181,   56,  -50, -141, -173,   54,  244,   19,  -14,   -6,   17,
        38,   76,   97,  324,  433,  512,  481,  533,  298,  -67, -204,
       -15,  -66, -157, -122, -162, -308, -439, -319, -424, -446, -424,
      -359,  -74, -121,  -53,   87,  206,  186,   63, -213, -546, -680,
      -546, -293, -253, -377, -520, -400, -453, -689, -572,  -86,  351,
       634,  421,  515,  503,  502,  520,  495,  307,   46, -271, -743,
      -576, -502, -285, -288, -128, -250, -322, -475, -773, -716, -700,
      -675,
      ... 412 more items
    ],
    Int16Array(512) [
       269,  164,  -30,  -39,  -39,  143,  584,  485,  591,  312,  108,
        59,  411,  523,  340,  433,  490,  722,  613,  666,  348,   74,
       277,  476,  586,  340,  140, -251, -434, -320,   77,  334,  501,
       437,  263,  -21, -142,   82,  232,  316,   -9,   95,  262,  158,
       316,  340,  185, -120, -328, -168,  210,  488,  549,  210,  -90,
      -352, -495, -617, -629, -426, -378, -530, -221, -285, -382, -358,
      -432, -365, -137,   74,  200,  209,  -67, -393, -507, -404, -316,
      -346, -491, -609, -786, -638, -424, -358, -395, -391, -207,  -69,
       -26, -257, -375, -345, -587, -660, -316, -154, -171, -262, -321,
      -251,
      ... 412 more items
    ],
    Int16Array(512) [
      -373, -745, -678, -357,  140,   547,  331,  157,  196,  240,
       367,  393,  486,  406,  535,   281,  -70, -365, -497, -423,
      -283, -521, -733, -578, -214,   -44,  131,  220,  165,  122,
       147,  172,  -54,   70, -427,  -738, -724, -503, -390, -376,
      -304, -606, -632, -679, -950, -1024, -810, -417,  -50,  217,
       343,  455,  530,  647,  518,   542,  417,  295,  126,  -43,
       -65, -192, -182,  -92,   62,   -20,  -85,  -52,  -99,  -70,
        -6,  163,  190,  335,  463,   430,  408,  264,   12, -288,
      -187,  -51, -355, -251, -220,  -200,  -84,  -12,  134,  132,
       397,  692,  902,  621,  650,   436,  270,  100,  -11,  -19,
      ... 412 more items
    ],
    Int16Array(512) [
        24,  456,  819, 1204, 1113,  845,  546,   50, -419, -489, -543,
      -693, -575, -432, -502, -719, -819, -764, -879, -572,  -61,  171,
       -16,  -30,  -33,  -77,  -65,  -33,  -29,  192,  343,  281,  223,
       260,  284,  101,   20,  -70,   62, -105,  -42,   47,  119,  -21,
       -25,  104,    5,  -72, -346,  -79,  194,  375,  345,  393,  145,
        30, -308, -426, -392, -335, -101,  215,  702,  692,  550,  408,
       657,  797,  937,  785,  610,  205,   94,  395,  573,  658,  410,
        68,  -66, -175,   13,  111,  284,  264,  221,  124,   59,  442,
       642,  661, 1033,  818,  590,  259,    9, -251, -499, -465, -468,
      -116,
      ... 412 more items
    ],
    Int16Array(512) [
       761,  611,  537,  229,   -5,  -59,   38, -174,  -56, -210, -434,
      -173,  102,   12, -353, -335, -355, -231, -365, -628, -694, -491,
      -596, -534, -686, -535, -354, -223,  -89,    0, -216, -325, -138,
      -144, -198, -188,  -18,  -10,    0, -249, -347, -261,  -25, -154,
      -464, -368, -252, -115,   22,  182,  352,  293,  114,  -62, -185,
         5,  -52, -147, -119,   55,   61,  -89, -350, -517, -322, -362,
      -676, -879, -757, -878, -882, -697, -562, -738, -697, -759, -682,
      -641, -377, -323, -263, -261,   -7,  158,   27,  266,   71,  112,
       244,  148,   89,  -78, -209, -473, -442, -475, -526, -338, -384,
       -70,
      ... 412 more items
    ],
    Int16Array(512) [
       495,  443,  381,  312, -115, -499, -460, -530, -539, -738, -718,
      -871, -784, -651, -194, -125, -139, -225, -254, -276, -192,   87,
       126,  -55, -344, -212,  -81, -147,   -8,   39,   -9,  124,  323,
       251,  174,  270,  406,  443,  597,  794,  842,  697,  499,  509,
       851,  529,  981,  963,  842,  392,  558,  752,  973,  993, 1004,
      1083,  747,  624,  381,  543,  581,  557,  776,  903,  521,  396,
       625,  524,  275,   95,  -70, -360, -654, -579, -520, -484, -463,
      -738, -942, -831, -642, -639, -587, -521, -741, -522, -804, -736,
      -672, -686, -846, -659, -454, -289, -421, -406, -519, -404, -110,
       -87,
      ... 412 more items
    ],
    Int16Array(512) [
       -829,  -689, -1193, -1569, -1938, -2591, -2778, -2742, -2531,
      -2111, -1662, -1031,  -804,  -625,   137,   863,   946,   767,
        742,   379,   378,   524,   841,  1398,  1714,  1469,  1325,
        732,  -142, -1082,  -951,  -601,  -175,   784,  1462,  1327,
        694,   609,   651,  1029,  1504,  1860,  1814,  1639,  1387,
       1240,  1404,  1596,  1651,  1754,  1746,  1767,  1901,  1797,
       1545,   837,    66,  -249,  -116,   -58,   216,   517,   377,
        449,    51,  -648, -1306, -1241, -1029,  -774,  -454,   114,
        570,   805,   843,   606,   296,   311,   772,   990,   434,
        241,   -57,  -512,  -960, -1157,  -805,  -674,  -406,  -275,
       -330,  -321,   174,   652,   920,   922,   622,   -17, -1046,
      -1446,
      ... 412 more items
    ],
    Int16Array(512) [
      -4629, -4654, -3969, -2495,  -847,   629,  1537,  1981,  1589,
        564,  -345, -1014, -1252, -1359, -1129,     1,   815,  1047,
        724,  -347, -1959, -2879, -2818, -2226,  -922,   901,  2363,
       2940,  2890,  2331,  1945,  1597,   784,   572,   499,    39,
       -346,  -339,  -227,   -38,   347,   247,  -477,  -994, -1243,
      -1098,  -466,   705,  1737,  1985,  1541,   735,    21,  -385,
       -131,   384,   955,  1415,  1353,   784,   169,  -102,  -194,
        303,   963,  1175,  1375,  1552,  1346,   695,   386,   326,
         49,  -299,  -555,  -349,  -238,   414,  1268,  1990,  2506,
       2370,  1318,   696,   -15, -1339, -1840, -1719, -1639, -1756,
      -1462, -1148,  -742,  -311,  -173,  -956, -1850, -2870, -4076,
      -4985,
      ... 412 more items
    ],
    Int16Array(512) [
      -2384,  -218,  2146,  4264,  5489,  5736,  4773,  2790,   830,
       -830, -2367, -3172, -2714, -1612,  -656,   713,  1716,  1904,
       1707,  1003,  -193, -1564, -1946, -1212,  -210,  1079,  1701,
       2140,  1713,   800,  -575, -2003, -3172, -3803, -3528, -3201,
      -2396, -1013,   780,  2203,  3194,  3156,  2767,  1896,  1224,
        699,    89,    97,   257,   934,  1148,   731,   719,   608,
         54,  -182,    73,    89,  -166,   127,   377,   635,  1423,
       1808,  1852,  1545,   930,   407,  -160,  -804, -1557, -2309,
      -3320, -3636, -3422, -2741, -1102,   718,  2160,  3382,  3491,
       2565,  1369,  -733, -2707, -3169, -2844, -1722,  -461,  1067,
       2446,  2501,  1435,   257, -1407, -2552, -2813, -2215,  -795,
       1225,
      ... 412 more items
    ],
    Int16Array(512) [
      -3339, -1451,   411,  1957,  1923,  1061,  -145, -1315, -1911,
      -1772,  -241,  1128,  2559,  4178,  4610,  3629,  2930,  2062,
        235, -2094, -4117, -5977, -6878, -6308, -4729, -2185,   388,
       2328,  3100,  2837,  1802,  -165, -2136, -3323, -3788, -3082,
      -1673,   -82,  1362,  2817,  3350,  2288,   541, -1764, -3741,
      -5160, -5663, -4332, -2211,   455,  3325,  5186,  4883,  3380,
       1016, -1820, -3531, -3911, -2932, -1032,  2038,  4822,  6628,
       7681,  6870,  5012,  2417,  -460, -2363, -2931, -2558,  -967,
       1153,  3220,  4729,  4666,  3317,   858, -1923, -4038, -5090,
      -4981, -3646,  -924,  1926,  4208,  5842,  5694,  3967,  1787,
      -1151, -3749, -5088, -5471, -4849, -3320, -1088,   984,  2210,
       2861,
      ... 412 more items
    ],
    Int16Array(512) [
      -4253, -5394, -5384, -4285, -2650,  -385,  1648,  2129,  1917,
       1196,  -595, -2359, -2912, -2465,  -798,  1473,  3394,  4695,
       5341,  4447,  2883,   960, -1332, -2719, -3133, -2688, -1631,
        -92,  1346,  2459,  2969,  3101,  2366,  1035,  -564, -1615,
      -2188, -2336, -1431,    76,  1145,  1978,  2791,  2818,  1827,
        632,  -568, -1621, -2161, -1873, -1411, -1113,  -346,   -28,
       -348,  -712,  -782, -1470, -1849, -1917, -1651,  -776,   669,
       2855,  4385,  5148,  5381,  4234,  1714,  -466, -2911, -4958,
      -5793, -5434, -4029, -2314,  -425,   404,   472,     8, -1478,
      -3157, -4351, -4676, -3531, -1666,   844,  3276,  4807,  5001,
       3491,  1292, -1185, -3554, -4990, -5101, -3892, -1865,   181,
       1758,
      ... 412 more items
    ],
    Int16Array(512) [
       2346,  3591,  3902,  3139,  2048,   313, -1762, -3420, -4181,
      -3781, -2792, -1313,   295,  1579,  2515,  2774,  2385,  1620,
       1169,   615,  -308,  -436,   272,   409,  1045,  2206,  2522,
       1576,   686,  -700, -3131, -4630, -4920, -4673, -3864, -1856,
        -86,  1035,  2112,  2642,  1800,   805,  -172, -1891, -3102,
      -3183, -2740, -1787,  -376,   724,  1651,  1590,   699,  -664,
      -1992, -2857, -2877, -2478, -1279,   726,  2034,  2464,  3135,
       2753,   876,  -833, -2649, -3828, -3774, -2623,  -603,  1594,
       3596,  4390,  4236,  4189,  2202,  -143, -1826, -2953, -2929,
      -2461, -1379,   583,  1899,  2433,  2390,  1430,   860,  -280,
       -924, -1000,  -538,   695,  2272,  3330,  4377,  5060,  4140,
       2294,
      ... 412 more items
    ],
    Int16Array(512) [
       -473,   641,  1473,  2110,  2336,  1837,  1099,   144, -1020,
      -1558, -2304, -3316, -3240, -2574, -1911,  -807,    22,   630,
       1094,   456,  -270,  -544,  -847,  -676,  -557,  -111,   971,
       1363,   688,   161,  -668, -2558, -3915, -4422, -4093, -3578,
      -1916,   480,  2687,  4362,  5125,  4489,  3443,  2117,    89,
       -802, -1281, -1211,  -579,   286,   797,   911,   529,  -596,
      -1713, -2154, -2311, -2322, -1214,   423,  1869,  3135,  3717,
       3724,  3060,  1308,  -602, -2093, -3300, -4203, -4233, -3083,
      -1642,  -288,   797,  1550,  1456,  1087,   564,    28,   234,
        728,  1492,  1600,  1376,  1239,   552,  -560, -1046, -1436,
      -2255, -2490, -2049, -1766, -1592,  -810,  -380,   125,   597,
        384,
      ... 412 more items
    ],
    Int16Array(512) [
      -1403, -1847, -2411, -2073,  -954,   779,  2376,  3330,  3945,
       3478,  2540,  2017,  1058,   745,   933,   826,  1060,  1310,
        486,  -704, -1241, -2023, -2175, -1534,  -194,   964,  2157,
       3216,  3783,  3971,  3186,  2147,  1238,    18, -1339, -1510,
      -1253, -1181,  -846,  -616, -1048, -1593, -1787, -2330, -2118,
       -808,   411,  1794,  3085,  3980,  4247,  3588,  2153,   568,
       -756, -1931, -2589, -2241, -1117,  -510,  -204,   377,   197,
       -773, -1254, -1674, -1488,  -591,   285,  1479,  2156,  2285,
       1834,   643,  -662, -2254, -3718, -4483, -4752, -4365, -3725,
      -2676, -1412,  -300,   670,   808,  1019,   904,   406,  -240,
       -661,  -610,  -601,  -634,  -871, -1496, -2181, -2557, -2810,
      -2543,
      ... 412 more items
    ],
    Int16Array(512) [
       -543,  -366,   644,  1588,  2307,  2644,  2526,  1491,   341,
       -902, -2312, -2971, -2801, -2371, -1348,   -56,   977,  1760,
       2002,  1418,   772,   364,  -351,  -608,  -304,  -228,  -130,
        206,   448,  -262, -1212, -1709, -2239, -2098,  -911,   170,
       1094,  2211,  2537,  2215,  1613,  1322,   947,   359,  -299,
       -611,  -248,   -32,  -317,  -944,  -968, -1583, -2651, -3398,
      -3318, -2887, -1996,  -229,  1444,  2370,  2816,  2680,  1823,
       1230,    99,  -791,  -739,  -672,  -609,    30,    16,  -446,
       -950, -1787, -2679, -2585, -1884,  -949,  1074,  2931,  4345,
       4966,  4649,  3587,  2057,   530,  -584, -1043,  -697,  -123,
        517,  1101,  1026,   645,   127,  -120,  -646, -1095,  -813,
       -169,
      ... 412 more items
    ],
    Int16Array(512) [
       2169,  1442,   620,   133,  -637,  -976, -1136, -1283, -1209,
      -1564, -1769, -1865, -1802, -1111,  -552,   160,  1917,  2467,
       2362,  2563,  1609,   875,   219,  -708, -1091, -1341, -1487,
      -1379, -1049,  -548,  -797, -1134, -1609, -2685, -3175, -3484,
      -3458, -2400,  -871,   674,  1524,  2077,  2189,  1778,  1522,
        924,   255,   594,   830,   823,  1219,   946,  1170,   943,
        355,   -55,  -569,  -969, -1326, -1030,  -195,   417,  1050,
       1561,  1171,   977,   710,    -7,   -68,   -96,  -312,   105,
        576,   841,  1445,  2014,  2226,  2272,  2122,  1238,   407,
       -420, -1242, -1554, -1723, -1856, -2044, -2065, -2075, -2050,
      -2015, -1628, -1062,  -335,   187,   613,   951,   905,  1001,
        758,
      ... 412 more items
    ],
    Int16Array(512) [
        218,  -639, -1129, -1521, -1327,  -689,   -60,   917,  1416,
       1198,   484,  -381, -1074, -1548, -1434,  -561,   644,  1747,
       3093,  3631,  3759,  3436,  2625,  1820,  1179,  1318,  1586,
       1940,  1954,  1490,  1021,    76, -1366, -2107, -2680, -3487,
      -3561, -3099, -2669, -2001, -1448, -1006,  -778, -1235, -1837,
      -2183, -1508,  -884,  -125,   825,  1181,  1843,  1771,  1318,
       1004,   726,   442,   466,   688,  1197,  1663,  1882,  2057,
       1221,   339,  -503, -1480, -2105, -2357, -1940,  -560,   725,
       1580,  1958,  1767,  1221,   558,   117,  -352,  -590,  -154,
        701,  1427,  2000,  2324,  2040,  1499,   630,  -321, -1023,
      -1573, -1913, -1442,  -903,    -3,   795,   999,  1288,  1213,
        822,
      ... 412 more items
    ],
    Int16Array(512) [
       1197,   408,  -280, -1063, -1153,  -397,   479,  1199,  1856,
       2457,  2200,  1721,  1163,   293,  -664, -1819, -2019, -1978,
      -1864, -1436,  -622,   116,   493,   835,   597,     6,  -918,
      -1788, -2276, -2109, -1597,  -634,    27,   702,  1105,  1170,
        936,   270,  -663, -1677, -1916, -1504,  -347,  1182,  2822,
       4597,  5388,  4718,  3452,  2107,   633,  -752, -1527, -1601,
      -1125,  -278,   493,  1162,  1568,  1411,   788,    75,  -661,
      -1441, -1542,  -764,   208,  1436,  2703,  2977,  2701,  2051,
        987,  -481, -1894, -2855, -2972, -2235, -1142,   108,  1061,
       1704,  1947,  1727,  1241,   292,  -696, -1091,  -700,    16,
        690,  1134,  1409,  1140,   922,   779,     9,  -416, -1028,
      -1704,
      ... 412 more items
    ],
    Int16Array(512) [
      -1499, -2020, -1699,  -510,   464,  1229,  2131,  2232,  1544,
        577,  -489, -1494, -1829, -1193,    80,  1819,  3212,  4076,
       4826,  4432,  3403,  1611,  -418, -2200, -3672, -3437, -2519,
      -1171,   -20,  1268,  2590,  2888,  2187,  1267,    70, -1149,
      -1502, -1474,  -771,   319,  1474,  2146,  2162,  1049,  -382,
      -1708, -2788, -3389, -3518, -2538, -1131,   313,  1990,  3215,
       3574,  3192,  2236,   968,  -131, -1039, -2037, -2140, -1790,
      -1150,  -166,   664,  1463,  1184,   652,   818,    83,  -784,
       -866,  -635,   -93,   123,   564,   809,   659,   351,  -621,
      -1104, -1654, -2495, -3497, -3609, -3051, -2333, -1483,   -60,
       1197,  1901,  1984,  1580,  1373,   253, -1035, -2097, -2405,
      -1852,
      ... 412 more items
    ],
    Int16Array(512) [
       1396,  1592,  1639,  1464,  1042,   961,   913,   799,   903,
       1321,  1098,   269,  -408,  -858, -1640, -2252, -2340, -2497,
      -1995, -1373,  -585,   827,  2077,  2964,  3780,  4091,  3749,
       3060,  1984,   614,  -688, -1497, -1510, -1080,  -328,   393,
        553,   846,   839,   182,  -344, -1073, -1284, -1068,  -407,
        533,  1485,  2529,  2868,  2335,  1075,  -477, -2121, -3301,
      -3957, -3830, -2799, -1125,   528,  1788,  2745,  2733,  2046,
        990,  -226, -1246, -1980, -1941, -1318, -1054,  -459,   476,
        243,  -150, -1122, -1779, -2271, -2134, -1078,   448,  2299,
       3841,  4712,  4915,  4356,  3108,  1320,  -523, -1643, -1944,
      -1746, -1375,  -742,  -165,   -34,    17,   350,   428,   432,
        397,
      ... 412 more items
    ],
    Int16Array(512) [
        119,   166,  -522,  -977, -1132, -1690, -1871, -1348,  -864,
       -426,   441,  1211,  1239,  1538,  1489,   697,  -242, -1064,
      -1978, -2786, -3278, -3098, -2462, -1349,    -7,  1334,  2184,
       1865,  1049,   259,  -727, -1597, -2007, -1934,  -826,    61,
        292,   736,   717,  -340, -1637, -2656, -3353, -3284, -2469,
       -870,  1283,  3305,  4646,  5092,  4829,  3814,  1813,  -343,
      -1683, -2525, -2043,  -967,   -75,  1069,  1812,  1991,  1574,
       1052,   477,  -219,  -803,  -408,   436,  1510,  2662,  3163,
       3008,  1627,  -172, -1952, -3352, -4373, -4743, -4284, -2953,
      -1417,   548,  1967,  2281,  2583,  2407,  1935,  1462,  1595,
       1648,  1169,   694,   488,    -6,  -644,  -660,  -306,  -541,
      -1183,
      ... 412 more items
    ],
    Int16Array(512) [
      -1113, -1836, -1518,  -980,  -718,  -365,  -285, -1000, -1767,
      -2138, -2463, -2344, -1203,   387,  1545,  2953,  3608,  3625,
       3124,  2220,   882,  -532, -1357, -1823, -1612, -1173,  -575,
         -8,   208,   148,    60,  -167,    43,   181,   552,  1275,
       2154,  2813,  2694,  2262,  1278,    76, -1656, -2605, -2829,
      -2889, -2395, -1746, -1150,  -271,   381,   259,   176,   375,
        789,  1196,  1663,  2231,  2566,  2379,  1722,   590,  -581,
      -1818, -2632, -2423, -2045, -1557,  -489,   518,   776,   628,
        756,   501,   356,   299,   225,   240,   785,   859,   480,
        226,  -728, -2069, -3340, -3794, -4140, -3655, -2079,  -318,
       1079,  1994,  2427,  2277,  1488,   193,  -526, -1375, -1243,
       -812,
      ... 412 more items
    ],
    Int16Array(512) [
        -58,   472,  1219,  1882,  2505,  2393,  1741,   864,  -334,
      -1254, -1406, -1353, -1247,  -331,   389,   715,   699,   139,
      -1233, -2145, -2693, -3080, -2085,  -504,  1135,  2458,  3378,
       3400,  2167,   557, -1229, -2410, -2908, -2948, -2334,  -958,
        293,   909,   967,  1178,   942,   561,    83,   -51,   170,
        509,   993,  1410,  1975,  1507,   598,  -455, -1381, -1994,
      -2532, -2984, -2760, -2197, -1776, -1814, -1679, -1236,  -834,
       -504,  -374,   360,   848,   529,    62,   -73,  -132,  -244,
       -429,   -36,   456,   374,   353,   201,  -306,  -536,  -738,
      -1160,  -838,  -246,   287,  1020,  1670,  2508,  2596,  2702,
       2301,  1429,   913,   128,   -50,   147,   862,  1444,  2129,
       2772,
      ... 412 more items
    ],
    Int16Array(512) [
      -1329,  -792,   -39,   511,  1078,  1344,  1469,  1108,   99,
       -572, -1407, -1478, -1347,  -908,  -190,   203,   312,  143,
       -317,  -807, -1158, -1229,  -537,   257,   835,  1219, 1447,
       1427,  1118,   567,  -185,  -841, -1429, -1749, -1518, -808,
        -21,   719,  1087,  1328,   922,   489,  -178,  -463, -553,
       -578,  -155,   318,   957,  1068,   802,   382,  -215, -364,
       -809, -1425, -1710, -1486,  -849,  -383,   329,   907,  970,
        530,  -195, -1007, -1456, -1388, -1161,  -652,   260, 1033,
       1161,  1212,   558,  -210,  -833, -1190, -1167,  -594,  -34,
       -147,   101,   424,    98,  -268,  -589,  -737,  -614, -921,
      -1058, -1312, -1051,  -645,  -598,  -451,  -575,  -588, -165,
        185,
      ... 412 more items
    ],
    Int16Array(512) [
       -684,  -310,   60,  306,  425,   675,  1003,   977,   932,
        526,   200,  -65, -238,  -33,   345,   420,   415,   302,
        194,    30, -316, -453, -654,  -206,   195,   431,   963,
       1125,   957, 1037,  863,  585,    60,  -555,  -678,  -804,
       -709,  -511, -413, -392, -824,  -936, -1633, -2296, -2218,
      -1810, -1291, -705,   76,  443,   445,   386,   302,    69,
       -139,  -791, -923, -945, -783,  -449,  -264,  -343,  -546,
       -584,  -730, -831, -749, -338,   291,   470,   652,   543,
        278,     0, -331, -539, -885,  -857,  -757,  -711,  -445,
       -366,  -310, -297, -432, -594,  -511,  -356,  -277,    60,
        309,   328,   70, -290, -713, -1365, -1750, -1767, -1755,
      -1269,
      ... 412 more items
    ],
    Int16Array(512) [
       269,  163,  225,  203,   129,   160,   116,  231,   45,   63,
       219,  209,  215,   81,    42,   199,   793, 1016, 1268, 1570,
      1327, 1122,  692,  527,   378,    93,   430,  405,  234,   52,
      -143, -575, -854, -793,  -637,  -307,   141,  277,  390,  516,
       531,  180, -258, -572,  -974,  -985,  -595, -416, -330,  -43,
       -47,   84, -288, -461,  -675,  -424,   157,  211,  318,  642,
       633,  402,   36, -260,  -397,  -362,  -348, -212,  367,  562,
       672,  592,  384, -109,  -279,  -290,  -436, -373, -182,  -28,
       116, -129, -445, -870, -1096, -1233, -1144, -846, -804, -242,
       155,  612,  606,  550,   289,   148,   143,  312,  522,  544,
      ... 412 more items
    ],
    Int16Array(512) [
        25,  -41,  -47,   -4, -125,   46,  538,  565,  483,  681,  642,
       509,  333,  164,   34,  280,  328,   97,  361,  541,  256,  157,
      -116, -370, -318, -103,  192,  288,  146,  135,   60, -234, -141,
        64,  -59, -472, -412, -150,  -12, -100,    9,  -99, -278, -312,
      -208,  124,  166,  -87, -111, -240, -423, -273, -290, -397, -359,
      -349, -399,  -59,  352,  752,  673,  344,  -34, -492, -715, -995,
      -907, -798, -617, -558, -225, -145,  -19,   66,   99,   12,    3,
        -4,  -99,  323,  454,  206,   46,  -25, -344, -550, -796, -794,
      -512, -435, -413,  -11, -207, -335, -213, -246, -365, -775, -802,
      -892,
      ... 412 more items
    ],
    Int16Array(512) [
        66, -179, -311, -392,  -425,   59,  132,  259,  555,  549,
       298,  -60,  159,  367,   505,  567,  458,  235,  309,  468,
       370,  340,  267,  610,   756, 1101, 1451, 2038, 2406, 1842,
      1124,  855,  812,  519,   684,  655,  794,  610,  780,  570,
        83,  -88, -398, -933, -1085, -960, -666,  -20,  526, 1013,
      1039, 1267, 1181,  730,   320,   71, -247, -258,  326,  730,
      1396, 1798, 1507, 1163,   591,  228,   54,  -32, -111,  291,
       738, 1040, 1112,  995,   901,  638,  484,  566,  671,  528,
       604,  579,  971,  872,   814, 1100,  816,  154, -291, -149,
       -13,  564,  670,  726,   781,  609,  572,  660,  617,  556,
      ... 412 more items
    ],
    Int16Array(512) [
       584,  713,  604,  524,  685,  667,  690,  752, 1170, 1029,  912,
       861,  667,  652,  673,  803,  588,  396,  544,  748,  745,  672,
       701,  648,  879,  727,  338,  262,  110,  -14, -220, -348, -519,
      -851, -645, -546, -586, -266, -385, -453, -382,   76,  131,  245,
       212,  148,  262,  177,  188, -181, -227, -427, -605, -595, -413,
      -257,  -15,  197,  -32, -300, -186,   63,   26,    2,  231,  273,
       238,  290,  265,  483,  854, 1015, 1020, 1046,  905,  614,  648,
       725, 1053, 1525, 1930, 2167, 2101, 1560, 1124,  690,  502,  388,
       442,  458,  298,  422,  492,  701,  714,  638,  671,  325,  -55,
      -462,
      ... 412 more items
    ],
    Int16Array(512) [
       -452,  -395,  -196,    32,  -213,  -637, -942, -1397, -1523,
      -1164,  -922,  -873,  -847,  -674,  -417, -214,  -159,  -177,
       -258,  -343,  -482,  -573,  -798,  -923, -878,  -522,  -116,
       -134,  -108,  -380,  -493,  -722,  -717, -595,  -616,  -673,
       -711,  -527,  -499,  -623,  -951,  -915, -724,  -481,  -347,
       -203,  -161,    12,   623,   742,   678,  772,   685,   627,
        592,   181,  -119,  -250,  -169,  -106, -159,   101,   349,
        405,   373,   746,   840,   918,   896,  811,   553,   619,
        690,   545,   562,   340,   188,    22, -144,  -294,  -473,
       -835,  -830,  -873,  -690,  -452,  -485, -616,  -775, -1091,
      -1411, -1310, -1280, -1216, -1277, -1140, -872,  -780,  -653,
       -518,
      ... 412 more items
    ],
    Int16Array(512) [
       1418,  1483,  1075,  1094,  1359, 1520, 1404, 1119, 1146,
       1384,  1508,  1539,  1420,  1058, 1063, 1010, 1389, 1415,
       1588,  1513,   957,   480,   211,  204,  221,  359,  469,
        618,   219,     3,  -398,  -597, -614, -700, -696, -582,
       -695,  -514,  -418,  -116,   282,  240, -246, -497, -795,
      -1163, -1208, -1399, -1322, -1130, -625, -419, -345, -290,
       -525,  -606,  -321,  -259,  -351, -436,  -23,  278,  490,
        355,   379,   318,   190,   208,  140,  153,   23,   60,
        177,   415,   587,   651,   613,  669,  797,  916, 1136,
       1306,  1316,  1288,  1340,  1590, 1769, 1656, 1466, 1510,
       1532,  1321,  1302,  1292,  1356, 1370, 1163,  842,  637,
       1019,
      ... 412 more items
    ],
    Int16Array(512) [
       -677,  -563,  -522,  -352,  -289,  -234,  -221,  -643,  -781,
       -645,  -427,  -115,    17,    51,    13,   -43,    50,    43,
       -104,   -79,  -372,  -500,  -379,  -468,  -175,    59,   329,
        339,   232,   197,   222,    80,   288,   412,   237,   499,
        405,   242,   413,   399,   596,   573,   556,   540,   484,
        307,   -94,    61,   534,   611,   383,   466,   596,   641,
        854,  1015,  1252,  1364,  1270,  1280,   992,   767,   587,
        555,   578,   687,   411,   211,  -186,  -752, -1030,  -932,
       -802,  -779,  -862, -1091, -1138, -1137,  -802,  -859,  -799,
       -618,  -778,  -960, -1085, -1082, -1100, -1265, -1246, -1496,
      -1760, -1768, -1566, -1332,  -776,  -377,   -16,    57,   -48,
       -185,
      ... 412 more items
    ],
    Int16Array(512) [
        674,   667,   681,   427,    31,  -146,  -193,   -44,    57,
         36,   263,   501,   291,   -19,  -332,  -908, -1459, -1652,
      -1688, -1441, -1395, -1549, -1552, -1541, -1692, -1811, -1780,
      -1556, -1222,  -889,  -963, -1297, -1342, -1307, -1616, -1565,
      -1436, -1347, -1082, -1276, -1365, -1332, -1311, -1258, -1041,
      -1006,  -988,  -740,  -767,  -698,  -594,  -505,  -518,  -372,
       -120,   153,   134,  -223,  -516,  -688,  -621,  -593,  -385,
       -226,   -90,  -227,  -345,  -229,  -312,  -172,   125,   508,
        931,  1366,  1652,  1484,  1361,  1196,  1225,  1660,  1705,
       1748,  1934,  1877,  1456,  1281,  1201,  1189,  1195,   999,
        782,   409,  -121,  -602,  -787,  -744,  -722,  -770,  -961,
      -1175,
      ... 412 more items
    ],
    Int16Array(512) [
       -171,  -132,  -164,     5,   332,   757,  1124,  1306,  1408,
       1674,  1747,  1665,  2007,  2454,  2637,  2662,  2833,  2926,
       2782,  2705,  2819,  2771,  2447,  2163,  1963,  1711,  1937,
       1891,  1439,  1066,   375,  -116,  -519,  -541,  -793, -1026,
      -1228, -1504, -1455, -1574, -1519, -1769, -1594, -1724, -1205,
       -792,  -619,  -766,  -627,   -45,     3,    62,     1,  -208,
       -696,  -537,  -683,  -671,  -415,  -677,  -711,  -683, -1038,
      -1216, -1348, -1618, -1526, -1576, -1441, -1178, -1218, -1252,
      -1631, -1866, -2042, -2006, -1495, -1408, -1133, -1028, -1005,
       -432,  -180,   207,   836,  1184,  1210,  1339,  1576,  1639,
       1874,  1792,  1972,  2036,  2162,  2270,  1914,  1732,  1642,
       1780,
      ... 412 more items
    ],
    Int16Array(512) [
      -1009, -1026, -957, -614,  -516,  -552,  -418,  -211,  -155,
       -281,  -284, -228, -301,  -517,  -655,  -716,  -716,  -562,
       -380,  -257, -260, -178,   -48,   -26,    35,   -33,  -259,
       -370,  -406, -550, -732,  -397,  -139,   149,   184,    87,
        388,   563,  937, 1242,  1260,  1673,  1676,  1760,  2085,
       2220,  2368, 2091, 1954,  1936,  1975,  2205,  2238,  2041,
       1980,  1773, 1489, 1354,   978,   710,   546,   507,   564,
        419,   -52, -436, -529,  -427,  -372,  -490,  -477,  -573,
       -502,  -500, -508, -473,  -314,  -172,   -53,   -66,  -150,
       -309,  -384, -543, -571,  -649,  -223,  -166,  -350,  -291,
       -253,  -164, -498, -910, -1396, -1572, -1610, -1483, -1662,
      -1797,
      ... 412 more items
    ],
    Int16Array(512) [
       -718,  -465,  -796,  -955,  -890,  -958,  -865,  -815,  -718,
       -608,  -519,  -453,  -461,  -416,  -320,  -219,  -312,  -296,
       -266,  -366,  -478,  -570,  -475,  -594,  -659,  -370,  -528,
       -509,  -592,  -644,  -446,  -367,  -343,  -481,  -917, -1110,
       -867,  -569,  -104,   322,   173,   201,   399,   316,   533,
        558,   560,   673,   680,   566,   -81,  -264,  -408,  -578,
       -773,  -741,  -656,  -751, -1080, -1598, -1836, -2000, -1708,
      -1311, -1254, -1400, -1572, -1699, -1896, -1669, -1424, -1593,
      -1545, -1436, -1341,  -873,  -747,  -574,  -150,  -122,  -264,
        -90,  -128,  -201,   -48,   196,   540,   699,   834,   530,
        256,    18,   -63,  -269,  -502,  -397,  -352,  -507,  -669,
       -559,
      ... 412 more items
    ],
    Int16Array(512) [
       -857,  -687,  -861,  -637,  -709,  -621,  -460,  -226,  -204,
       -354,   -28,   290,   425,   450,   488,   480,   523,   592,
        864,  1067,  1230,  1117,  1097,  1057,  1253,  1369,  1314,
       1405,  1546,  1418,  1262,   873,   866,   978,  1157,  1549,
       1979,  2099,  1628,  1161,   730,   530,   615,   800,  1003,
       1198,  1119,  1043,   862,   673,   600,   789,   725,   581,
        133,  -139,  -238,  -584,  -687,  -828,  -966, -1242, -1303,
      -1327, -1657, -1568, -1312, -1311, -1624, -1598, -1383, -1402,
      -1341, -1175, -1115,  -886,  -528,  -335,  -233,  -436,  -461,
       -313,  -230,  -245,    12,   -90,  -157,   142,   111,    27,
        303,   312,   384,   374,   132,   125,   318,   755,   738,
        742,
      ... 412 more items
    ],
    Int16Array(512) [
      -1118,  -837, -1014, -1189, -1301, -1131, -1060,  -993,  -680,
       -352,  -120,  -106,   127,   300,   297,   251,   185,    19,
        157,   567,   810,  1030,  1214,  1144,  1150,  1119,  1187,
       1524,  1755,  1812,  1784,  1998,  1812,  1404,  1100,   916,
        818,   643,   137,  -115,   -82,    11,    94,  -223,  -656,
       -851,  -818,  -782,  -637,  -489,  -548,  -424,  -474,  -606,
       -731,  -606,  -595,  -593,  -901, -1111, -1100, -1094,  -687,
       -495,  -507,  -850, -1171, -1017,  -694,  -585,  -881, -1036,
      -1024,  -783,  -657,  -540,  -635,  -768,  -958, -1222, -1336,
      -1467, -1449, -1422, -1374,  -781,  -541,  -528,  -662,  -734,
       -862,  -629,   -81,   201,   452,   211,     4,     9,  -145,
       -109,
      ... 412 more items
    ],
    Int16Array(512) [
       -261,   -94,   -10,    82,   258,   131,    17,   -55,   -52,
         39,   -73,  -157,  -434,  -815,  -760,  -498,  -601,  -494,
       -297,  -394,  -458,  -421,  -143,   -53,   -62,   251,   513,
        818,   850,   867,   832,   963,  1156,  1274,  1321,  1466,
       1407,  1469,  1469,  1437,  1416,  1315,  1334,  1402,  1427,
       1452,  1669,  1702,  1805,  1372,   796,   756,   660,   325,
         25,  -133,  -182,  -573,  -709,  -434,  -580,  -657,  -813,
       -751,  -751,  -722,  -743,  -538,  -609,  -857,  -714,  -858,
       -769,  -473,  -528,  -788, -1124, -1240, -1024, -1199, -1555,
      -1501, -1442, -1247, -1085,  -608,  -415,  -317,    12,   492,
        548,   316,   263,   -10,   -64,   349,   671,   879,  1064,
        920,
      ... 412 more items
    ],
    Int16Array(512) [
        399,   325,  222,    38,  -27,   -47,  -175,  -291,  -155,  -179,
       -262,  -565, -629,  -566, -549,  -213,  -127,  -249,  -464,  -214,
       -189,  -232, -220,  -350, -388,  -319,  -223,  -154,   -10,   -87,
         -7,    48,  127,  -117, -215,  -200,  -162,    28,   166,   665,
        987,   950,  807,   713,  692,   471,   575,   783,   678,   730,
        575,   642,  487,   314,  424,   444,   638,   463,   357,   367,
        166,   258,  284,   334,  260,   364,   321,   111,    29,   -73,
       -461,  -565, -555,  -823, -858, -1117, -1309, -1426, -1324, -1215,
      -1328, -1233, -982, -1020, -992,  -742,  -680,  -531,  -496,  -591,
       -598,  -643, -593,  -480, -158,   206,   235,   371,   248,    60,
      ... 412 more items
    ],
    Int16Array(512) [
       656,  185, -234, -257,  112,   15, -147, -325, -219, -231, -151,
      -176, -193, -400, -424, -479, -433, -198, -416, -444, -272, -401,
      -508, -414, -567, -662, -758, -669, -544, -631, -732, -573, -468,
      -357, -259,  -79, -111, -109, -180,  -99, -209, -496, -290, -203,
       296,  211,   14, -179, -209,  226,  276,  498,  604,  628,  390,
       284,  520,  349,  200,  301,  110,  159,   66,  369,  252,  356,
       301,  176,  296,  179,  379,  396,  279,   24, -114, -150,  -97,
       109,   74,   53,  108,   58,   62,   52,   60,   80,  141,   92,
        66,   24,  186,   55, -195, -231,   27,   65,  223,  348,  313,
       490,
      ... 412 more items
    ],
    Int16Array(512) [
      -197,  -67,  124, -143,   31, -125, -124,  -71,  136,  327,  46,
       269,  492,  573,  389,  300,  381,  326,  304,  165,  364, 422,
       575,  680,  635,  537,  336,  373,  304,  190,   62,  156, 397,
       255,  245,  290,  416,  471,  810,  882,  770,  541,  440, 254,
        95,   83, -180, -305, -264, -113, -157,  276,  387,  467, 411,
       284,   75,  -44,   66,  196,  321,  398,  536,  652,  467, 298,
       -46, -295, -418, -576, -659, -576, -631, -488, -275, -113, 161,
       259,  167,  191,  -72, -141,    5,  245,  153,  -81,  -91, 114,
       284,  172,  158,   45,  196,  456,  762,  844,  604,  600, 726,
       609,
      ... 412 more items
    ],
    Int16Array(512) [
      -131, -217,   -57,   -49,  -81,  257,  394,  505,  514,  565,
       635,  625,   465,   251, -113, -139,  -51,  316,  491,  439,
       327, -158,  -264,  -140,  127,  -74, -175, -155,  233,  355,
       431,  571,   552,   453,  269, -129, -396, -364, -332, -283,
      -358, -430,  -519,  -579, -588, -636, -789, -821, -769, -621,
      -685, -961, -1204, -1224, -794, -537, -310, -283,  -38,   20,
      -162, -126,   -16,  -200, -445, -440, -494, -288,  -51,   26,
       306,  438,   366,   200,   93,   33,   54,   17, -132,  -99,
      -290,  -61,   -37,   165,  114,  245,  364,   17,  -22,   90,
       214,  188,   388,   130,   84,  129,  393,  657,  582,  444,
      ... 412 more items
    ],
    Int16Array(512) [
      -292,  -16,   -1, -108,   89,  140,  221,  343,  221,  231,  578,
       295,  215,  406,  340,  500,  514,  522,  456,  570,  551,  687,
       642,  348,  330,  390,  337,  532,  576,  585,  741,  548,  464,
       223,  -74,  -62, -206, -245, -150,  -54,   57,   94,  -66,   80,
       309,   66,  -69, -308, -247,   -8,   64, -125, -174, -115,  130,
        56,  -93, -276, -280,  241,   12, -162,    8,  225,  318,  359,
       128, -117,   -8,  132,   23,   99,  -33, -379,  -22, -123, -150,
        25, -197, -418, -509, -294,  226,  555,  450,  487,  369,  478,
       647,  696,  577,  339,  241,  438,  467,  424,  539,  353,  167,
       -93,
      ... 412 more items
    ],
    Int16Array(512) [
       480,   717,   512,  278,  268,   18,  117, -232, -443, -407,
      -436,  -193,  -227, -165, -167, -346,   10,  422,  405,  285,
       234,    16,    21,   99,  176,  391,  351,  340,  160,   63,
        70,  -263,  -272,  -52,   61,    7, -151, -163,   65,   75,
       359,   133,    27,  122,   13,   -2,  -94, -132, -470, -598,
      -705, -1015, -1025, -666, -619, -614, -520, -688, -261,   98,
       292,   630,   714,  517,  169,    0,  -74,  -71,    2,   46,
       100,   413,   366,  602,  925,  850,  779,  603,  736,  577,
       517,   524,   391,  370,  639,  983, 1201,  879,  556,  496,
       471,   379,   408,  612,  343,  304, -163, -616, -802, -655,
      ... 412 more items
    ],
    Int16Array(512) [
       -43, -128,  -12, -249, -629, -621, -564, -589, -601, -703, -792,
      -633, -510, -358, -460, -514, -128,  188,  225, -124, -329, -149,
      -323, -219, -118, -177, -282, -310, -397, -213,  -94, -214, -272,
      -422, -302, -121, -144, -103,   14,  151,  135,  223,  417,  283,
         9, -259, -280,  -40,  -50,   63,   73,   -5,   82,  207,  395,
       444,  229,   17,  -67,  -35,  188,    1, -136, -403, -439, -405,
      -410, -792, -847, -705, -716, -711, -590, -456, -417, -512, -750,
      -589, -585, -566, -505, -329,  -60,  -95,  -82, -111, -231, -442,
      -319, -160,  -22,  275,  354,  546,  529,  254,  219,  142,  -44,
      -285,
      ... 412 more items
    ],
    Int16Array(512) [
      -207, -252,  -59,  180,  332,  521,  445,  281,  470,  346,  -26,
      -479, -620, -484, -408, -204,  -14, -142, -121, -287, -344, -493,
      -400, -160, -405, -332, -466, -608, -662, -672, -730, -661, -484,
      -449, -381, -381, -351, -120,   60,  117,   72, -119,   -3, -221,
      -299, -315, -142,   42, -103, -124,  -60,  -86, -125,  -47, -385,
        -6,  138,   95,   49,   89, -104, -100,   27,   83,  386,  497,
       494,  160, -181, -267, -177,  203,  391,  543,  815, 1003, 1194,
      1074, 1047, 1179,  883,  659,  364,   36,   46,  -15,  274,  454,
       745,  632,  317,   88,  263,  347,  405,  685,  676,  458,  425,
       500,
      ... 412 more items
    ],
    Int16Array(512) [
      -1038, -1134, -922, -842, -780, -865, -587, -432, -442, -397,
       -124,   -78,   19,  -41, -101,   72,  232,  253,  441,  304,
       -372,  -621, -763, -344, -156,  -39,   67,  220,  118,   18,
        185,   221,   19,  189,  608,  766,  906,  655,  214,   22,
        -62,    95,   99,  -70, -246, -277,  -54,  -96,  -82,   19,
        220,   132,  -25,  175,  362,  363,  187,  -13, -344, -474,
       -653,  -896, -713, -517, -432, -421, -427, -410, -299, -261,
       -108,    22,   15,  338,  131,  148,  221,    0,   76,  168,
        284,   429,  384,   -6, -180, -271, -267,   38,  316,  105,
         17,  -143, -286,  -32,  105,  180,  186,  296,  216,  277,
      ... 412 more items
    ],
    Int16Array(512) [
       -87,   48,   31,  289,  247,   184, -125,  -65,   -1, -215,
      -112, -108,  -33,  -21,  -77,  -312, -552, -595, -448, -487,
      -319, -175, -204, -210, -317,  -246, -394, -315, -321, -728,
      -741, -684, -880, -802, -893, -1196, -991, -706, -620, -535,
      -279, -376, -471, -495, -425,  -358, -456, -597, -742, -691,
      -484, -372, -215,   48,   37,   -26,  114,   75, -275, -262,
      -394, -572, -499, -429,  -61,   169,   81, -178, -367, -120,
      -109,   -7,  119,   34,   52,  -183, -228,  -77,  -30,   75,
        41, -222, -181,   42,  118,   155,   89, -115,  -82,  -20,
       -85,  173,  257,  -27,   -8,   -25, -216, -365, -399, -212,
      ... 412 more items
    ],
    Int16Array(512) [
       269,  237,  404,  482,  835,  910,  797,  739,  477,  275,   30,
      -119, -103,   61,  174,  413,  529,  545,  504,  401,  471,  669,
       830,  833,  902,  865,  999,  714,  718,  583,  263,  291,  184,
       -19, -127,  -65, -100,   41,  149,   86,  178,   46,  -62, -299,
      -455, -424, -431, -333,  -11,  -93, -629, -700, -637, -654, -872,
      -808, -747, -808, -813, -751, -757, -734, -355, -105,   -7,  252,
       260,  206,  182,   78,   62,  145,  189,  269,   64,    4, -175,
       -20,  176,   76,   99,  101,  376,  568,  791,  943,  915,  905,
       727,  313,   78,  236,   59, -163, -301, -177, -211, -410, -494,
      -569,
      ... 412 more items
    ],
    Int16Array(512) [
       516,  364,  153, -117, -416, -288, -218, -283, -332, -196,    9,
      -208, -144,   -1,   44, -150, -114,  -63,    5,  168,  228,  336,
       341,  312,  407,  131,  -81, -284, -306, -306, -266, -260,  -93,
       111,  -48, -221, -241, -254, -155,  119,  369,  274,   83, -143,
       -82, -111, -155, -292, -739, -695, -805, -618, -604, -196, -334,
      -199,  -79, -195, -335, -283,  135,  -53,    6, -120, -174, -487,
       -99, -150, -387, -382, -684, -854, -775, -749, -762, -436, -234,
        63,  267,  131,  -85,  -29,  305,  293,   58,    6,   32,  165,
       160,  244,  192,  280,  101,   26,   42,  150,  266,   78, -160,
      -177,
      ... 412 more items
    ],
    Int16Array(512) [
       135,  135,   79, -169,   34,  263,  264,    1,   10, -178,   43,
        83,  208,  304,  326,  228,  355,  172,   50,  115,   22,   62,
      -182, -142,    4,  215, -117,  -90, -379, -259, -353, -268, -130,
      -282, -235,   35,  210,  362,  501,  472,  426,  174,  287,  273,
       334,  153, -356, -522, -368, -245, -108,   -8,  -81, -115,   -9,
      -206,  -85,  291,  438,  339,   94, -209, -393, -447, -642, -707,
      -462, -509, -544, -222, -371, -250,  -16,  -21, -132, -132,    6,
        28,   23,  -44, -179, -542, -409, -482, -761, -902, -944, -918,
      -968, -968, -787, -610, -471, -372, -326, -447, -385, -195, -101,
      -351,
      ... 412 more items
    ],
    Int16Array(512) [
        79,   33,  199,  242, 198, 302,  279,  311,  127, 205,  283,
       399,  535,  376,  279, 181, 224,  312,  296,   69, -41, -235,
      -330, -256,  -48,    8, 140, 321,  472,  307, -106, 104,  180,
       149, -109, -251, -163, -68, -81, -198, -295, -177, -24,  256,
       290,  233,  233,  203, 520, 568,  485,  433,  595, 464,  251,
        74,  -29,  384,  387, 223, 261,  295,  378,  441, 523,  526,
       485,  572,  678,  734, 825, 658,  672,  614,  313, 329,  536,
       483,  380,  604,  481, 458, 467,  208, -155, -323, -89,   13,
        64,  -55,   65,  110, 284,  98,  302,  671,  444, 179,  255,
       121,
      ... 412 more items
    ],
    Int16Array(512) [
       198,   67,    5,   24,  -90,  -266, -264,  -41, -104, -307,
      -129,  234,  195, -110, -312,  -753, -787, -431,  -87,  227,
       350,  263,  440,  551,  723,   488,  330,  618,  838,  888,
       595,  526,  424,  221,  117,  -269, -218,  -64,  -10,    3,
      -200, -262, -363, -210,  -33,   304,  419,  127,  -38, -215,
      -251, -117,  -88, -150, -129,  -278, -427, -604, -451, -507,
      -773, -757, -424, -561, -873, -1068, -920, -526, -283, -301,
      -258, -119,  -70,   -1,  -47,  -112, -317, -338, -407, -542,
      -331, -370, -346, -404, -732,  -689, -272,  -81,  -89,   34,
       128,  307,  271,  472,  236,   -11,    9,   52,  186,  249,
      ... 412 more items
    ],
    Int16Array(512) [
       -93,  -66,   36,   67,   52,   66, -140, -309, -318, -450, -497,
      -377, -711, -459, -363, -459, -291,  -39,  122,  238,  126, -136,
      -134,  -89,   74,  511,  743,  895,  624,  352,  194,  -66,  -66,
        -8, -119, -404, -267,   76,  355,  482,  530,  560,  682,  627,
       502,  226,   67,  -13,  -56, -364, -414, -348, -480, -517, -736,
      -801, -471, -362, -194, -187,  153,  307,   86,  -43,  -62,   -5,
       135,  249,  272,  242,  137,  381,  478,  315,  161,   -7,   32,
       164,  102, -149,  -87,  101,  166,  282,  309,  453,  243,  168,
       224,  270,  328,  318,  309,   63,   99,  111,  254,  406,  393,
       147,
      ... 412 more items
    ],
    Int16Array(512) [
       458,  261,   58,  334,  566,  770,  538,  234,  212,  413,  659,
       790,  843,  885, 1036, 1010, 1021, 1222, 1228, 1067, 1167,  998,
       776,  756,  374,  255,  262,  346,  134,  208,  431,  238,    0,
      -108,  -16, -112, -163, -100,  -77,   72,  -11, -301, -395, -313,
      -186, -307, -549, -552, -321, -172, -357, -442, -396, -488, -314,
      -463, -542, -269,  -80, -136, -108,  -33,   39,  221,   39,   66,
        33, -109, -196,  -96,   25,  133,   70,  -85,   38,  164, -135,
       -27,  302,  302,  451,  310,  502,  712,  989,  937,  834,  638,
       645,  808,  725,  606,  525,  359,  189,  397,  308,   64,  134,
       449,
      ... 412 more items
    ],
    Int16Array(512) [
        26, -241, -296, -153, -602, -656, -577, -356, -240, -230, -413,
      -219, -245, -272, -319, -166,  -61, -161, -150,  158,  253,  420,
       268,  247,  262,  235,  125,   52,  120,    2, -123,  -29,   99,
       159,  411,  551,  597,  373,  155, -131, -241, -212, -442, -420,
      -549, -460, -460, -541, -646, -576, -345, -333,  -67, -124, -386,
      -610, -587, -599, -359,  -80,  -56,    0,  -16,    0,   23, -200,
      -281, -382, -428, -155, -136, -168, -192, -405, -553, -366, -341,
       117,  -75, -150, -134,  -67,  137,   61,  348,  277,  294,  344,
       285,  238,  392,  275,   92,  129,  -10, -115,  104,  128,  218,
       318,
      ... 412 more items
    ],
    Int16Array(512) [
      -306, -803, -505, -355, -343, -242,  -82,   20,  332,  342,  193,
       336,  370,  354,  224,  325,  409,  154,  163,  296,  407,  446,
       376,  -16, -209,  200,  508,  722,  987, 1137,  961,  677,  894,
       988, 1086,  972,  907,  976, 1095,  861,  516,  419,  292,  195,
       -57, -255, -403, -196, -220,  124,  335,  385,  191,  255,  405,
       244, -101, -353, -525, -686, -475, -811, -723, -580, -506, -148,
        -5,  151,  103,  172,   51,   41,  539,  923, 1042,  979,  815,
       748,  647,  351,  322,  184,   21,  161, -139, -155, -338, -570,
      -417, -234,   63,  409,  570,  297,  252,  139,  262,  285,  421,
       458,
      ... 412 more items
    ],
    Int16Array(512) [
      -811, -604, -551, -499, -559, -505, -331, -162, -448, -244, -116,
       -62,  494,  547,  425,  552,  578,  343,   63, -191, -202,  -50,
       -16,  -47,    5, -243,   76,   69,   55, -196, -279, -190,   -5,
        35, -153, -166, -470, -553, -698, -453, -678, -898, -628, -367,
      -243,  -23,  139,  430,  405,  183,  318,  380,  180,  317,  622,
       496,  395,  393,  396,  188,   24, -204, -155, -255, -411, -143,
        21,  249,  201,  298,  512,  506,  454,  433,  469,  350,  302,
       257,  156,  231,  -61,  154,  479,  521,  731, 1001, 1122, 1156,
       946,  978,  888,  594,  608,  984, 1005,  644,  958,  839,  688,
       283,
      ... 412 more items
    ],
    Int16Array(512) [
       -358,  -162,    83,   412,   510,   403,   539,   654,   622,
        777,  1015,   977,  1292,  1171,   883,   737,   491,   685,
        622,   689,   267,   516,   401,   712,   961,   951,   833,
        738,   484,   169,   -14,   -89,  -152,    -4,   -96,  -224,
       -557, -1223, -1551, -1873, -1950, -1586, -1600, -1976, -1768,
      -1911, -2065, -2107, -1778, -1822, -1283, -1165, -1263, -1415,
      -1451, -1296, -1413, -1107, -1181, -1129, -1118, -1222, -1055,
       -990,  -749,  -440,   147,   387,   676,   768,   635,   615,
        863,   949,  1217,  1351,  1128,   813,   715,   890,   683,
        639,   502,   504,   251,   317,   407,   408,   189,    52,
         83,   -23,   -60,  -194,  -347,  -312,  -310,  -276,   -95,
        127,
      ... 412 more items
    ],
    Int16Array(512) [
         93,   -70,  129,  136,  228,  -42, -216, -312, -818, -949,
      -1057, -1012, -569, -428, -505, -615, -418, -319, -323, -278,
       -527,  -437, -490, -594, -769, -612, -712, -799, -609, -429,
       -225,  -354, -514, -564, -386,   46,   76,  310,  301,  337,
        361,   248,  270,  359,  233,  531,  577,  543,  438,    6,
        -48,    73, -164, -455, -489, -398, -242,  -96, -141, -293,
        -29,  -202, -226,  -63,  -97, -283, -461, -483, -564, -713,
       -662,  -635, -485, -175,   56,   73, -125, -275,   69,  367,
        598,   698,  861,  875,  566,  651,  748,  856,  961,  771,
        380,   -78,   94,  285,  -72,  -36,   -2,   16,  102,    0,
      ... 412 more items
    ],
    Int16Array(512) [
       1107,   940,   965,   864,   704,   990,   718,   715,   613,
        657,   696,   561,   580,   454,   605,   457,   345,   379,
        345,   124,   240,   374,   360,   150,  -189,  -266,  -133,
       -248,  -153,  -242,  -158,   -61,   -53,  -314,  -465,  -417,
       -293,  -311,  -486,  -435,  -484,  -478,  -430,  -265,  -299,
         49,    -5,    -9,  -241,  -394,  -284,   -30,   105,    -4,
         57,  -331,  -202,  -379,  -235,  -343,  -244,  -219,  -346,
       -792, -1266, -1356, -1075,  -912, -1230, -1471, -1528, -1155,
      -1211,  -991, -1407, -1232, -1140, -1205, -1003,  -976, -1088,
      -1117,  -847,  -647,  -918,  -996, -1062, -1209,  -995, -1116,
       -995, -1137,  -972,  -970,  -725,  -692,  -661,  -265,  -360,
       -168,
      ... 412 more items
    ],
    Int16Array(512) [
      -1046, -1035, -1023, -1332, -1594, -1717, -1458, -1242, -690, -593,
       -473,    20,   230,   286,   138,   193,   322,   776,  904,  745,
        570,   298,    74,   318,   229,   326,   321,   562,  784,  692,
        661,   689,   801,  1022,   834,   763,   740,   777, 1112,  966,
        725,   487,   369,   239,   432,   399,    52,  -219, -511, -622,
       -665,  -669,  -719,  -823,  -572,  -625,  -698,  -786, -681, -553,
       -507,  -333,  -119,  -186,  -356,  -439,  -424,  -689, -840, -494,
       -278,     5,   238,   384,   560,   821,   692,   370,  483,  672,
        760,   997,   883,   752,   399,   155,   153,   226,  363,  240,
        -24,  -134,    -8,   117,   -37,  -122,  -515,  -650, -626, -703,
      ... 412 more items
    ],
    Int16Array(512) [
      -437,  -519, -230,  217,  395,   448,   260,   378,   423,   472,
       599,   443,  834,  984, 1257,  1393,  1050,   714,   447,   405,
       225,    86,  712,  689,  398,   478,   396,   435,   509,   604,
       560,   178,   76, -154, -297,  -422,  -700,  -536,  -602,  -642,
      -925, -1088, -586, -652, -506,  -394,  -318,   166,   317,   432,
       290,   193,  -20,  -63, -120,  -172,   362,   258,   283,   628,
       387,   247, -265, -488, -479,  -287,   249,   568,   537,   433,
       207,   -24,  255,  -84, -264,    -3,   117,  -150,  -296,  -189,
       -29,  -167, -406, -326, -720, -1107, -1072, -1143,  -885,  -637,
      -607,  -525, -248, -127, -261,  -667,  -950, -1148, -1198, -1083,
      ... 412 more items
    ],
    Int16Array(512) [
        233,   -43,  -436,  -426,  -576,  -540,  -264,  -217,   -30,
         68,    89,  -281,  -611,  -783,  -738,  -715,  -279,   -54,
         60,   428,   650,   845,   976,  1210,  1467,  1491,  1495,
       1354,  1305,  1305,  1162,   793,   677,   447,   -51,  -371,
       -516,  -594,  -761,  -647,  -857, -1204, -1382, -1189,  -805,
       -665,  -385,  -327,   -99,  -139,  -119,    20,  -236,  -201,
       -131,  -189,  -438,  -370,  -245,  -427,  -560,  -939, -1197,
      -1535, -1579, -1702, -1657, -1417, -1292, -1306, -1249, -1244,
      -1325, -1231, -1254, -1188, -1278, -1010,  -576,  -117,   350,
        575,   947,  1329,  1469,  1674,  1906,  1938,  1917,  1933,
       1816,  1939,  1481,   981,  1043,   884,   703,   278,  -242,
       -906,
      ... 412 more items
    ],
    Int16Array(512) [
       -486,  -360,  -379,  -532,  -758,  -996, -1164, -1677, -1714,
      -1686, -1194,  -634,  -396,  -168,  -116,    52,    52,    55,
        186,   624,   852,  1130,  1530,  1620,  1829,  2164,  2285,
       2480,  2110,  1596,  1414,  1103,  1208,  1008,   871,  1072,
       1225,  1301,  1067,  1035,   932,   816,   585,   566,   574,
        404,   150,    11,  -250,  -665,  -909, -1235, -1186, -1283,
      -1306, -1172, -1503, -1767, -1906, -2166, -2256, -2566, -2905,
      -2768, -2462, -2185, -1839, -1584, -1664, -1661, -1756, -1447,
      -1215, -1053,  -645,  -527,   106,   992,  1663,  2073,  2283,
       2568,  2949,  3036,  3169,  3369,  3346,  3000,  2663,  2313,
       2094,  1828,  1574,  1498,  1191,   985,   740,   110,  -529,
       -710,
      ... 412 more items
    ],
    Int16Array(512) [
      -1404, -1766, -2223, -2561, -2327, -2310, -2139, -1870, -1688,
      -1496, -1197, -1156, -1291, -1266,  -897,  -194,   442,  1097,
       1451,  1408,  1397,  1625,  1770,  1746,  1931,  2546,  2392,
       1993,  1817,  1593,  1532,  1508,  1495,  1131,   662,   378,
         60,   250,   824,   825,  1000,   764,   360,   -97,  -510,
       -794,  -958,  -836,  -433,  -301,  -403,  -488,  -764,  -992,
      -1498, -1881, -2057, -2060, -1925, -1755, -1530, -1151, -1009,
       -752,  -671,  -951,  -870,  -647,  -257,  -241,  -187,   111,
        446,   739,  1215,  1826,  1955,  2315,  2439,  2588,  2714,
       2519,  2687,  2827,  2629,  2427,  2369,  2418,  2094,  1592,
       1162,   810,   294,   -96,  -272,  -543,  -707,  -924,  -819,
       -612,
      ... 412 more items
    ],
    ... 117 more items
  ],
  recL: Int16Array(111104) [
      -94,   118,    -6,  -169,     2,  -185,  -252,  -428,  -540,
     -696,  -389,  -805,  -767,  -637,  -954,  -982,  -737,  -686,
     -607,  -379,  -455,  -536,  -427,  -468,  -293,    43,   215,
      704,   895,   675,   426,   676,   648,   782,   961,   922,
     1092,   815,   698,   553,   466,   563,   659,   941,  1435,
     1570,  1382,  1503,  1430,  1376,  1308,  1147,  1045,   849,
      238,   -85,  -269,  -321,  -345,  -200,  -223,  -459,  -554,
     -820,  -879,  -957, -1035, -1222, -1235, -1280, -1143, -1128,
    -1152, -1087, -1095,  -620,  -413,  -332,     2,  -116,    56,
      582,   422,   288,   433,   661,   879,  1175,  1406,  1538,
     1525,  1266,  1310,  1394,  1482,  1488,  1507,  1324,  1319,
     1051,
    ... 111004 more items
  ]
}
Unknown message from control worker: [object Object]
 Received: {
  message: 'stt',
  recC: [
    Int16Array(512) [
        -94,   118,    -6,  -169,     2,  -185,  -252,  -428,  -540,
       -696,  -389,  -805,  -767,  -637,  -954,  -982,  -737,  -686,
       -607,  -379,  -455,  -536,  -427,  -468,  -293,    43,   215,
        704,   895,   675,   426,   676,   648,   782,   961,   922,
       1092,   815,   698,   553,   466,   563,   659,   941,  1435,
       1570,  1382,  1503,  1430,  1376,  1308,  1147,  1045,   849,
        238,   -85,  -269,  -321,  -345,  -200,  -223,  -459,  -554,
       -820,  -879,  -957, -1035, -1222, -1235, -1280, -1143, -1128,
      -1152, -1087, -1095,  -620,  -413,  -332,     2,  -116,    56,
        582,   422,   288,   433,   661,   879,  1175,  1406,  1538,
       1525,  1266,  1310,  1394,  1482,  1488,  1507,  1324,  1319,
       1051,
      ... 412 more items
    ],
    Int16Array(512) [
       755,  525,  240,  333,  383,   199,   164,   245,   132,   -90,
      -374, -558, -386, -317, -180,  -122,  -126,   -77,   -40,   -31,
       -15,  271,  500,  577,  477,   457,   273,   224,   190,   282,
       114,  139,  179,  -11,   43,    40,   -82,   100,   190,   301,
       361,  462,  387,  468,  641,   476,    35,  -457,  -276,  -141,
      -125,  -75,  -67, -232, -237,  -443,  -382,  -264,  -220,  -276,
        74,  -71, -100,   96,  240,   337,   281,   429,   571,   683,
       419,  184,  130,   39, -110,     8,   309,   640,   781,   593,
       442,  405,  222,  246,  303,   173,    91,  -153,  -147,  -139,
      -124, -162, -458, -635, -886, -1188, -1258, -1114, -1039, -1051,
      ... 412 more items
    ],
    Int16Array(512) [
       198,  209,   20, -272, -425,  -390,  -406,  -290,   -27,  -198,
      -550, -462, -383, -595, -911,  -661,  -285,  -145,  -482,  -377,
        93,  -10, -388, -126,   50,  -202,  -388,   -71,   593,   431,
       217,  399,  687,  582,  620,   682,   595,   321,   143,   266,
       303,  323,  613,  792,  709,   577,   379,   304,   -17,    50,
       233,  -47, -166, -304, -612,  -757,  -790,  -914,  -798,  -409,
      -225, -478, -778, -860, -704,  -924,  -735,  -337,   -37,    37,
         9,  -41, -486, -721, -751,  -906,  -606,  -493,  -236,    92,
       258,  392,  164,  -54, -121,    -3,   182,   273,   328,   612,
       548,  115, -164, -439, -997, -1385, -1366, -1068, -1169, -1044,
      ... 412 more items
    ],
    Int16Array(512) [
      -1619, -2033, -2291, -2051, -1773, -1736, -1545, -1324, -1119,
      -1014,  -704,  -720,  -545,  -131,   112,   552,   767,  1094,
       1042,  1052,   531,   352,   367,   474,   811,  1183,  1521,
       1363,  1016,   601,   508,   693,  1031,  1405,  1557,  1816,
       1941,  1941,  1862,  1302,   882,  1052,  1369,  1547,  1974,
       1767,  1743,  1505,  1124,   668,   394,   502,   662,  1046,
       1453,  1364,   915,   694,   396,   137,    -7,  -285,  -194,
       -175,  -498,  -721, -1018, -1110, -1120, -1121,  -970, -1134,
      -1185, -1180, -1080,  -769,  -746,  -741,  -626,  -472,  -318,
       -309,  -593,  -733,  -485,  -209,    43,    44,  -141,  -424,
       -504,  -186,    43,   379,   504,   443,   534,   635,   811,
        875,
      ... 412 more items
    ],
    Int16Array(512) [
      -1870, -1907, -2056, -1854, -1351,  -753,  -218,  -225,  -229,
       -819, -1712, -2031, -1791, -1661, -1281,  -499,  -168,  -427,
       -690,  -833, -1429, -1767, -1658,  -721,   -59,   217,   706,
        745,   608,   222,   144,   374,   703,   746,   681,   855,
        913,  1075,   852,   642,   463,   261,   460,   842,  1008,
       1065,   991,   778,   311,   -39,   -49,  -126,  -441,  -231,
        166,    24,  -206,  -372,  -748, -1070, -1201, -1363, -1218,
       -966,  -824,  -403,  -221,   -91,   162,    97,   -80,  -411,
       -372,  -265,  -153,   175,   701,   981,   792,   485,   125,
       -153,  -489,  -437,   -83,   268,   575,   761,  1079,   744,
        154,  -101,   -83,   282,   798,  1032,  1307,  1110,   523,
        117,
      ... 412 more items
    ],
    Int16Array(512) [
      -324,  -71,  250,  544,  815,  918,   881,   744,  717,  924,
       983, 1184, 1024, 1195, 1283, 1555,  1341,  1066, 1266, 1083,
      1199, 1146,  994,  587,   90, -219,  -515,  -492, -309, -110,
       -85,  153, -141, -407, -618, -775, -1115, -1168, -887, -847,
      -649, -586, -781, -890, -895, -681,  -599,  -531, -489, -484,
      -306, -387, -153, -200, -219,   30,   273,   329,  435,  504,
       311,  367,  287,  569,  871,  706,   687,   756,  892, 1076,
      1106,  964,  840,  776,  767,  661,   663,   644,  565,  465,
       581,  655,  720,  561,  755, 1035,   810,   518,  393,  501,
       743,  783,  885,  837,  405,  367,    48,   -94, -497, -618,
      ... 412 more items
    ],
    Int16Array(512) [
       677,  771,  490,  423,  300,   66,  181,  -49, -108,  -80, -332,
      -399, -261, -184, -102, -285, -340, -173, -259, -261, -301, -189,
       276,  612,  831,  771,  766,  774,  417,  205,  102,  435,  720,
       890,  591,  371,  208,  -96, -138, -256,  157,  359,  335,  327,
       303,  232, -211, -248, -198, -138,  -40,  123,  154,  161,  301,
       268,  -50, -123, -358, -478,   -6,  408,  742,  778, 1007, 1130,
      1056,  945,  726,  718,  322,  190,  328,  252,  -45, -221, -308,
      -469, -386, -206,   71,  251,  598,  632,  568,  524,  581,  617,
       625,  530,  730,  970, 1046,  836,  382,  141, -171, -139,    7,
       -20,
      ... 412 more items
    ],
    Int16Array(512) [
       372,  244,  -142, -369,  -477,  -461,  -226,    27,  -90,
        60, -240,  -352, -319,  -282,  -299,  -314,    82,  146,
       305,  549,   365,  327,   285,   135,   -10,   119,  -87,
      -279, -269,  -398, -675,  -581,  -737, -1147, -1037, -841,
      -425, -179,  -328, -704,  -805, -1016,  -883,  -786, -631,
      -359, -299,  -326, -633, -1016, -1165,  -823,  -623, -434,
      -542, -427,  -435, -510,  -582,  -163,    -2,  -314, -526,
      -755, -974, -1090, -705,  -591,  -672,  -495,  -472, -214,
      -258, -492,  -502, -590,  -209,   -68,   144,    73, -227,
      -194, -327,  -395,  -55,   411,   616,   824,   843,  851,
       716,   46,  -299, -398,  -325,   -19,   318,   519,  285,
       330,
      ... 412 more items
    ],
    Int16Array(512) [
      -1168, -1211, -1105, -914, -973, -1174, -1323, -1311, -1487,
      -1591, -1289, -1122, -807, -800,  -586,  -323,  -191,  -243,
       -398,  -155,  -144,  -26, -294,  -565,  -719,  -576,  -431,
       -353,  -321,  -640, -664, -704,  -698,  -501,  -204,  -160,
       -222,     3,    59,   85,  -92,  -100,   -55,   -79,   106,
        133,    24,  -201, -422, -410,  -463,  -599,  -632,  -505,
       -420,  -326,  -387, -421,   69,   452,   277,  -184,  -335,
       -189,   -35,   -53,   74, -104,   -99,  -376,  -248,  -174,
        -40,   221,   190,  -75, -243,  -401,  -302,   183,   365,
        385,   462,   434,  252,  384,   487,   404,   191,   245,
        166,   181,   132,  117,   49,   -50,    56,   367,   542,
        617,
      ... 412 more items
    ],
    Int16Array(512) [
       -834,  -564,  -379,  -395,  -444, -550,  -509,   -81,   464,
        789,  1032,  1066,  1031,  1133, 1459,  1802,  2359,  2122,
       1828,  1885,  1765,  1773,  1835, 1817,  1614,  1481,  1710,
       1380,  1119,   818,   865,   774,  540,   351,   -27,   -15,
         86,   127,   104,    58,  -261, -704, -1199, -1458, -1540,
      -1821, -1758, -1390, -1247, -1133, -886,  -808,  -886, -1004,
       -809,  -717,  -391,     0,    80,  165,   137,   -33,     4,
        -70,  -223,  -215,  -191,  -152,  103,   330,   202,    25,
       -160,   324,   903,  1304,  1365, 1430,  1315,  1238,  1286,
       1602,  1663,  1606,  1530,  1736, 1865,  1900,  2012,  1981,
       1738,  1629,  1418,  1023,   803,  785,  1110,  1118,  1107,
        674,
      ... 412 more items
    ],
    Int16Array(512) [
        197,   204,   206,   353,   733,   741,   684,   505,   316,
        376,   437,   163,   178,   -11,  -298,  -528,  -979, -1225,
      -1499, -1533, -1638, -1850, -2366, -2477, -2358, -1956, -2039,
      -2125, -2050, -1950, -1875, -1843, -1851, -1945, -1917, -2119,
      -1970, -1933, -1615, -1669, -1780, -1811, -1495, -1099, -1266,
      -1008,  -896,  -460,  -147,   185,    51,   160,   563,  1071,
       1144,  1295,  1619,  1756,  1604,  1410,  1368,  1601,  1857,
       2016,  2169,  2106,  2244,  2048,  2054,  1796,  1799,  1588,
       1543,  1444,  1011,   697,   693,  1021,   534,    14,  -177,
       -553,  -956, -1140, -1294, -1380, -1613, -2164, -2665, -2908,
      -2700, -2647, -2688, -2622, -2653, -2686, -2542, -2397, -2439,
      -2337,
      ... 412 more items
    ],
    Int16Array(512) [
       1682,  1676,  1726,  2012,  2161,  1949,  1965,  1777,  1501,
       1443,  1719,  1568,  1614,  1420,   940,   933,   804,   418,
         -2,  -114,  -304,  -316,  -533,  -586,  -686,  -878, -1190,
      -1644, -1905, -1998, -1801, -1703, -1662, -2004, -2379, -2447,
      -2526, -2428, -2510, -2700, -2770, -2590, -2518, -2253, -2178,
      -2020, -1804, -1929, -1906, -1722, -1013,  -770,  -816,  -748,
       -766,  -480,   -99,   142,   -15,    27,   326,   684,   884,
       1029,  1096,   800,   941,   880,   692,   871,  1150,  1391,
       1202,  1154,  1218,  1229,  1414,  1499,  1229,  1005,   672,
        817,   925,  1117,   873,   522,   624,   486,   310,    87,
        123,     6,   -56,  -118,   -77,  -153,  -302,  -486,  -619,
       -941,
      ... 412 more items
    ],
    Int16Array(512) [
       1542,  1893,  2149,  2186,  1991,  1711,  1582,  1399,  1261,
       1001,  1238,  1561,  1654,  1587,  1429,  1410,  1373,  1328,
       1108,  1020,   583,   565,   591,   747,   796,   647,   333,
       -190,  -827, -1318, -1675, -2280, -2266, -2278, -1978, -1459,
      -1306, -1130, -1389, -1858, -1969, -1977, -2237, -2314, -2170,
      -2019, -2068, -1899, -2036, -2123, -2061, -2101, -2130, -2593,
      -2516, -2294, -1578,  -877,  -532,  -264,  -327,  -613,  -477,
       -258,   182,   706,   649,   905,  1133,  1716,  2042,  1936,
       1869,  1720,  1671,  1793,  1974,  2452,  3091,  3253,  3881,
       4006,  3909,  3342,  2774,  2106,  1729,  1437,  1032,  1225,
       1188,  1089,   599,   110,  -405,  -598,  -736,  -737,  -983,
       -843,
      ... 412 more items
    ],
    Int16Array(512) [
       1241,  1578,  1438,  1212,  1078,  1238,  1669,  2019,  2206,
       2298,  2423,  2167,  1974,  1882,  1783,  1699,  1919,  1569,
       1957,  2717,  2408,  1901,  1811,  1361,  1075,   633,  -291,
       -763,  -641,  -240,  -111,    88,   407,   436,  -478, -1260,
      -1162,  -976, -1015,  -705,   211,   608,  1110,  1125,   528,
       -119,  -854, -1908, -2597, -2522, -2383, -2153, -1727, -1175,
       -803,  -905, -1213, -2101, -2581, -2844, -2825, -2459, -1859,
       -841,   151,   505,   656,   551,   366,    -6,  -769, -1419,
      -1551, -1228,  -958,  -515,    45,   626,   623,   258,  -156,
       -430,  -775,  -938,  -684,   323,  1502,  2455,  3463,  4146,
       4279,  3725,  2809,  1949,  1320,   942,   678,   934,  1277,
       1379,
      ... 412 more items
    ],
    Int16Array(512) [
       -173,  -977, -1488, -2233, -2331, -1482,  -236,  1080,  2008,
       2236,  2251,  2064,  1529,   731,   212,   296,   589,   707,
       1136,  1856,  2610,  2694,  2323,  2088,  1738,  1209,   815,
        604,  1213,  2264,  2894,  3548,  3996,  4101,  3832,  3204,
       2411,  1686,  1687,  1523,  1130,  1641,  1970,  1847,  1390,
       1016,   937,   712,   -79,  -651, -1019, -1425, -1643, -1605,
      -1075,  -592,  -527,  -880, -1083, -1628, -2228, -2677, -3251,
      -3280, -2111, -1274, -1169, -1077,  -786,  -908, -1067, -1341,
      -1622, -1842, -2182, -2093, -2063, -1502,  -732,  -389,    54,
         -4,  -457, -1010, -1701, -1924, -1831, -1506, -1179,  -863,
       -135,   290,   367,   101,   265,   415,   540,   541,   766,
       1479,
      ... 412 more items
    ],
    Int16Array(512) [
      -2368, -2445, -2302, -1901, -1449,  -724,    94,   513,   603,
        255,  -280, -1141, -1687, -1797, -1996, -1865, -1678, -1583,
      -1883, -1840, -1841, -2084, -1880, -1621, -1352, -1232,  -610,
         87,   810,  1294,  1366,  1632,  1449,  2153,  2272,  2119,
       2304,  2588,  2540,  1908,  1964,  2412,  2699,  2555,  2616,
       2838,  2706,  2717,  2582,  2737,  3207,  3496,  3322,  2975,
       2831,  2137,   728,   -58,  -382,  -407,  -481,  -891,  -977,
       -920,  -751, -1262, -1674, -1506, -1505, -1546, -1898, -1789,
      -1024,  -626,  -530,  -664,  -427,  -518, -1127, -1931, -2641,
      -2587, -2258, -1797, -1337,  -817,  -406,  -613, -1359, -2060,
      -2264, -2268, -2741, -2567, -1660, -1063,  -623,  -415,  -518,
       -269,
      ... 412 more items
    ],
    Int16Array(512) [
      -1000, -1146, -988, -826, -793,  -569,  -819,  -901,  -453,
       -337,  -543, -353, -262, -508, -1216, -1880, -1433,  -883,
       -470,  -318, -230,  -92, -165,  -729, -1005,  -996,  -869,
       -452,  -312,  162,  705,  800,   387,   570,   359,    42,
       -116,  -550, -223,  171,  519,   804,  1142,  1392,  1208,
        784,   341,  353,  319,  174,   379,   584,   919,  1299,
       1377,  1370, 1002,  396,  -48,  -257,  -357,  -505,  -687,
       -727,  -366, -160, -260, -496,  -701,  -646,  -600,  -575,
       -653,  -593, -597, -441, -374,  -470,  -512,  -363,  -254,
       -105,   -65, -146, -435, -553,   -39,   222,     6,  -348,
       -201,  -127, -167, -129, -202,    67,  -214,  -776, -1180,
       -923,
      ... 412 more items
    ],
    Int16Array(512) [
      -829, -1054, -918, -783, -230,  -125,  -101,    98,  123,   86,
         0,  -485, -737, -199,  219,   473,   700,   879, 1147, 1339,
      1477,  1525, 1497, 1483, 1237,   964,   987,  1036, 1490, 1573,
      1453,   999,  571,  370, -381, -1031, -1059,  -525, -196,  132,
       235,   398,  322, -105, -574,  -939, -1097, -1046, -898, -744,
      -413,  -171,  -71,  103,  177,   125,    -6,  -274,  -56,  565,
      1051,  1564, 1798, 1685, 1187,   780,   317,   197,  490,   12,
      -476,  -709, -514, -393, -463,  -470,  -475,  -383, -518, -478,
      -356,   130,  475,  426,  532,   944,   975,   559,  788,  783,
       667,   639,  927, 1311, 1099,  1091,   770,   348,   19, -121,
      ... 412 more items
    ],
    Int16Array(512) [
       742,  580,  507,  464,  -40,  -486,  -535,  -601,  -557,
      -439,  -72,   87, -203, -441,  -665,  -711,  -750,  -708,
      -624, -477, -354, -667, -826, -1027, -1057, -1097, -1065,
      -753, -633, -501, -430, -436,     0,   250,   587,   436,
       137,  399,  430,  590,  856,  1154,  1436,  1579,  1550,
      1479, 1293, 1170, 1093,  966,  1001,  1017,   779,   783,
      1071, 1278, 1528, 1376, 1378,  1202,   975,   638,   139,
      -230,   33,  437,  440,  573,   376,   110,  -239,  -131,
      -179,  -58,  -41,   65,  236,   131,   -88,  -215,   -31,
       296,  365,  303,   77,  -99,  -202,  -278,  -227,  -565,
      -488, -572, -722, -573, -661, -1102, -1020,  -967,  -940,
      -545,
      ... 412 more items
    ],
    Int16Array(512) [
        62,  230,  234,   68, -344, -790, -744, -491, -118,    5,  170,
       632,  809,  868,  675,  228,  258,  165,  -22,  227,  394,  314,
       413,  307,  144,  163,   23, -101, -241, -396,  119,  454,  753,
       749,  417,   -7, -439, -539, -347, -357, -246, -306, -287, -219,
      -700, -647, -742, -765, -766, -654, -314,   12,   77,  -31, -297,
      -352, -372, -398, -260, -328, -196, -181,   87,  131,   77,   54,
        44,  153,  -67, -388, -426, -276, -237,  101,  362,  601,  888,
       849,  795,  491,  220,  -63, -284, -448, -364, -219, -245, -112,
      -244, -518, -517, -623, -716, -569, -301, -172, -270, -478, -529,
      -397,
      ... 412 more items
    ],
    Int16Array(512) [
       234,  442,  532,  799, 1028, 1192, 1104, 1017, 1033, 1066, 1134,
      1029,  788,  415,  258,  151,  238,  189,  208,  -43, -344, -451,
      -639, -441, -320, -300, -193, -476, -807, -662, -556, -523, -256,
       -37,  199,  -38,  -26,   60, -121, -113, -146, -372, -424, -344,
      -603, -267,  115,  294,  322,  396,  346,  123,  368,  514,  444,
       301,  294,  428,  498,  501,  665,  900,  888,  997,  879,  649,
       441,  173,  141,  241,  332,  272,  624,  646,  450,  237,  277,
       272,  131,   27, -235, -466, -425, -355, -572, -231, -212, -251,
      -332, -290, -147, -255, -347, -111,  -46, -325, -407, -287, -385,
      -361,
      ... 412 more items
    ],
    Int16Array(512) [
       581,  565,   60, -241, -358,  -75,  227,  460,   192,
      -194, -494, -398,   15,  251,  187,   86,  290,    68,
       -93, -186, -433, -396, -492, -461, -274, -284,  -459,
      -457, -106,   24,  -32, -137, -243, -197, -109,  -214,
      -191, -191, -241, -494, -694, -323, -220, -341,  -394,
      -384, -592, -594, -588, -461, -363, -313, -121,  -329,
      -367, -363, -503, -556, -417, -563, -773, -920,  -877,
      -763, -573, -199, -116, -133, -220, -296,  -93,  -273,
      -225,  -78,  169,  196, -130, -385, -786, -971, -1038,
      -892, -618, -499, -372, -430, -349, -361, -317,  -284,
      -197,  -47,  255,  268,   72, -204, -395, -476,  -653,
      -856,
      ... 412 more items
    ],
    Int16Array(512) [
       530,  495,  511,  230,  218,  395,  358,  240,  125,   24,   71,
       -43, -102, -124,   10, -267, -371, -187,  -42,  187,  398,  501,
       301,    9, -326, -349, -160,  175,  401,  404, -110, -250,  -93,
       -59,  118,  252,   92,   38,  171,  336,  434,  292,  280,  294,
       527,  703,  726,  692,  820,  644,  410,  196,  104,  461,  603,
       625,  858, 1153, 1053, 1147, 1209, 1062, 1026, 1041,  654,  585,
       538,  385,  146,    6,  135,  356,  448,  557,  332,   48,  188,
       321,  515,  456,  334,  127,   36, -254, -381, -196, -126, -321,
      -691, -537, -665, -702, -411, -179,  -97, -347, -191, -198, -270,
      -354,
      ... 412 more items
    ],
    Int16Array(512) [
      -344, -380, -495, -337, -575, -659, -459, -114,  278,  227,  465,
       460,  572,  540,  485,  543,  801,  402,  344,  261, -167,  -85,
      -176, -154, -224,  -79,  -28,   93,  106,  285,  218,  -51, -313,
      -314, -240,  146,  415,  536,  348,   53,  161,  170,  110,  105,
       192,  127,  309,  333,  267,   42,  -61,  -91,  108,  172,   87,
       117, -232, -472, -448, -390,  -86,  246,  448,  604,  428,  475,
       503,  309,   58, -364, -427, -494, -263,    5,   85,  210,  275,
       522,  695,  483,  262,  308,   55,   -8, -438, -528, -460, -302,
      -235, -130,   51,  144,  125,  -19, -291, -645, -449, -248, -155,
      -112,
      ... 412 more items
    ],
    Int16Array(512) [
       -44,  -53, -263, -385, -328, -531, -556, -108,  307,  336,  463,
       276,   97,   32, -120, -230, -135,   96,  365,  449,  431,  240,
       146,  -91, -454, -495, -573, -657, -342, -138,  -72, -270, -205,
       -71,  -22,   75,  181,  -19, -107,  135,  470,  505,   38,   43,
       116,  204,  354,  334,  523,  347,  175,   20,  180,  374,  394,
       598,  658,  772,  580,  604,  486,  -49, -422, -550, -578, -270,
       -36,  133,  107,   62,  280,  240,  352,  422,  541,  304,  241,
       281,  294,  418,  250,  321,  378,  295,  339,  322,  157,  -98,
      -526, -405, -326, -183, -109,  -64,  -35,   60,  166,  290,  552,
       580,
      ... 412 more items
    ],
    Int16Array(512) [
      -201,  -60,   66,  132,  -32,   80,  153,  189,  159, -167, -484,
      -508, -131,  434,  640,  491,  611,  555,  508,  620,  456,  534,
       226,  -69, -287, -156, -330, -201,  111,  342,  576,  557,  755,
       428,  234,   45,    9,  232,  139,   89,    5, -203,  -44, -126,
        98,  107,  178,  109,  289,  433,  314,  298,  150,  107,  164,
       -20, -214, -320, -564, -612, -825, -748, -685, -551, -787, -662,
      -458, -518, -374, -253,   -4,  229,  162,   38, -176, -288, -345,
      -212,   21,  -62,  -63, -193, -205, -265, -412, -562, -308, -219,
       -30,  418,  749,  967,  912,  796,  788,  553,  668,  524,  438,
       251,
      ... 412 more items
    ],
    Int16Array(512) [
      -177,  -63,   49,  343,  -46, -454, -504, -155, -103, -197,  325,
       500,  507,  258,  203,   70, -179, -350, -351, -160, -300, -236,
      -229, -298, -240, -319, -338, -304,  -88,    6,  -24, -383, -542,
      -439, -425, -522, -616, -802, -974, -751, -371, -144,  -75, -374,
      -435, -396, -237, -321, -361, -260,  -10,  233,  302,  233,  400,
       416,  102,  -72, -174, -196, -474, -276,  -40,   82,   49,  -94,
      -156, -132,  -81,  -71,   49,   18,   81,  -37,   27,  216,  230,
       -48, -445, -816, -985, -860, -780, -807, -712, -263, -315, -491,
      -287,   58, -141,  -48,  101,   89,  182,  109,  162,   66, -287,
      -185,
      ... 412 more items
    ],
    Int16Array(512) [
       756,  841, 1067, 1260, 1255, 1014,  832,  585,  398,  245, -205,
      -428, -422, -322,  -96,   73,  219,  334,  227,  502,  479,  350,
       395,  400,  299,  349,  309,  184,   59, -269, -313, -236,  -89,
       -93,   57,  171,  348,  359,  348,  122,  -91,   61,  402,  809,
       770,  770,  382,  104, -126, -395, -703, -741, -690, -667, -668,
      -424, -493, -624, -397, -459, -519, -523, -361, -424, -606, -431,
      -405, -368, -226,   37,   28, -189, -111,  -34,  -87, -129,  -83,
       146,   94,  106,  398,  828,  992, 1003, 1016, 1005,  568,  134,
       -22, -272, -170,  109,  204,  183,  211,  165,   -6, -300, -562,
      -571,
      ... 412 more items
    ],
    Int16Array(512) [
      -556, -579, -537, -379, -284, -318, -256,  -59,  -84,  -35,  110,
       183,  241,  436,  494,  234,   46,  229,  274,  366,  399,  358,
       276,  163,  216,  393,  540,  648,  656,  591,  734,  739,  952,
       748,  414,  285,  398,  633,  725,  969,  955,  656,  459,  -35,
       -90,  -23,  -98,  -17,   82,   86,  -19,  241,  424,  573,  697,
       980,  888,  617,  324,  134,  300,  487,  581,  710,  714,  404,
        22, -191, -170, -301, -335, -387, -508, -421, -299, -139, -282,
      -267,   92, -151, -235,  -22, -154, -187, -279, -313, -173, -270,
      -202, -113,  143,  245,  628,  620,  404,  268,  438,  602,  664,
       859,
      ... 412 more items
    ],
    Int16Array(512) [
       129,  102, -240, -240,  -97,   50,   94,  -53,  139,  411,  165,
       -85, -250, -375, -347, -339, -532, -588, -638, -466, -279,   67,
        76,  -59, -364, -838, -855, -362, -195,  -39,  350,  315,  387,
       336,  612,  363,  149,  359,  148,   46,  -35, -184, -488, -493,
      -596, -561, -287, -280, -315, -200, -184,  -92,   -8,   37,  326,
       303,  190,  204,  356,  374,  389,  115, -163, -302, -249,  -12,
      -253, -313, -293, -222,   53,  -69, -283, -232,   33,  -58,  122,
       183,   36,   13,   73, -229, -282, -225, -190,   58,   68, -341,
      -640, -637, -265,  196,  189,  214,   99, -179,  101,  287,  126,
       226,
      ... 412 more items
    ],
    Int16Array(512) [
       309,  332,  440,  313,   93,   44,  107,  233,  489,  885,  822,
       586,  374,  -95, -387, -473, -672, -748, -687, -795, -523, -635,
      -563, -702, -654, -260, -277, -137, -423, -516, -590, -658, -555,
      -277, -298, -553, -818, -836, -585, -669, -604, -627, -712, -756,
      -519,  -90,  188,  406,  711, 1189, 1046,  742,  702,  541,  485,
       574,  567,  255,  277,  361,  456,  396,  289,  104,  -87, -171,
      -429, -569, -578, -518, -417, -227,   76,  361,  630,  598,  599,
       555,  662,  703,  361,  324,  258,  262,  513,  556,  353,  835,
      1320, 1000, 1086, 1194,  857,  618,  392,  413,  136,  109,  292,
       291,
      ... 412 more items
    ],
    Int16Array(512) [
       479,  660,  747,  861,  660,  331,   184,  122,  -32,  -87,
      -125,   73,   63,  102,  -39, -262,  -228, -193, -151,  -41,
      -100, -389, -400, -259, -198, -135,    94,  405,  729,  529,
       328, -129, -318,   60,  128,  291,  -135, -354, -265, -265,
      -226, -416, -772, -754, -476, -280,  -109, -170, -293, -440,
      -780, -978, -802, -624, -591, -799, -1217, -997, -729, -649,
      -629, -807, -714, -715, -381, -263,  -341, -211, -287, -235,
      -148,   19,  -15,   -3,   89,  116,   -13,  -35,  192,  385,
       313,  334,  290,    7,  -10,  224,   484,  677,  849,  871,
      1057, 1035,  978, 1084,  988,  672,   571,  678,  416,  630,
      ... 412 more items
    ],
    Int16Array(512) [
       449,  192, -145,  -96, -273, -380, -150, -168,   -1,  -17,
       114,   -4,  -15,   33,  202,  -63, -293, -207, -266,  -70,
        41,   99,  107,  136,  -52, -236, -275,  -47, -234, -273,
      -278, -541, -822, -718, -664, -531, -412, -554, -416, -259,
      -493, -681, -861, -742, -274, -200,  -62,  -26, -250, -310,
      -355, -488, -108,  -30, -230, -333, -344, -484, -565, -506,
      -303,  -20,  -21, -283, -439, -303, -445, -564, -655, -465,
      -545, -620, -478, -398, -337, -272, -328, -236, -133, -420,
      -379, -489, -505,  -62,  265,  386,  249,   49,   69,   28,
      -114, -274, -165,   27,  194,  296,  275,  171,  -68,   27,
      ... 412 more items
    ],
    Int16Array(512) [
       166,  234,   82, -205, -364, -180, -329, -444, -309, -204, -270,
        56,  475,  465,  571,  616,  518,  388,  505,  345,  265,  419,
       181,   56,  -50, -141, -173,   54,  244,   19,  -14,   -6,   17,
        38,   76,   97,  324,  433,  512,  481,  533,  298,  -67, -204,
       -15,  -66, -157, -122, -162, -308, -439, -319, -424, -446, -424,
      -359,  -74, -121,  -53,   87,  206,  186,   63, -213, -546, -680,
      -546, -293, -253, -377, -520, -400, -453, -689, -572,  -86,  351,
       634,  421,  515,  503,  502,  520,  495,  307,   46, -271, -743,
      -576, -502, -285, -288, -128, -250, -322, -475, -773, -716, -700,
      -675,
      ... 412 more items
    ],
    Int16Array(512) [
       269,  164,  -30,  -39,  -39,  143,  584,  485,  591,  312,  108,
        59,  411,  523,  340,  433,  490,  722,  613,  666,  348,   74,
       277,  476,  586,  340,  140, -251, -434, -320,   77,  334,  501,
       437,  263,  -21, -142,   82,  232,  316,   -9,   95,  262,  158,
       316,  340,  185, -120, -328, -168,  210,  488,  549,  210,  -90,
      -352, -495, -617, -629, -426, -378, -530, -221, -285, -382, -358,
      -432, -365, -137,   74,  200,  209,  -67, -393, -507, -404, -316,
      -346, -491, -609, -786, -638, -424, -358, -395, -391, -207,  -69,
       -26, -257, -375, -345, -587, -660, -316, -154, -171, -262, -321,
      -251,
      ... 412 more items
    ],
    Int16Array(512) [
      -373, -745, -678, -357,  140,   547,  331,  157,  196,  240,
       367,  393,  486,  406,  535,   281,  -70, -365, -497, -423,
      -283, -521, -733, -578, -214,   -44,  131,  220,  165,  122,
       147,  172,  -54,   70, -427,  -738, -724, -503, -390, -376,
      -304, -606, -632, -679, -950, -1024, -810, -417,  -50,  217,
       343,  455,  530,  647,  518,   542,  417,  295,  126,  -43,
       -65, -192, -182,  -92,   62,   -20,  -85,  -52,  -99,  -70,
        -6,  163,  190,  335,  463,   430,  408,  264,   12, -288,
      -187,  -51, -355, -251, -220,  -200,  -84,  -12,  134,  132,
       397,  692,  902,  621,  650,   436,  270,  100,  -11,  -19,
      ... 412 more items
    ],
    Int16Array(512) [
        24,  456,  819, 1204, 1113,  845,  546,   50, -419, -489, -543,
      -693, -575, -432, -502, -719, -819, -764, -879, -572,  -61,  171,
       -16,  -30,  -33,  -77,  -65,  -33,  -29,  192,  343,  281,  223,
       260,  284,  101,   20,  -70,   62, -105,  -42,   47,  119,  -21,
       -25,  104,    5,  -72, -346,  -79,  194,  375,  345,  393,  145,
        30, -308, -426, -392, -335, -101,  215,  702,  692,  550,  408,
       657,  797,  937,  785,  610,  205,   94,  395,  573,  658,  410,
        68,  -66, -175,   13,  111,  284,  264,  221,  124,   59,  442,
       642,  661, 1033,  818,  590,  259,    9, -251, -499, -465, -468,
      -116,
      ... 412 more items
    ],
    Int16Array(512) [
       761,  611,  537,  229,   -5,  -59,   38, -174,  -56, -210, -434,
      -173,  102,   12, -353, -335, -355, -231, -365, -628, -694, -491,
      -596, -534, -686, -535, -354, -223,  -89,    0, -216, -325, -138,
      -144, -198, -188,  -18,  -10,    0, -249, -347, -261,  -25, -154,
      -464, -368, -252, -115,   22,  182,  352,  293,  114,  -62, -185,
         5,  -52, -147, -119,   55,   61,  -89, -350, -517, -322, -362,
      -676, -879, -757, -878, -882, -697, -562, -738, -697, -759, -682,
      -641, -377, -323, -263, -261,   -7,  158,   27,  266,   71,  112,
       244,  148,   89,  -78, -209, -473, -442, -475, -526, -338, -384,
       -70,
      ... 412 more items
    ],
    Int16Array(512) [
       495,  443,  381,  312, -115, -499, -460, -530, -539, -738, -718,
      -871, -784, -651, -194, -125, -139, -225, -254, -276, -192,   87,
       126,  -55, -344, -212,  -81, -147,   -8,   39,   -9,  124,  323,
       251,  174,  270,  406,  443,  597,  794,  842,  697,  499,  509,
       851,  529,  981,  963,  842,  392,  558,  752,  973,  993, 1004,
      1083,  747,  624,  381,  543,  581,  557,  776,  903,  521,  396,
       625,  524,  275,   95,  -70, -360, -654, -579, -520, -484, -463,
      -738, -942, -831, -642, -639, -587, -521, -741, -522, -804, -736,
      -672, -686, -846, -659, -454, -289, -421, -406, -519, -404, -110,
       -87,
      ... 412 more items
    ],
    Int16Array(512) [
       -829,  -689, -1193, -1569, -1938, -2591, -2778, -2742, -2531,
      -2111, -1662, -1031,  -804,  -625,   137,   863,   946,   767,
        742,   379,   378,   524,   841,  1398,  1714,  1469,  1325,
        732,  -142, -1082,  -951,  -601,  -175,   784,  1462,  1327,
        694,   609,   651,  1029,  1504,  1860,  1814,  1639,  1387,
       1240,  1404,  1596,  1651,  1754,  1746,  1767,  1901,  1797,
       1545,   837,    66,  -249,  -116,   -58,   216,   517,   377,
        449,    51,  -648, -1306, -1241, -1029,  -774,  -454,   114,
        570,   805,   843,   606,   296,   311,   772,   990,   434,
        241,   -57,  -512,  -960, -1157,  -805,  -674,  -406,  -275,
       -330,  -321,   174,   652,   920,   922,   622,   -17, -1046,
      -1446,
      ... 412 more items
    ],
    Int16Array(512) [
      -4629, -4654, -3969, -2495,  -847,   629,  1537,  1981,  1589,
        564,  -345, -1014, -1252, -1359, -1129,     1,   815,  1047,
        724,  -347, -1959, -2879, -2818, -2226,  -922,   901,  2363,
       2940,  2890,  2331,  1945,  1597,   784,   572,   499,    39,
       -346,  -339,  -227,   -38,   347,   247,  -477,  -994, -1243,
      -1098,  -466,   705,  1737,  1985,  1541,   735,    21,  -385,
       -131,   384,   955,  1415,  1353,   784,   169,  -102,  -194,
        303,   963,  1175,  1375,  1552,  1346,   695,   386,   326,
         49,  -299,  -555,  -349,  -238,   414,  1268,  1990,  2506,
       2370,  1318,   696,   -15, -1339, -1840, -1719, -1639, -1756,
      -1462, -1148,  -742,  -311,  -173,  -956, -1850, -2870, -4076,
      -4985,
      ... 412 more items
    ],
    Int16Array(512) [
      -2384,  -218,  2146,  4264,  5489,  5736,  4773,  2790,   830,
       -830, -2367, -3172, -2714, -1612,  -656,   713,  1716,  1904,
       1707,  1003,  -193, -1564, -1946, -1212,  -210,  1079,  1701,
       2140,  1713,   800,  -575, -2003, -3172, -3803, -3528, -3201,
      -2396, -1013,   780,  2203,  3194,  3156,  2767,  1896,  1224,
        699,    89,    97,   257,   934,  1148,   731,   719,   608,
         54,  -182,    73,    89,  -166,   127,   377,   635,  1423,
       1808,  1852,  1545,   930,   407,  -160,  -804, -1557, -2309,
      -3320, -3636, -3422, -2741, -1102,   718,  2160,  3382,  3491,
       2565,  1369,  -733, -2707, -3169, -2844, -1722,  -461,  1067,
       2446,  2501,  1435,   257, -1407, -2552, -2813, -2215,  -795,
       1225,
      ... 412 more items
    ],
    Int16Array(512) [
      -3339, -1451,   411,  1957,  1923,  1061,  -145, -1315, -1911,
      -1772,  -241,  1128,  2559,  4178,  4610,  3629,  2930,  2062,
        235, -2094, -4117, -5977, -6878, -6308, -4729, -2185,   388,
       2328,  3100,  2837,  1802,  -165, -2136, -3323, -3788, -3082,
      -1673,   -82,  1362,  2817,  3350,  2288,   541, -1764, -3741,
      -5160, -5663, -4332, -2211,   455,  3325,  5186,  4883,  3380,
       1016, -1820, -3531, -3911, -2932, -1032,  2038,  4822,  6628,
       7681,  6870,  5012,  2417,  -460, -2363, -2931, -2558,  -967,
       1153,  3220,  4729,  4666,  3317,   858, -1923, -4038, -5090,
      -4981, -3646,  -924,  1926,  4208,  5842,  5694,  3967,  1787,
      -1151, -3749, -5088, -5471, -4849, -3320, -1088,   984,  2210,
       2861,
      ... 412 more items
    ],
    Int16Array(512) [
      -4253, -5394, -5384, -4285, -2650,  -385,  1648,  2129,  1917,
       1196,  -595, -2359, -2912, -2465,  -798,  1473,  3394,  4695,
       5341,  4447,  2883,   960, -1332, -2719, -3133, -2688, -1631,
        -92,  1346,  2459,  2969,  3101,  2366,  1035,  -564, -1615,
      -2188, -2336, -1431,    76,  1145,  1978,  2791,  2818,  1827,
        632,  -568, -1621, -2161, -1873, -1411, -1113,  -346,   -28,
       -348,  -712,  -782, -1470, -1849, -1917, -1651,  -776,   669,
       2855,  4385,  5148,  5381,  4234,  1714,  -466, -2911, -4958,
      -5793, -5434, -4029, -2314,  -425,   404,   472,     8, -1478,
      -3157, -4351, -4676, -3531, -1666,   844,  3276,  4807,  5001,
       3491,  1292, -1185, -3554, -4990, -5101, -3892, -1865,   181,
       1758,
      ... 412 more items
    ],
    Int16Array(512) [
       2346,  3591,  3902,  3139,  2048,   313, -1762, -3420, -4181,
      -3781, -2792, -1313,   295,  1579,  2515,  2774,  2385,  1620,
       1169,   615,  -308,  -436,   272,   409,  1045,  2206,  2522,
       1576,   686,  -700, -3131, -4630, -4920, -4673, -3864, -1856,
        -86,  1035,  2112,  2642,  1800,   805,  -172, -1891, -3102,
      -3183, -2740, -1787,  -376,   724,  1651,  1590,   699,  -664,
      -1992, -2857, -2877, -2478, -1279,   726,  2034,  2464,  3135,
       2753,   876,  -833, -2649, -3828, -3774, -2623,  -603,  1594,
       3596,  4390,  4236,  4189,  2202,  -143, -1826, -2953, -2929,
      -2461, -1379,   583,  1899,  2433,  2390,  1430,   860,  -280,
       -924, -1000,  -538,   695,  2272,  3330,  4377,  5060,  4140,
       2294,
      ... 412 more items
    ],
    Int16Array(512) [
       -473,   641,  1473,  2110,  2336,  1837,  1099,   144, -1020,
      -1558, -2304, -3316, -3240, -2574, -1911,  -807,    22,   630,
       1094,   456,  -270,  -544,  -847,  -676,  -557,  -111,   971,
       1363,   688,   161,  -668, -2558, -3915, -4422, -4093, -3578,
      -1916,   480,  2687,  4362,  5125,  4489,  3443,  2117,    89,
       -802, -1281, -1211,  -579,   286,   797,   911,   529,  -596,
      -1713, -2154, -2311, -2322, -1214,   423,  1869,  3135,  3717,
       3724,  3060,  1308,  -602, -2093, -3300, -4203, -4233, -3083,
      -1642,  -288,   797,  1550,  1456,  1087,   564,    28,   234,
        728,  1492,  1600,  1376,  1239,   552,  -560, -1046, -1436,
      -2255, -2490, -2049, -1766, -1592,  -810,  -380,   125,   597,
        384,
      ... 412 more items
    ],
    Int16Array(512) [
      -1403, -1847, -2411, -2073,  -954,   779,  2376,  3330,  3945,
       3478,  2540,  2017,  1058,   745,   933,   826,  1060,  1310,
        486,  -704, -1241, -2023, -2175, -1534,  -194,   964,  2157,
       3216,  3783,  3971,  3186,  2147,  1238,    18, -1339, -1510,
      -1253, -1181,  -846,  -616, -1048, -1593, -1787, -2330, -2118,
       -808,   411,  1794,  3085,  3980,  4247,  3588,  2153,   568,
       -756, -1931, -2589, -2241, -1117,  -510,  -204,   377,   197,
       -773, -1254, -1674, -1488,  -591,   285,  1479,  2156,  2285,
       1834,   643,  -662, -2254, -3718, -4483, -4752, -4365, -3725,
      -2676, -1412,  -300,   670,   808,  1019,   904,   406,  -240,
       -661,  -610,  -601,  -634,  -871, -1496, -2181, -2557, -2810,
      -2543,
      ... 412 more items
    ],
    Int16Array(512) [
       -543,  -366,   644,  1588,  2307,  2644,  2526,  1491,   341,
       -902, -2312, -2971, -2801, -2371, -1348,   -56,   977,  1760,
       2002,  1418,   772,   364,  -351,  -608,  -304,  -228,  -130,
        206,   448,  -262, -1212, -1709, -2239, -2098,  -911,   170,
       1094,  2211,  2537,  2215,  1613,  1322,   947,   359,  -299,
       -611,  -248,   -32,  -317,  -944,  -968, -1583, -2651, -3398,
      -3318, -2887, -1996,  -229,  1444,  2370,  2816,  2680,  1823,
       1230,    99,  -791,  -739,  -672,  -609,    30,    16,  -446,
       -950, -1787, -2679, -2585, -1884,  -949,  1074,  2931,  4345,
       4966,  4649,  3587,  2057,   530,  -584, -1043,  -697,  -123,
        517,  1101,  1026,   645,   127,  -120,  -646, -1095,  -813,
       -169,
      ... 412 more items
    ],
    Int16Array(512) [
       2169,  1442,   620,   133,  -637,  -976, -1136, -1283, -1209,
      -1564, -1769, -1865, -1802, -1111,  -552,   160,  1917,  2467,
       2362,  2563,  1609,   875,   219,  -708, -1091, -1341, -1487,
      -1379, -1049,  -548,  -797, -1134, -1609, -2685, -3175, -3484,
      -3458, -2400,  -871,   674,  1524,  2077,  2189,  1778,  1522,
        924,   255,   594,   830,   823,  1219,   946,  1170,   943,
        355,   -55,  -569,  -969, -1326, -1030,  -195,   417,  1050,
       1561,  1171,   977,   710,    -7,   -68,   -96,  -312,   105,
        576,   841,  1445,  2014,  2226,  2272,  2122,  1238,   407,
       -420, -1242, -1554, -1723, -1856, -2044, -2065, -2075, -2050,
      -2015, -1628, -1062,  -335,   187,   613,   951,   905,  1001,
        758,
      ... 412 more items
    ],
    Int16Array(512) [
        218,  -639, -1129, -1521, -1327,  -689,   -60,   917,  1416,
       1198,   484,  -381, -1074, -1548, -1434,  -561,   644,  1747,
       3093,  3631,  3759,  3436,  2625,  1820,  1179,  1318,  1586,
       1940,  1954,  1490,  1021,    76, -1366, -2107, -2680, -3487,
      -3561, -3099, -2669, -2001, -1448, -1006,  -778, -1235, -1837,
      -2183, -1508,  -884,  -125,   825,  1181,  1843,  1771,  1318,
       1004,   726,   442,   466,   688,  1197,  1663,  1882,  2057,
       1221,   339,  -503, -1480, -2105, -2357, -1940,  -560,   725,
       1580,  1958,  1767,  1221,   558,   117,  -352,  -590,  -154,
        701,  1427,  2000,  2324,  2040,  1499,   630,  -321, -1023,
      -1573, -1913, -1442,  -903,    -3,   795,   999,  1288,  1213,
        822,
      ... 412 more items
    ],
    Int16Array(512) [
       1197,   408,  -280, -1063, -1153,  -397,   479,  1199,  1856,
       2457,  2200,  1721,  1163,   293,  -664, -1819, -2019, -1978,
      -1864, -1436,  -622,   116,   493,   835,   597,     6,  -918,
      -1788, -2276, -2109, -1597,  -634,    27,   702,  1105,  1170,
        936,   270,  -663, -1677, -1916, -1504,  -347,  1182,  2822,
       4597,  5388,  4718,  3452,  2107,   633,  -752, -1527, -1601,
      -1125,  -278,   493,  1162,  1568,  1411,   788,    75,  -661,
      -1441, -1542,  -764,   208,  1436,  2703,  2977,  2701,  2051,
        987,  -481, -1894, -2855, -2972, -2235, -1142,   108,  1061,
       1704,  1947,  1727,  1241,   292,  -696, -1091,  -700,    16,
        690,  1134,  1409,  1140,   922,   779,     9,  -416, -1028,
      -1704,
      ... 412 more items
    ],
    Int16Array(512) [
      -1499, -2020, -1699,  -510,   464,  1229,  2131,  2232,  1544,
        577,  -489, -1494, -1829, -1193,    80,  1819,  3212,  4076,
       4826,  4432,  3403,  1611,  -418, -2200, -3672, -3437, -2519,
      -1171,   -20,  1268,  2590,  2888,  2187,  1267,    70, -1149,
      -1502, -1474,  -771,   319,  1474,  2146,  2162,  1049,  -382,
      -1708, -2788, -3389, -3518, -2538, -1131,   313,  1990,  3215,
       3574,  3192,  2236,   968,  -131, -1039, -2037, -2140, -1790,
      -1150,  -166,   664,  1463,  1184,   652,   818,    83,  -784,
       -866,  -635,   -93,   123,   564,   809,   659,   351,  -621,
      -1104, -1654, -2495, -3497, -3609, -3051, -2333, -1483,   -60,
       1197,  1901,  1984,  1580,  1373,   253, -1035, -2097, -2405,
      -1852,
      ... 412 more items
    ],
    Int16Array(512) [
       1396,  1592,  1639,  1464,  1042,   961,   913,   799,   903,
       1321,  1098,   269,  -408,  -858, -1640, -2252, -2340, -2497,
      -1995, -1373,  -585,   827,  2077,  2964,  3780,  4091,  3749,
       3060,  1984,   614,  -688, -1497, -1510, -1080,  -328,   393,
        553,   846,   839,   182,  -344, -1073, -1284, -1068,  -407,
        533,  1485,  2529,  2868,  2335,  1075,  -477, -2121, -3301,
      -3957, -3830, -2799, -1125,   528,  1788,  2745,  2733,  2046,
        990,  -226, -1246, -1980, -1941, -1318, -1054,  -459,   476,
        243,  -150, -1122, -1779, -2271, -2134, -1078,   448,  2299,
       3841,  4712,  4915,  4356,  3108,  1320,  -523, -1643, -1944,
      -1746, -1375,  -742,  -165,   -34,    17,   350,   428,   432,
        397,
      ... 412 more items
    ],
    Int16Array(512) [
        119,   166,  -522,  -977, -1132, -1690, -1871, -1348,  -864,
       -426,   441,  1211,  1239,  1538,  1489,   697,  -242, -1064,
      -1978, -2786, -3278, -3098, -2462, -1349,    -7,  1334,  2184,
       1865,  1049,   259,  -727, -1597, -2007, -1934,  -826,    61,
        292,   736,   717,  -340, -1637, -2656, -3353, -3284, -2469,
       -870,  1283,  3305,  4646,  5092,  4829,  3814,  1813,  -343,
      -1683, -2525, -2043,  -967,   -75,  1069,  1812,  1991,  1574,
       1052,   477,  -219,  -803,  -408,   436,  1510,  2662,  3163,
       3008,  1627,  -172, -1952, -3352, -4373, -4743, -4284, -2953,
      -1417,   548,  1967,  2281,  2583,  2407,  1935,  1462,  1595,
       1648,  1169,   694,   488,    -6,  -644,  -660,  -306,  -541,
      -1183,
      ... 412 more items
    ],
    Int16Array(512) [
      -1113, -1836, -1518,  -980,  -718,  -365,  -285, -1000, -1767,
      -2138, -2463, -2344, -1203,   387,  1545,  2953,  3608,  3625,
       3124,  2220,   882,  -532, -1357, -1823, -1612, -1173,  -575,
         -8,   208,   148,    60,  -167,    43,   181,   552,  1275,
       2154,  2813,  2694,  2262,  1278,    76, -1656, -2605, -2829,
      -2889, -2395, -1746, -1150,  -271,   381,   259,   176,   375,
        789,  1196,  1663,  2231,  2566,  2379,  1722,   590,  -581,
      -1818, -2632, -2423, -2045, -1557,  -489,   518,   776,   628,
        756,   501,   356,   299,   225,   240,   785,   859,   480,
        226,  -728, -2069, -3340, -3794, -4140, -3655, -2079,  -318,
       1079,  1994,  2427,  2277,  1488,   193,  -526, -1375, -1243,
       -812,
      ... 412 more items
    ],
    Int16Array(512) [
        -58,   472,  1219,  1882,  2505,  2393,  1741,   864,  -334,
      -1254, -1406, -1353, -1247,  -331,   389,   715,   699,   139,
      -1233, -2145, -2693, -3080, -2085,  -504,  1135,  2458,  3378,
       3400,  2167,   557, -1229, -2410, -2908, -2948, -2334,  -958,
        293,   909,   967,  1178,   942,   561,    83,   -51,   170,
        509,   993,  1410,  1975,  1507,   598,  -455, -1381, -1994,
      -2532, -2984, -2760, -2197, -1776, -1814, -1679, -1236,  -834,
       -504,  -374,   360,   848,   529,    62,   -73,  -132,  -244,
       -429,   -36,   456,   374,   353,   201,  -306,  -536,  -738,
      -1160,  -838,  -246,   287,  1020,  1670,  2508,  2596,  2702,
       2301,  1429,   913,   128,   -50,   147,   862,  1444,  2129,
       2772,
      ... 412 more items
    ],
    Int16Array(512) [
      -1329,  -792,   -39,   511,  1078,  1344,  1469,  1108,   99,
       -572, -1407, -1478, -1347,  -908,  -190,   203,   312,  143,
       -317,  -807, -1158, -1229,  -537,   257,   835,  1219, 1447,
       1427,  1118,   567,  -185,  -841, -1429, -1749, -1518, -808,
        -21,   719,  1087,  1328,   922,   489,  -178,  -463, -553,
       -578,  -155,   318,   957,  1068,   802,   382,  -215, -364,
       -809, -1425, -1710, -1486,  -849,  -383,   329,   907,  970,
        530,  -195, -1007, -1456, -1388, -1161,  -652,   260, 1033,
       1161,  1212,   558,  -210,  -833, -1190, -1167,  -594,  -34,
       -147,   101,   424,    98,  -268,  -589,  -737,  -614, -921,
      -1058, -1312, -1051,  -645,  -598,  -451,  -575,  -588, -165,
        185,
      ... 412 more items
    ],
    Int16Array(512) [
       -684,  -310,   60,  306,  425,   675,  1003,   977,   932,
        526,   200,  -65, -238,  -33,   345,   420,   415,   302,
        194,    30, -316, -453, -654,  -206,   195,   431,   963,
       1125,   957, 1037,  863,  585,    60,  -555,  -678,  -804,
       -709,  -511, -413, -392, -824,  -936, -1633, -2296, -2218,
      -1810, -1291, -705,   76,  443,   445,   386,   302,    69,
       -139,  -791, -923, -945, -783,  -449,  -264,  -343,  -546,
       -584,  -730, -831, -749, -338,   291,   470,   652,   543,
        278,     0, -331, -539, -885,  -857,  -757,  -711,  -445,
       -366,  -310, -297, -432, -594,  -511,  -356,  -277,    60,
        309,   328,   70, -290, -713, -1365, -1750, -1767, -1755,
      -1269,
      ... 412 more items
    ],
    Int16Array(512) [
       269,  163,  225,  203,   129,   160,   116,  231,   45,   63,
       219,  209,  215,   81,    42,   199,   793, 1016, 1268, 1570,
      1327, 1122,  692,  527,   378,    93,   430,  405,  234,   52,
      -143, -575, -854, -793,  -637,  -307,   141,  277,  390,  516,
       531,  180, -258, -572,  -974,  -985,  -595, -416, -330,  -43,
       -47,   84, -288, -461,  -675,  -424,   157,  211,  318,  642,
       633,  402,   36, -260,  -397,  -362,  -348, -212,  367,  562,
       672,  592,  384, -109,  -279,  -290,  -436, -373, -182,  -28,
       116, -129, -445, -870, -1096, -1233, -1144, -846, -804, -242,
       155,  612,  606,  550,   289,   148,   143,  312,  522,  544,
      ... 412 more items
    ],
    Int16Array(512) [
        25,  -41,  -47,   -4, -125,   46,  538,  565,  483,  681,  642,
       509,  333,  164,   34,  280,  328,   97,  361,  541,  256,  157,
      -116, -370, -318, -103,  192,  288,  146,  135,   60, -234, -141,
        64,  -59, -472, -412, -150,  -12, -100,    9,  -99, -278, -312,
      -208,  124,  166,  -87, -111, -240, -423, -273, -290, -397, -359,
      -349, -399,  -59,  352,  752,  673,  344,  -34, -492, -715, -995,
      -907, -798, -617, -558, -225, -145,  -19,   66,   99,   12,    3,
        -4,  -99,  323,  454,  206,   46,  -25, -344, -550, -796, -794,
      -512, -435, -413,  -11, -207, -335, -213, -246, -365, -775, -802,
      -892,
      ... 412 more items
    ],
    Int16Array(512) [
        66, -179, -311, -392,  -425,   59,  132,  259,  555,  549,
       298,  -60,  159,  367,   505,  567,  458,  235,  309,  468,
       370,  340,  267,  610,   756, 1101, 1451, 2038, 2406, 1842,
      1124,  855,  812,  519,   684,  655,  794,  610,  780,  570,
        83,  -88, -398, -933, -1085, -960, -666,  -20,  526, 1013,
      1039, 1267, 1181,  730,   320,   71, -247, -258,  326,  730,
      1396, 1798, 1507, 1163,   591,  228,   54,  -32, -111,  291,
       738, 1040, 1112,  995,   901,  638,  484,  566,  671,  528,
       604,  579,  971,  872,   814, 1100,  816,  154, -291, -149,
       -13,  564,  670,  726,   781,  609,  572,  660,  617,  556,
      ... 412 more items
    ],
    Int16Array(512) [
       584,  713,  604,  524,  685,  667,  690,  752, 1170, 1029,  912,
       861,  667,  652,  673,  803,  588,  396,  544,  748,  745,  672,
       701,  648,  879,  727,  338,  262,  110,  -14, -220, -348, -519,
      -851, -645, -546, -586, -266, -385, -453, -382,   76,  131,  245,
       212,  148,  262,  177,  188, -181, -227, -427, -605, -595, -413,
      -257,  -15,  197,  -32, -300, -186,   63,   26,    2,  231,  273,
       238,  290,  265,  483,  854, 1015, 1020, 1046,  905,  614,  648,
       725, 1053, 1525, 1930, 2167, 2101, 1560, 1124,  690,  502,  388,
       442,  458,  298,  422,  492,  701,  714,  638,  671,  325,  -55,
      -462,
      ... 412 more items
    ],
    Int16Array(512) [
       -452,  -395,  -196,    32,  -213,  -637, -942, -1397, -1523,
      -1164,  -922,  -873,  -847,  -674,  -417, -214,  -159,  -177,
       -258,  -343,  -482,  -573,  -798,  -923, -878,  -522,  -116,
       -134,  -108,  -380,  -493,  -722,  -717, -595,  -616,  -673,
       -711,  -527,  -499,  -623,  -951,  -915, -724,  -481,  -347,
       -203,  -161,    12,   623,   742,   678,  772,   685,   627,
        592,   181,  -119,  -250,  -169,  -106, -159,   101,   349,
        405,   373,   746,   840,   918,   896,  811,   553,   619,
        690,   545,   562,   340,   188,    22, -144,  -294,  -473,
       -835,  -830,  -873,  -690,  -452,  -485, -616,  -775, -1091,
      -1411, -1310, -1280, -1216, -1277, -1140, -872,  -780,  -653,
       -518,
      ... 412 more items
    ],
    Int16Array(512) [
       1418,  1483,  1075,  1094,  1359, 1520, 1404, 1119, 1146,
       1384,  1508,  1539,  1420,  1058, 1063, 1010, 1389, 1415,
       1588,  1513,   957,   480,   211,  204,  221,  359,  469,
        618,   219,     3,  -398,  -597, -614, -700, -696, -582,
       -695,  -514,  -418,  -116,   282,  240, -246, -497, -795,
      -1163, -1208, -1399, -1322, -1130, -625, -419, -345, -290,
       -525,  -606,  -321,  -259,  -351, -436,  -23,  278,  490,
        355,   379,   318,   190,   208,  140,  153,   23,   60,
        177,   415,   587,   651,   613,  669,  797,  916, 1136,
       1306,  1316,  1288,  1340,  1590, 1769, 1656, 1466, 1510,
       1532,  1321,  1302,  1292,  1356, 1370, 1163,  842,  637,
       1019,
      ... 412 more items
    ],
    Int16Array(512) [
       -677,  -563,  -522,  -352,  -289,  -234,  -221,  -643,  -781,
       -645,  -427,  -115,    17,    51,    13,   -43,    50,    43,
       -104,   -79,  -372,  -500,  -379,  -468,  -175,    59,   329,
        339,   232,   197,   222,    80,   288,   412,   237,   499,
        405,   242,   413,   399,   596,   573,   556,   540,   484,
        307,   -94,    61,   534,   611,   383,   466,   596,   641,
        854,  1015,  1252,  1364,  1270,  1280,   992,   767,   587,
        555,   578,   687,   411,   211,  -186,  -752, -1030,  -932,
       -802,  -779,  -862, -1091, -1138, -1137,  -802,  -859,  -799,
       -618,  -778,  -960, -1085, -1082, -1100, -1265, -1246, -1496,
      -1760, -1768, -1566, -1332,  -776,  -377,   -16,    57,   -48,
       -185,
      ... 412 more items
    ],
    Int16Array(512) [
        674,   667,   681,   427,    31,  -146,  -193,   -44,    57,
         36,   263,   501,   291,   -19,  -332,  -908, -1459, -1652,
      -1688, -1441, -1395, -1549, -1552, -1541, -1692, -1811, -1780,
      -1556, -1222,  -889,  -963, -1297, -1342, -1307, -1616, -1565,
      -1436, -1347, -1082, -1276, -1365, -1332, -1311, -1258, -1041,
      -1006,  -988,  -740,  -767,  -698,  -594,  -505,  -518,  -372,
       -120,   153,   134,  -223,  -516,  -688,  -621,  -593,  -385,
       -226,   -90,  -227,  -345,  -229,  -312,  -172,   125,   508,
        931,  1366,  1652,  1484,  1361,  1196,  1225,  1660,  1705,
       1748,  1934,  1877,  1456,  1281,  1201,  1189,  1195,   999,
        782,   409,  -121,  -602,  -787,  -744,  -722,  -770,  -961,
      -1175,
      ... 412 more items
    ],
    Int16Array(512) [
       -171,  -132,  -164,     5,   332,   757,  1124,  1306,  1408,
       1674,  1747,  1665,  2007,  2454,  2637,  2662,  2833,  2926,
       2782,  2705,  2819,  2771,  2447,  2163,  1963,  1711,  1937,
       1891,  1439,  1066,   375,  -116,  -519,  -541,  -793, -1026,
      -1228, -1504, -1455, -1574, -1519, -1769, -1594, -1724, -1205,
       -792,  -619,  -766,  -627,   -45,     3,    62,     1,  -208,
       -696,  -537,  -683,  -671,  -415,  -677,  -711,  -683, -1038,
      -1216, -1348, -1618, -1526, -1576, -1441, -1178, -1218, -1252,
      -1631, -1866, -2042, -2006, -1495, -1408, -1133, -1028, -1005,
       -432,  -180,   207,   836,  1184,  1210,  1339,  1576,  1639,
       1874,  1792,  1972,  2036,  2162,  2270,  1914,  1732,  1642,
       1780,
      ... 412 more items
    ],
    Int16Array(512) [
      -1009, -1026, -957, -614,  -516,  -552,  -418,  -211,  -155,
       -281,  -284, -228, -301,  -517,  -655,  -716,  -716,  -562,
       -380,  -257, -260, -178,   -48,   -26,    35,   -33,  -259,
       -370,  -406, -550, -732,  -397,  -139,   149,   184,    87,
        388,   563,  937, 1242,  1260,  1673,  1676,  1760,  2085,
       2220,  2368, 2091, 1954,  1936,  1975,  2205,  2238,  2041,
       1980,  1773, 1489, 1354,   978,   710,   546,   507,   564,
        419,   -52, -436, -529,  -427,  -372,  -490,  -477,  -573,
       -502,  -500, -508, -473,  -314,  -172,   -53,   -66,  -150,
       -309,  -384, -543, -571,  -649,  -223,  -166,  -350,  -291,
       -253,  -164, -498, -910, -1396, -1572, -1610, -1483, -1662,
      -1797,
      ... 412 more items
    ],
    Int16Array(512) [
       -718,  -465,  -796,  -955,  -890,  -958,  -865,  -815,  -718,
       -608,  -519,  -453,  -461,  -416,  -320,  -219,  -312,  -296,
       -266,  -366,  -478,  -570,  -475,  -594,  -659,  -370,  -528,
       -509,  -592,  -644,  -446,  -367,  -343,  -481,  -917, -1110,
       -867,  -569,  -104,   322,   173,   201,   399,   316,   533,
        558,   560,   673,   680,   566,   -81,  -264,  -408,  -578,
       -773,  -741,  -656,  -751, -1080, -1598, -1836, -2000, -1708,
      -1311, -1254, -1400, -1572, -1699, -1896, -1669, -1424, -1593,
      -1545, -1436, -1341,  -873,  -747,  -574,  -150,  -122,  -264,
        -90,  -128,  -201,   -48,   196,   540,   699,   834,   530,
        256,    18,   -63,  -269,  -502,  -397,  -352,  -507,  -669,
       -559,
      ... 412 more items
    ],
    Int16Array(512) [
       -857,  -687,  -861,  -637,  -709,  -621,  -460,  -226,  -204,
       -354,   -28,   290,   425,   450,   488,   480,   523,   592,
        864,  1067,  1230,  1117,  1097,  1057,  1253,  1369,  1314,
       1405,  1546,  1418,  1262,   873,   866,   978,  1157,  1549,
       1979,  2099,  1628,  1161,   730,   530,   615,   800,  1003,
       1198,  1119,  1043,   862,   673,   600,   789,   725,   581,
        133,  -139,  -238,  -584,  -687,  -828,  -966, -1242, -1303,
      -1327, -1657, -1568, -1312, -1311, -1624, -1598, -1383, -1402,
      -1341, -1175, -1115,  -886,  -528,  -335,  -233,  -436,  -461,
       -313,  -230,  -245,    12,   -90,  -157,   142,   111,    27,
        303,   312,   384,   374,   132,   125,   318,   755,   738,
        742,
      ... 412 more items
    ],
    Int16Array(512) [
      -1118,  -837, -1014, -1189, -1301, -1131, -1060,  -993,  -680,
       -352,  -120,  -106,   127,   300,   297,   251,   185,    19,
        157,   567,   810,  1030,  1214,  1144,  1150,  1119,  1187,
       1524,  1755,  1812,  1784,  1998,  1812,  1404,  1100,   916,
        818,   643,   137,  -115,   -82,    11,    94,  -223,  -656,
       -851,  -818,  -782,  -637,  -489,  -548,  -424,  -474,  -606,
       -731,  -606,  -595,  -593,  -901, -1111, -1100, -1094,  -687,
       -495,  -507,  -850, -1171, -1017,  -694,  -585,  -881, -1036,
      -1024,  -783,  -657,  -540,  -635,  -768,  -958, -1222, -1336,
      -1467, -1449, -1422, -1374,  -781,  -541,  -528,  -662,  -734,
       -862,  -629,   -81,   201,   452,   211,     4,     9,  -145,
       -109,
      ... 412 more items
    ],
    Int16Array(512) [
       -261,   -94,   -10,    82,   258,   131,    17,   -55,   -52,
         39,   -73,  -157,  -434,  -815,  -760,  -498,  -601,  -494,
       -297,  -394,  -458,  -421,  -143,   -53,   -62,   251,   513,
        818,   850,   867,   832,   963,  1156,  1274,  1321,  1466,
       1407,  1469,  1469,  1437,  1416,  1315,  1334,  1402,  1427,
       1452,  1669,  1702,  1805,  1372,   796,   756,   660,   325,
         25,  -133,  -182,  -573,  -709,  -434,  -580,  -657,  -813,
       -751,  -751,  -722,  -743,  -538,  -609,  -857,  -714,  -858,
       -769,  -473,  -528,  -788, -1124, -1240, -1024, -1199, -1555,
      -1501, -1442, -1247, -1085,  -608,  -415,  -317,    12,   492,
        548,   316,   263,   -10,   -64,   349,   671,   879,  1064,
        920,
      ... 412 more items
    ],
    Int16Array(512) [
        399,   325,  222,    38,  -27,   -47,  -175,  -291,  -155,  -179,
       -262,  -565, -629,  -566, -549,  -213,  -127,  -249,  -464,  -214,
       -189,  -232, -220,  -350, -388,  -319,  -223,  -154,   -10,   -87,
         -7,    48,  127,  -117, -215,  -200,  -162,    28,   166,   665,
        987,   950,  807,   713,  692,   471,   575,   783,   678,   730,
        575,   642,  487,   314,  424,   444,   638,   463,   357,   367,
        166,   258,  284,   334,  260,   364,   321,   111,    29,   -73,
       -461,  -565, -555,  -823, -858, -1117, -1309, -1426, -1324, -1215,
      -1328, -1233, -982, -1020, -992,  -742,  -680,  -531,  -496,  -591,
       -598,  -643, -593,  -480, -158,   206,   235,   371,   248,    60,
      ... 412 more items
    ],
    Int16Array(512) [
       656,  185, -234, -257,  112,   15, -147, -325, -219, -231, -151,
      -176, -193, -400, -424, -479, -433, -198, -416, -444, -272, -401,
      -508, -414, -567, -662, -758, -669, -544, -631, -732, -573, -468,
      -357, -259,  -79, -111, -109, -180,  -99, -209, -496, -290, -203,
       296,  211,   14, -179, -209,  226,  276,  498,  604,  628,  390,
       284,  520,  349,  200,  301,  110,  159,   66,  369,  252,  356,
       301,  176,  296,  179,  379,  396,  279,   24, -114, -150,  -97,
       109,   74,   53,  108,   58,   62,   52,   60,   80,  141,   92,
        66,   24,  186,   55, -195, -231,   27,   65,  223,  348,  313,
       490,
      ... 412 more items
    ],
    Int16Array(512) [
      -197,  -67,  124, -143,   31, -125, -124,  -71,  136,  327,  46,
       269,  492,  573,  389,  300,  381,  326,  304,  165,  364, 422,
       575,  680,  635,  537,  336,  373,  304,  190,   62,  156, 397,
       255,  245,  290,  416,  471,  810,  882,  770,  541,  440, 254,
        95,   83, -180, -305, -264, -113, -157,  276,  387,  467, 411,
       284,   75,  -44,   66,  196,  321,  398,  536,  652,  467, 298,
       -46, -295, -418, -576, -659, -576, -631, -488, -275, -113, 161,
       259,  167,  191,  -72, -141,    5,  245,  153,  -81,  -91, 114,
       284,  172,  158,   45,  196,  456,  762,  844,  604,  600, 726,
       609,
      ... 412 more items
    ],
    Int16Array(512) [
      -131, -217,   -57,   -49,  -81,  257,  394,  505,  514,  565,
       635,  625,   465,   251, -113, -139,  -51,  316,  491,  439,
       327, -158,  -264,  -140,  127,  -74, -175, -155,  233,  355,
       431,  571,   552,   453,  269, -129, -396, -364, -332, -283,
      -358, -430,  -519,  -579, -588, -636, -789, -821, -769, -621,
      -685, -961, -1204, -1224, -794, -537, -310, -283,  -38,   20,
      -162, -126,   -16,  -200, -445, -440, -494, -288,  -51,   26,
       306,  438,   366,   200,   93,   33,   54,   17, -132,  -99,
      -290,  -61,   -37,   165,  114,  245,  364,   17,  -22,   90,
       214,  188,   388,   130,   84,  129,  393,  657,  582,  444,
      ... 412 more items
    ],
    Int16Array(512) [
      -292,  -16,   -1, -108,   89,  140,  221,  343,  221,  231,  578,
       295,  215,  406,  340,  500,  514,  522,  456,  570,  551,  687,
       642,  348,  330,  390,  337,  532,  576,  585,  741,  548,  464,
       223,  -74,  -62, -206, -245, -150,  -54,   57,   94,  -66,   80,
       309,   66,  -69, -308, -247,   -8,   64, -125, -174, -115,  130,
        56,  -93, -276, -280,  241,   12, -162,    8,  225,  318,  359,
       128, -117,   -8,  132,   23,   99,  -33, -379,  -22, -123, -150,
        25, -197, -418, -509, -294,  226,  555,  450,  487,  369,  478,
       647,  696,  577,  339,  241,  438,  467,  424,  539,  353,  167,
       -93,
      ... 412 more items
    ],
    Int16Array(512) [
       480,   717,   512,  278,  268,   18,  117, -232, -443, -407,
      -436,  -193,  -227, -165, -167, -346,   10,  422,  405,  285,
       234,    16,    21,   99,  176,  391,  351,  340,  160,   63,
        70,  -263,  -272,  -52,   61,    7, -151, -163,   65,   75,
       359,   133,    27,  122,   13,   -2,  -94, -132, -470, -598,
      -705, -1015, -1025, -666, -619, -614, -520, -688, -261,   98,
       292,   630,   714,  517,  169,    0,  -74,  -71,    2,   46,
       100,   413,   366,  602,  925,  850,  779,  603,  736,  577,
       517,   524,   391,  370,  639,  983, 1201,  879,  556,  496,
       471,   379,   408,  612,  343,  304, -163, -616, -802, -655,
      ... 412 more items
    ],
    Int16Array(512) [
       -43, -128,  -12, -249, -629, -621, -564, -589, -601, -703, -792,
      -633, -510, -358, -460, -514, -128,  188,  225, -124, -329, -149,
      -323, -219, -118, -177, -282, -310, -397, -213,  -94, -214, -272,
      -422, -302, -121, -144, -103,   14,  151,  135,  223,  417,  283,
         9, -259, -280,  -40,  -50,   63,   73,   -5,   82,  207,  395,
       444,  229,   17,  -67,  -35,  188,    1, -136, -403, -439, -405,
      -410, -792, -847, -705, -716, -711, -590, -456, -417, -512, -750,
      -589, -585, -566, -505, -329,  -60,  -95,  -82, -111, -231, -442,
      -319, -160,  -22,  275,  354,  546,  529,  254,  219,  142,  -44,
      -285,
      ... 412 more items
    ],
    Int16Array(512) [
      -207, -252,  -59,  180,  332,  521,  445,  281,  470,  346,  -26,
      -479, -620, -484, -408, -204,  -14, -142, -121, -287, -344, -493,
      -400, -160, -405, -332, -466, -608, -662, -672, -730, -661, -484,
      -449, -381, -381, -351, -120,   60,  117,   72, -119,   -3, -221,
      -299, -315, -142,   42, -103, -124,  -60,  -86, -125,  -47, -385,
        -6,  138,   95,   49,   89, -104, -100,   27,   83,  386,  497,
       494,  160, -181, -267, -177,  203,  391,  543,  815, 1003, 1194,
      1074, 1047, 1179,  883,  659,  364,   36,   46,  -15,  274,  454,
       745,  632,  317,   88,  263,  347,  405,  685,  676,  458,  425,
       500,
      ... 412 more items
    ],
    Int16Array(512) [
      -1038, -1134, -922, -842, -780, -865, -587, -432, -442, -397,
       -124,   -78,   19,  -41, -101,   72,  232,  253,  441,  304,
       -372,  -621, -763, -344, -156,  -39,   67,  220,  118,   18,
        185,   221,   19,  189,  608,  766,  906,  655,  214,   22,
        -62,    95,   99,  -70, -246, -277,  -54,  -96,  -82,   19,
        220,   132,  -25,  175,  362,  363,  187,  -13, -344, -474,
       -653,  -896, -713, -517, -432, -421, -427, -410, -299, -261,
       -108,    22,   15,  338,  131,  148,  221,    0,   76,  168,
        284,   429,  384,   -6, -180, -271, -267,   38,  316,  105,
         17,  -143, -286,  -32,  105,  180,  186,  296,  216,  277,
      ... 412 more items
    ],
    Int16Array(512) [
       -87,   48,   31,  289,  247,   184, -125,  -65,   -1, -215,
      -112, -108,  -33,  -21,  -77,  -312, -552, -595, -448, -487,
      -319, -175, -204, -210, -317,  -246, -394, -315, -321, -728,
      -741, -684, -880, -802, -893, -1196, -991, -706, -620, -535,
      -279, -376, -471, -495, -425,  -358, -456, -597, -742, -691,
      -484, -372, -215,   48,   37,   -26,  114,   75, -275, -262,
      -394, -572, -499, -429,  -61,   169,   81, -178, -367, -120,
      -109,   -7,  119,   34,   52,  -183, -228,  -77,  -30,   75,
        41, -222, -181,   42,  118,   155,   89, -115,  -82,  -20,
       -85,  173,  257,  -27,   -8,   -25, -216, -365, -399, -212,
      ... 412 more items
    ],
    Int16Array(512) [
       269,  237,  404,  482,  835,  910,  797,  739,  477,  275,   30,
      -119, -103,   61,  174,  413,  529,  545,  504,  401,  471,  669,
       830,  833,  902,  865,  999,  714,  718,  583,  263,  291,  184,
       -19, -127,  -65, -100,   41,  149,   86,  178,   46,  -62, -299,
      -455, -424, -431, -333,  -11,  -93, -629, -700, -637, -654, -872,
      -808, -747, -808, -813, -751, -757, -734, -355, -105,   -7,  252,
       260,  206,  182,   78,   62,  145,  189,  269,   64,    4, -175,
       -20,  176,   76,   99,  101,  376,  568,  791,  943,  915,  905,
       727,  313,   78,  236,   59, -163, -301, -177, -211, -410, -494,
      -569,
      ... 412 more items
    ],
    Int16Array(512) [
       516,  364,  153, -117, -416, -288, -218, -283, -332, -196,    9,
      -208, -144,   -1,   44, -150, -114,  -63,    5,  168,  228,  336,
       341,  312,  407,  131,  -81, -284, -306, -306, -266, -260,  -93,
       111,  -48, -221, -241, -254, -155,  119,  369,  274,   83, -143,
       -82, -111, -155, -292, -739, -695, -805, -618, -604, -196, -334,
      -199,  -79, -195, -335, -283,  135,  -53,    6, -120, -174, -487,
       -99, -150, -387, -382, -684, -854, -775, -749, -762, -436, -234,
        63,  267,  131,  -85,  -29,  305,  293,   58,    6,   32,  165,
       160,  244,  192,  280,  101,   26,   42,  150,  266,   78, -160,
      -177,
      ... 412 more items
    ],
    Int16Array(512) [
       135,  135,   79, -169,   34,  263,  264,    1,   10, -178,   43,
        83,  208,  304,  326,  228,  355,  172,   50,  115,   22,   62,
      -182, -142,    4,  215, -117,  -90, -379, -259, -353, -268, -130,
      -282, -235,   35,  210,  362,  501,  472,  426,  174,  287,  273,
       334,  153, -356, -522, -368, -245, -108,   -8,  -81, -115,   -9,
      -206,  -85,  291,  438,  339,   94, -209, -393, -447, -642, -707,
      -462, -509, -544, -222, -371, -250,  -16,  -21, -132, -132,    6,
        28,   23,  -44, -179, -542, -409, -482, -761, -902, -944, -918,
      -968, -968, -787, -610, -471, -372, -326, -447, -385, -195, -101,
      -351,
      ... 412 more items
    ],
    Int16Array(512) [
        79,   33,  199,  242, 198, 302,  279,  311,  127, 205,  283,
       399,  535,  376,  279, 181, 224,  312,  296,   69, -41, -235,
      -330, -256,  -48,    8, 140, 321,  472,  307, -106, 104,  180,
       149, -109, -251, -163, -68, -81, -198, -295, -177, -24,  256,
       290,  233,  233,  203, 520, 568,  485,  433,  595, 464,  251,
        74,  -29,  384,  387, 223, 261,  295,  378,  441, 523,  526,
       485,  572,  678,  734, 825, 658,  672,  614,  313, 329,  536,
       483,  380,  604,  481, 458, 467,  208, -155, -323, -89,   13,
        64,  -55,   65,  110, 284,  98,  302,  671,  444, 179,  255,
       121,
      ... 412 more items
    ],
    Int16Array(512) [
       198,   67,    5,   24,  -90,  -266, -264,  -41, -104, -307,
      -129,  234,  195, -110, -312,  -753, -787, -431,  -87,  227,
       350,  263,  440,  551,  723,   488,  330,  618,  838,  888,
       595,  526,  424,  221,  117,  -269, -218,  -64,  -10,    3,
      -200, -262, -363, -210,  -33,   304,  419,  127,  -38, -215,
      -251, -117,  -88, -150, -129,  -278, -427, -604, -451, -507,
      -773, -757, -424, -561, -873, -1068, -920, -526, -283, -301,
      -258, -119,  -70,   -1,  -47,  -112, -317, -338, -407, -542,
      -331, -370, -346, -404, -732,  -689, -272,  -81,  -89,   34,
       128,  307,  271,  472,  236,   -11,    9,   52,  186,  249,
      ... 412 more items
    ],
    Int16Array(512) [
       -93,  -66,   36,   67,   52,   66, -140, -309, -318, -450, -497,
      -377, -711, -459, -363, -459, -291,  -39,  122,  238,  126, -136,
      -134,  -89,   74,  511,  743,  895,  624,  352,  194,  -66,  -66,
        -8, -119, -404, -267,   76,  355,  482,  530,  560,  682,  627,
       502,  226,   67,  -13,  -56, -364, -414, -348, -480, -517, -736,
      -801, -471, -362, -194, -187,  153,  307,   86,  -43,  -62,   -5,
       135,  249,  272,  242,  137,  381,  478,  315,  161,   -7,   32,
       164,  102, -149,  -87,  101,  166,  282,  309,  453,  243,  168,
       224,  270,  328,  318,  309,   63,   99,  111,  254,  406,  393,
       147,
      ... 412 more items
    ],
    Int16Array(512) [
       458,  261,   58,  334,  566,  770,  538,  234,  212,  413,  659,
       790,  843,  885, 1036, 1010, 1021, 1222, 1228, 1067, 1167,  998,
       776,  756,  374,  255,  262,  346,  134,  208,  431,  238,    0,
      -108,  -16, -112, -163, -100,  -77,   72,  -11, -301, -395, -313,
      -186, -307, -549, -552, -321, -172, -357, -442, -396, -488, -314,
      -463, -542, -269,  -80, -136, -108,  -33,   39,  221,   39,   66,
        33, -109, -196,  -96,   25,  133,   70,  -85,   38,  164, -135,
       -27,  302,  302,  451,  310,  502,  712,  989,  937,  834,  638,
       645,  808,  725,  606,  525,  359,  189,  397,  308,   64,  134,
       449,
      ... 412 more items
    ],
    Int16Array(512) [
        26, -241, -296, -153, -602, -656, -577, -356, -240, -230, -413,
      -219, -245, -272, -319, -166,  -61, -161, -150,  158,  253,  420,
       268,  247,  262,  235,  125,   52,  120,    2, -123,  -29,   99,
       159,  411,  551,  597,  373,  155, -131, -241, -212, -442, -420,
      -549, -460, -460, -541, -646, -576, -345, -333,  -67, -124, -386,
      -610, -587, -599, -359,  -80,  -56,    0,  -16,    0,   23, -200,
      -281, -382, -428, -155, -136, -168, -192, -405, -553, -366, -341,
       117,  -75, -150, -134,  -67,  137,   61,  348,  277,  294,  344,
       285,  238,  392,  275,   92,  129,  -10, -115,  104,  128,  218,
       318,
      ... 412 more items
    ],
    Int16Array(512) [
      -306, -803, -505, -355, -343, -242,  -82,   20,  332,  342,  193,
       336,  370,  354,  224,  325,  409,  154,  163,  296,  407,  446,
       376,  -16, -209,  200,  508,  722,  987, 1137,  961,  677,  894,
       988, 1086,  972,  907,  976, 1095,  861,  516,  419,  292,  195,
       -57, -255, -403, -196, -220,  124,  335,  385,  191,  255,  405,
       244, -101, -353, -525, -686, -475, -811, -723, -580, -506, -148,
        -5,  151,  103,  172,   51,   41,  539,  923, 1042,  979,  815,
       748,  647,  351,  322,  184,   21,  161, -139, -155, -338, -570,
      -417, -234,   63,  409,  570,  297,  252,  139,  262,  285,  421,
       458,
      ... 412 more items
    ],
    Int16Array(512) [
      -811, -604, -551, -499, -559, -505, -331, -162, -448, -244, -116,
       -62,  494,  547,  425,  552,  578,  343,   63, -191, -202,  -50,
       -16,  -47,    5, -243,   76,   69,   55, -196, -279, -190,   -5,
        35, -153, -166, -470, -553, -698, -453, -678, -898, -628, -367,
      -243,  -23,  139,  430,  405,  183,  318,  380,  180,  317,  622,
       496,  395,  393,  396,  188,   24, -204, -155, -255, -411, -143,
        21,  249,  201,  298,  512,  506,  454,  433,  469,  350,  302,
       257,  156,  231,  -61,  154,  479,  521,  731, 1001, 1122, 1156,
       946,  978,  888,  594,  608,  984, 1005,  644,  958,  839,  688,
       283,
      ... 412 more items
    ],
    Int16Array(512) [
       -358,  -162,    83,   412,   510,   403,   539,   654,   622,
        777,  1015,   977,  1292,  1171,   883,   737,   491,   685,
        622,   689,   267,   516,   401,   712,   961,   951,   833,
        738,   484,   169,   -14,   -89,  -152,    -4,   -96,  -224,
       -557, -1223, -1551, -1873, -1950, -1586, -1600, -1976, -1768,
      -1911, -2065, -2107, -1778, -1822, -1283, -1165, -1263, -1415,
      -1451, -1296, -1413, -1107, -1181, -1129, -1118, -1222, -1055,
       -990,  -749,  -440,   147,   387,   676,   768,   635,   615,
        863,   949,  1217,  1351,  1128,   813,   715,   890,   683,
        639,   502,   504,   251,   317,   407,   408,   189,    52,
         83,   -23,   -60,  -194,  -347,  -312,  -310,  -276,   -95,
        127,
      ... 412 more items
    ],
    Int16Array(512) [
         93,   -70,  129,  136,  228,  -42, -216, -312, -818, -949,
      -1057, -1012, -569, -428, -505, -615, -418, -319, -323, -278,
       -527,  -437, -490, -594, -769, -612, -712, -799, -609, -429,
       -225,  -354, -514, -564, -386,   46,   76,  310,  301,  337,
        361,   248,  270,  359,  233,  531,  577,  543,  438,    6,
        -48,    73, -164, -455, -489, -398, -242,  -96, -141, -293,
        -29,  -202, -226,  -63,  -97, -283, -461, -483, -564, -713,
       -662,  -635, -485, -175,   56,   73, -125, -275,   69,  367,
        598,   698,  861,  875,  566,  651,  748,  856,  961,  771,
        380,   -78,   94,  285,  -72,  -36,   -2,   16,  102,    0,
      ... 412 more items
    ],
    Int16Array(512) [
       1107,   940,   965,   864,   704,   990,   718,   715,   613,
        657,   696,   561,   580,   454,   605,   457,   345,   379,
        345,   124,   240,   374,   360,   150,  -189,  -266,  -133,
       -248,  -153,  -242,  -158,   -61,   -53,  -314,  -465,  -417,
       -293,  -311,  -486,  -435,  -484,  -478,  -430,  -265,  -299,
         49,    -5,    -9,  -241,  -394,  -284,   -30,   105,    -4,
         57,  -331,  -202,  -379,  -235,  -343,  -244,  -219,  -346,
       -792, -1266, -1356, -1075,  -912, -1230, -1471, -1528, -1155,
      -1211,  -991, -1407, -1232, -1140, -1205, -1003,  -976, -1088,
      -1117,  -847,  -647,  -918,  -996, -1062, -1209,  -995, -1116,
       -995, -1137,  -972,  -970,  -725,  -692,  -661,  -265,  -360,
       -168,
      ... 412 more items
    ],
    Int16Array(512) [
      -1046, -1035, -1023, -1332, -1594, -1717, -1458, -1242, -690, -593,
       -473,    20,   230,   286,   138,   193,   322,   776,  904,  745,
        570,   298,    74,   318,   229,   326,   321,   562,  784,  692,
        661,   689,   801,  1022,   834,   763,   740,   777, 1112,  966,
        725,   487,   369,   239,   432,   399,    52,  -219, -511, -622,
       -665,  -669,  -719,  -823,  -572,  -625,  -698,  -786, -681, -553,
       -507,  -333,  -119,  -186,  -356,  -439,  -424,  -689, -840, -494,
       -278,     5,   238,   384,   560,   821,   692,   370,  483,  672,
        760,   997,   883,   752,   399,   155,   153,   226,  363,  240,
        -24,  -134,    -8,   117,   -37,  -122,  -515,  -650, -626, -703,
      ... 412 more items
    ],
    Int16Array(512) [
      -437,  -519, -230,  217,  395,   448,   260,   378,   423,   472,
       599,   443,  834,  984, 1257,  1393,  1050,   714,   447,   405,
       225,    86,  712,  689,  398,   478,   396,   435,   509,   604,
       560,   178,   76, -154, -297,  -422,  -700,  -536,  -602,  -642,
      -925, -1088, -586, -652, -506,  -394,  -318,   166,   317,   432,
       290,   193,  -20,  -63, -120,  -172,   362,   258,   283,   628,
       387,   247, -265, -488, -479,  -287,   249,   568,   537,   433,
       207,   -24,  255,  -84, -264,    -3,   117,  -150,  -296,  -189,
       -29,  -167, -406, -326, -720, -1107, -1072, -1143,  -885,  -637,
      -607,  -525, -248, -127, -261,  -667,  -950, -1148, -1198, -1083,
      ... 412 more items
    ],
    Int16Array(512) [
        233,   -43,  -436,  -426,  -576,  -540,  -264,  -217,   -30,
         68,    89,  -281,  -611,  -783,  -738,  -715,  -279,   -54,
         60,   428,   650,   845,   976,  1210,  1467,  1491,  1495,
       1354,  1305,  1305,  1162,   793,   677,   447,   -51,  -371,
       -516,  -594,  -761,  -647,  -857, -1204, -1382, -1189,  -805,
       -665,  -385,  -327,   -99,  -139,  -119,    20,  -236,  -201,
       -131,  -189,  -438,  -370,  -245,  -427,  -560,  -939, -1197,
      -1535, -1579, -1702, -1657, -1417, -1292, -1306, -1249, -1244,
      -1325, -1231, -1254, -1188, -1278, -1010,  -576,  -117,   350,
        575,   947,  1329,  1469,  1674,  1906,  1938,  1917,  1933,
       1816,  1939,  1481,   981,  1043,   884,   703,   278,  -242,
       -906,
      ... 412 more items
    ],
    Int16Array(512) [
       -486,  -360,  -379,  -532,  -758,  -996, -1164, -1677, -1714,
      -1686, -1194,  -634,  -396,  -168,  -116,    52,    52,    55,
        186,   624,   852,  1130,  1530,  1620,  1829,  2164,  2285,
       2480,  2110,  1596,  1414,  1103,  1208,  1008,   871,  1072,
       1225,  1301,  1067,  1035,   932,   816,   585,   566,   574,
        404,   150,    11,  -250,  -665,  -909, -1235, -1186, -1283,
      -1306, -1172, -1503, -1767, -1906, -2166, -2256, -2566, -2905,
      -2768, -2462, -2185, -1839, -1584, -1664, -1661, -1756, -1447,
      -1215, -1053,  -645,  -527,   106,   992,  1663,  2073,  2283,
       2568,  2949,  3036,  3169,  3369,  3346,  3000,  2663,  2313,
       2094,  1828,  1574,  1498,  1191,   985,   740,   110,  -529,
       -710,
      ... 412 more items
    ],
    Int16Array(512) [
      -1404, -1766, -2223, -2561, -2327, -2310, -2139, -1870, -1688,
      -1496, -1197, -1156, -1291, -1266,  -897,  -194,   442,  1097,
       1451,  1408,  1397,  1625,  1770,  1746,  1931,  2546,  2392,
       1993,  1817,  1593,  1532,  1508,  1495,  1131,   662,   378,
         60,   250,   824,   825,  1000,   764,   360,   -97,  -510,
       -794,  -958,  -836,  -433,  -301,  -403,  -488,  -764,  -992,
      -1498, -1881, -2057, -2060, -1925, -1755, -1530, -1151, -1009,
       -752,  -671,  -951,  -870,  -647,  -257,  -241,  -187,   111,
        446,   739,  1215,  1826,  1955,  2315,  2439,  2588,  2714,
       2519,  2687,  2827,  2629,  2427,  2369,  2418,  2094,  1592,
       1162,   810,   294,   -96,  -272,  -543,  -707,  -924,  -819,
       -612,
      ... 412 more items
    ],
    ... 117 more items
  ],
  recL: Int16Array(111104) [
      -94,   118,    -6,  -169,     2,  -185,  -252,  -428,  -540,
     -696,  -389,  -805,  -767,  -637,  -954,  -982,  -737,  -686,
     -607,  -379,  -455,  -536,  -427,  -468,  -293,    43,   215,
      704,   895,   675,   426,   676,   648,   782,   961,   922,
     1092,   815,   698,   553,   466,   563,   659,   941,  1435,
     1570,  1382,  1503,  1430,  1376,  1308,  1147,  1045,   849,
      238,   -85,  -269,  -321,  -345,  -200,  -223,  -459,  -554,
     -820,  -879,  -957, -1035, -1222, -1235, -1280, -1143, -1128,
    -1152, -1087, -1095,  -620,  -413,  -332,     2,  -116,    56,
      582,   422,   288,   433,   661,   879,  1175,  1406,  1538,
     1525,  1266,  1310,  1394,  1482,  1488,  1507,  1324,  1319,
     1051,
    ... 111004 more items
  ]
}
child stt Received: [
  'stt',
  {
    message: 'stt',
    recC: [
      [Int16Array], [Int16Array], [Int16Array], [Int16Array], [Int16Array],
      [Int16Array], [Int16Array], [Int16Array], [Int16Array], [Int16Array],
      [Int16Array], [Int16Array], [Int16Array], [Int16Array], [Int16Array],
      [Int16Array], [Int16Array], [Int16Array], [Int16Array], [Int16Array],
      [Int16Array], [Int16Array], [Int16Array], [Int16Array], [Int16Array],
      [Int16Array], [Int16Array], [Int16Array], [Int16Array], [Int16Array],
      [Int16Array], [Int16Array], [Int16Array], [Int16Array], [Int16Array],
      [Int16Array], [Int16Array], [Int16Array], [Int16Array], [Int16Array],
      [Int16Array], [Int16Array], [Int16Array], [Int16Array], [Int16Array],
      [Int16Array], [Int16Array], [Int16Array], [Int16Array], [Int16Array],
      [Int16Array], [Int16Array], [Int16Array], [Int16Array], [Int16Array],
      [Int16Array], [Int16Array], [Int16Array], [Int16Array], [Int16Array],
      [Int16Array], [Int16Array], [Int16Array], [Int16Array], [Int16Array],
      [Int16Array], [Int16Array], [Int16Array], [Int16Array], [Int16Array],
      [Int16Array], [Int16Array], [Int16Array], [Int16Array], [Int16Array],
      [Int16Array], [Int16Array], [Int16Array], [Int16Array], [Int16Array],
      [Int16Array], [Int16Array], [Int16Array], [Int16Array], [Int16Array],
      [Int16Array], [Int16Array], [Int16Array], [Int16Array], [Int16Array],
      [Int16Array], [Int16Array], [Int16Array], [Int16Array], [Int16Array],
      [Int16Array], [Int16Array], [Int16Array], [Int16Array], [Int16Array],
      ... 117 more items
    ],
    recL: Int16Array(111104) [
        -94,   118,    -6,  -169,     2,  -185,  -252,  -428,  -540,
       -696,  -389,  -805,  -767,  -637,  -954,  -982,  -737,  -686,
       -607,  -379,  -455,  -536,  -427,  -468,  -293,    43,   215,
        704,   895,   675,   426,   676,   648,   782,   961,   922,
       1092,   815,   698,   553,   466,   563,   659,   941,  1435,
       1570,  1382,  1503,  1430,  1376,  1308,  1147,  1045,   849,
        238,   -85,  -269,  -321,  -345,  -200,  -223,  -459,  -554,
       -820,  -879,  -957, -1035, -1222, -1235, -1280, -1143, -1128,
      -1152, -1087, -1095,  -620,  -413,  -332,     2,  -116,    56,
        582,   422,   288,   433,   661,   879,  1175,  1406,  1538,
       1525,  1266,  1310,  1394,  1482,  1488,  1507,  1324,  1319,
       1051,
      ... 111004 more items
    ]
  },
  undefined
]
stt parent Received:  { message: 'transcription', text: 'Caraca velho Que doido' }
stt parent Received:  { message: 'transcription', text: 'Caraca velho Que doido' }
stt parent Received:  { message: 'transcription', text: 'Caraca velho Que doido' }
child utils received: [ 'completion', 'Caraca velho Que doido' ]
child utils received: [ 'completion', 'Caraca velho Que doido' ]
utils parent Received:  [
  'completion',
  'Parece que você está trabalhando em um projeto interessante com PHP! Se precisar de alguma ajuda ou tiver alguma dúvida específica sobre o código, estou aqui para ajudar.'
]
utils parent Received:  [
  'completion',
  'Parece que você está trabalhando em um projeto interessante com PHP! Se precisar de alguma ajuda ou tiver alguma dúvida específica sobre o código, estou aqui para ajudar.'
]
utils parent Received:  [
  'completion',
  'Parece que você está trabalhando em um projeto interessante com PHP! Se precisar de alguma ajuda ou tiver alguma dúvida específica sobre o código, estou aqui para ajudar.'
]
child stt Received: [
  'tts',
  'Parece que você está trabalhando em um projeto interessante com PHP! Se precisar de alguma ajuda ou tiver alguma dúvida específica sobre o código, estou aqui para ajudar.'
]
child stt Received: [
  'tts',
  'Parece que você está trabalhando em um projeto interessante com PHP! Se precisar de alguma ajuda ou tiver alguma dúvida específica sobre o código, estou aqui para ajudar.'
]
utils parent Received:  [
  'completion',
  'Parece que você está trabalhando em um script PHP para enviar mensagens em cadeia. Se você está enfrentando problemas com a lógica do seu código, talvez seja útil adicionar condições para controlar quando cada mensagem deve ser enviada. Isso pode ajudar a evitar loops infinitos ou envios desnecessários. Se precisar de ajuda específica com o código, sinta-se à vontade para compartilhar mais detalhes!'
]
utils parent Received:  [
  'completion',
  'Parece que você está trabalhando em um script PHP para enviar mensagens em cadeia. Se você está enfrentando problemas com a lógica do seu código, talvez seja útil adicionar condições para controlar quando cada mensagem deve ser enviada. Isso pode ajudar a evitar loops infinitos ou envios desnecessários. Se precisar de ajuda específica com o código, sinta-se à vontade para compartilhar mais detalhes!'
]
utils parent Received:  [
  'completion',
  'Parece que você está trabalhando em um script PHP para enviar mensagens em cadeia. Se você está enfrentando problemas com a lógica do seu código, talvez seja útil adicionar condições para controlar quando cada mensagem deve ser enviada. Isso pode ajudar a evitar loops infinitos ou envios desnecessários. Se precisar de ajuda específica com o código, sinta-se à vontade para compartilhar mais detalhes!'
]
child stt Received: [
  'tts',
  'Parece que você está trabalhando em um script PHP para enviar mensagens em cadeia. Se você está enfrentando problemas com a lógica do seu código, talvez seja útil adicionar condições para controlar quando cada mensagem deve ser enviada. Isso pode ajudar a evitar loops infinitos ou envios desnecessários. Se precisar de ajuda específica com o código, sinta-se à vontade para compartilhar mais detalhes!'
]
child stt Received: [
  'tts',
  'Parece que você está trabalhando em um script PHP para enviar mensagens em cadeia. Se você está enfrentando problemas com a lógica do seu código, talvez seja útil adicionar condições para controlar quando cada mensagem deve ser enviada. Isso pode ajudar a evitar loops infinitos ou envios desnecessários. Se precisar de ajuda específica com o código, sinta-se à vontade para compartilhar mais detalhes!'
]
tts parent Received:  { message: 'TTS_done' }
tts parent Received:  { message: 'TTS_done' }
tts parent Received:  { message: 'TTS_done' }
child speaker Received: play
child speaker Received: play
tts parent Received:  { message: 'TTS_done' }
tts parent Received:  { message: 'TTS_done' }
tts parent Received:  { message: 'TTS_done' }
child speaker Received: play
child speaker Received: play
tts parent Received:  { message: 'TTS_done' }
tts parent Received:  { message: 'TTS_done' }
tts parent Received:  { message: 'TTS_done' }
child speaker Received: play
child speaker Received: play
tts parent Received:  { message: 'TTS_done' }
tts parent Received:  { message: 'TTS_done' }
tts parent Received:  { message: 'TTS_done' }
child speaker Received: play
child speaker Received: play
red child Received: [ 'start' ]
Voice assistant WebSocket server is running on ws://localhost:8000
recorder child Received: start
control parent Received:  started
Received: {"payload":"*pong*","_msgid":"bde7401f94c4f75f"}
red parent Received:  started
aaaaaaaaaaaaa
Control & Red init ok.
Main loop started.
recorder child Received: idle
child speaker Received: play_start
speaker parent Received:  audio_queue_done
red child Received: [ 'start' ]
Voice assistant WebSocket server is running on ws://localhost:8000
recorder child Received: start
control parent Received:  started
Received: {"payload":"*pong*","_msgid":"ed11bc0f59acf6df"}
red parent Received:  started
Control & Red init ok.
Main loop started.
recorder child Received: idle
child speaker Received: play_start
speaker parent Received:  audio_queue_done
red child Received: [ 'start' ]
Voice assistant WebSocket server is running on ws://localhost:8000
recorder child Received: start
control parent Received:  started
Received: {"payload":"*pong*","_msgid":"effb46fae23f32c3"}
red parent Received:  started
Control & Red init ok.
Main loop started.
recorder child Received: idle
child speaker Received: play_start
speaker parent Received:  audio_queue_done
red child Received: [ 'start' ]
Voice assistant WebSocket server is running on ws://localhost:8000
recorder child Received: start
control parent Received:  started
Received: {"payload":"*pong*","_msgid":"e0b9d83b1169db5e"}
red parent Received:  started
Control & Red init ok.
Main loop started.
recorder child Received: idle
child speaker Received: play_start
speaker parent Received:  audio_queue_done
red child Received: [ 'start' ]
Voice assistant WebSocket server is running on ws://localhost:8000
recorder child Received: start
control parent Received:  started
Received: {"payload":"*pong*","_msgid":"1cefb14d39afd620"}
red parent Received:  started
Control & Red init ok.
Main loop started.
recorder child Received: idle
child speaker Received: play_start
speaker parent Received:  audio_queue_done
keyword detected:  0
control parent Received:  record
child speaker Received: play_err
child utils received: [
  'error',
  'Promise rejected without catch:[object Promise] TypeError: handlers.play_sucess is not a function'
]
speaker parent Received:  audio_queue_done
red child Received: [ 'start' ]
Voice assistant WebSocket server is running on ws://localhost:8000
recorder child Received: start
control parent Received:  started
Received: {"payload":"*pong*","_msgid":"1b9c53901c8e49b4"}
red parent Received:  started
Control & Red init ok.
Main loop started.
recorder child Received: idle
child speaker Received: play_start
speaker parent Received:  audio_queue_done
keyword detected:  0
control parent Received:  record
child speaker Received: play_err
child utils received: [
  'error',
  'Promise rejected without catch:[object Promise] TypeError: handlers.play_sucess is not a function'
]
speaker parent Received:  audio_queue_done
Voice assistant Client disconnected
red child Received: [ 'start' ]
Voice assistant WebSocket server is running on ws://localhost:8000
recorder child Received: start
control parent Received:  started
Received: {"payload":"*pong*","_msgid":"904e6609f6e5726c"}
red parent Received:  started
Control & Red init ok.
Main loop started.
recorder child Received: idle
child speaker Received: play_start
speaker parent Received:  audio_queue_done
red child Received: [ 'start' ]
Voice assistant WebSocket server is running on ws://localhost:8000
recorder child Received: start
control parent Received:  started
Received: {"payload":"*pong*","_msgid":"776c8139e082ac1d"}
red parent Received:  started
Control & Red init ok.
Main loop started.
recorder child Received: idle
child speaker Received: play_start
speaker parent Received:  audio_queue_done
Voice assistant Client disconnected
red child Received: [ 'start' ]
Voice assistant WebSocket server is running on ws://localhost:8000
recorder child Received: start
Received: {"payload":"*pong*","_msgid":"ae53cfb6cdcf98e6"}
red parent Received:  started
control parent Received:  started
Control & Red init ok.
Main loop started.
recorder child Received: idle
child speaker Received: play_start
speaker parent Received:  audio_queue_done
red child Received: [ 'start' ]
Voice assistant WebSocket server is running on ws://localhost:8000
recorder child Received: start
control parent Received:  started
Received: {"payload":"*pong*","_msgid":"27d12f43345b0659"}
red parent Received:  started
Control & Red init ok.
Main loop started.
recorder child Received: idle
child speaker Received: play_start
speaker parent Received:  audio_queue_done
red child Received: [ 'start' ]
Voice assistant WebSocket server is running on ws://localhost:8000
recorder child Received: start
Received: {"payload":"*pong*","_msgid":"366318a7d47d2c9a"}
red parent Received:  started
control parent Received:  started
Control & Red init ok.
Main loop started.
recorder child Received: idle
child speaker Received: play_start
speaker parent Received:  audio_queue_done
keyword detected:  0
control parent Received:  record
child speaker Received: play_err
child utils received: [
  'error',
  'Promise rejected without catch:[object Promise] TypeError: handlers.play_sucess is not a function'
]
speaker parent Received:  audio_queue_done
red child Received: [ 'start' ]
Voice assistant WebSocket server is running on ws://localhost:8000
recorder child Received: start
Received: {"payload":"*pong*","_msgid":"b599a7296d8ed734"}
red parent Received:  started
control parent Received:  started
Control & Red init ok.
Main loop started.
recorder child Received: idle
child speaker Received: play_start
speaker parent Received:  audio_queue_done
red child Received: [ 'start' ]
Voice assistant WebSocket server is running on ws://localhost:8000
recorder child Received: start
control parent Received:  started
Received: {"payload":"*pong*","_msgid":"6dc98068f85e9e64"}
red parent Received:  started
Control & Red init ok.
Main loop started.
recorder child Received: idle
child speaker Received: play_start
speaker parent Received:  audio_queue_done
keyword detected:  0
control parent Received:  record
child speaker Received: play_err
child utils received: [
  'error',
  'Promise rejected without catch:[object Promise] TypeError: handlers.play_sucess is not a function'
]
speaker parent Received:  audio_queue_done
Voice assistant Client disconnected
red child Received: [ 'start' ]
Voice assistant WebSocket server is running on ws://localhost:8000
recorder child Received: start
control parent Received:  started
Received: {"payload":"*pong*","_msgid":"18bccfa77ae6ed2f"}
red parent Received:  started
Control & Red init ok.
Main loop started.
recorder child Received: idle
child speaker Received: play_start
speaker parent Received:  audio_queue_done
red child Received: [ 'start' ]
Voice assistant WebSocket server is running on ws://localhost:8000
recorder child Received: start
control parent Received:  started
Received: {"payload":"*pong*","_msgid":"ef5106e56a7d2d22"}
red parent Received:  started
Control & Red init ok.
Main loop started.
recorder child Received: idle
child speaker Received: play_start
speaker parent Received:  audio_queue_done
red child Received: [ 'start' ]
Voice assistant WebSocket server is running on ws://localhost:8000
recorder child Received: start
control parent Received:  started
Received: {"payload":"*pong*","_msgid":"8ff7ef0a7e63f28b"}
red parent Received:  started
Control & Red init ok.
Main loop started.
recorder child Received: idle
child speaker Received: play_start
speaker parent Received:  audio_queue_done
keyword detected:  0
control parent Received:  record
child speaker Received: play_err
child utils received: [
  'error',
  'Promise rejected without catch:[object Promise] TypeError: handlers.play_sucess is not a function'
]
speaker parent Received:  audio_queue_done
red child Received: [ 'start' ]
Voice assistant WebSocket server is running on ws://localhost:8000
recorder child Received: start
Received: {"payload":"*pong*","_msgid":"cb889544fa23806e"}
red parent Received:  started
control parent Received:  started
Control & Red init ok.
Main loop started.
recorder child Received: idle
child speaker Received: play_start
speaker parent Received:  audio_queue_done
Voice assistant Client disconnected
Received: {"payload":"*pong*","_msgid":"7771b92622238922"}
red parent Received:  { payload: '*pong*', _msgid: '7771b92622238922' }
Sending to parent: <Buffer 7b 22 70 61 79 6c 6f 61 64 22 3a 22 2a 70 6f 6e 67 2a 22 2c 22 5f 6d 73 67 69 64 22 3a 22 37 37 37 31 62 39 32 36 32 32 32 33 38 39 32 32 22 7d>
keyword detected:  0
control parent Received:  record
child speaker Received: play_sucess
recorder child Received: record
speaker parent Received:  audio_queue_done
control parent Received:  {
  message: 'stt',
  recC: [
    Int16Array(512) [
      0, 0, 0, 0, 0, 0, 0, 0, 0, 0, 0, 0,
      0, 0, 0, 0, 0, 0, 0, 0, 0, 0, 0, 0,
      0, 0, 0, 0, 0, 0, 0, 0, 0, 0, 0, 0,
      0, 0, 0, 0, 0, 0, 0, 0, 0, 0, 0, 0,
      0, 0, 0, 0, 0, 0, 0, 0, 0, 0, 0, 0,
      0, 0, 0, 0, 0, 0, 0, 0, 0, 0, 0, 0,
      0, 0, 0, 0, 0, 0, 0, 0, 0, 0, 0, 0,
      0, 0, 0, 0, 0, 0, 0, 0, 0, 0, 0, 0,
      0, 0, 0, 0,
      ... 412 more items
    ],
    Int16Array(512) [
         0,    0,    0,    0,    0,    0,    0,    0,    0,    0,    0,
         0,    0,    0,    0,    0,    0,    0,    0,    0,    0,    0,
        -1,    2,   -4,    7,   -9,  252,  502,  598,  547,  517,  554,
       664,  808,  898, 1034, 1079, 1237, 1482, 1702, 2100, 2347, 2363,
      2378, 2307, 2384, 2541, 2570, 2597, 2767, 2710, 2902, 3037, 2982,
      2988, 2855, 2917, 2767, 2760, 2800, 2751, 2939, 3039, 2945, 2990,
      3134, 3372, 3433, 3295, 3047, 2941, 3012, 3122, 3392, 3395, 3403,
      3316, 3386, 3479, 3308, 3328, 3388, 3390, 3406, 3451, 3507, 3469,
      3556, 3618, 3710, 3700, 3776, 3844, 3978, 4138, 4161, 4272, 4340,
      4324,
      ... 412 more items
    ],
    Int16Array(512) [
      1235, 1298, 1332, 1467, 1577, 1656, 1608, 1441, 1330, 1293,
      1157, 1021, 1039, 1022, 1249, 1349, 1421, 1390, 1262, 1071,
      1124, 1008,  874,  876,  790,  873,  801,  849,  924,  926,
       888, 1031,  954,  795,  799,  655,  687,  887, 1021, 1022,
      1110, 1021,  978,  877,  861,  951,  920, 1007, 1105, 1158,
      1231, 1346, 1481, 1430, 1345, 1343, 1419, 1498, 1596, 1648,
      1708, 1749, 1701, 1623, 1498, 1466, 1442, 1429, 1253, 1172,
      1014, 1069, 1153, 1097, 1129, 1103, 1059,  821,  695,  729,
       612,  634,  715,  746,  858,  957, 1035, 1005, 1023,  920,
       896,  835,  837,  762,  874, 1015, 1113, 1133, 1063, 1137,
      ... 412 more items
    ],
    Int16Array(512) [
        76,   83,  -43, -113,   20,  113,  270,  339,  229,   29,   95,
       213,  419,  739,  706,  720,  581,  478,  489,  448,  400,  517,
       398,  294,  212,  283,   20, -148, -248, -275, -348, -276, -367,
      -433, -336, -225, -170, -266, -281, -227, -100,  -51,  -37,  174,
       275,   77, -325, -485, -509, -376, -241, -199, -271, -478, -330,
      -195, -150, -123,  -90,  -48,  183,  412,  384,  342,  126,  231,
       299,  276,  100, -117, -232, -134, -136,  -63,   91,  -11,  -64,
        30,   65,  138,  220,  186,  274,  187,  -67,   82,  105,   -3,
        30,  151,  341,  300, -136, -285,   20,  505,  660,  640,  476,
       395,
      ... 412 more items
    ],
    Int16Array(512) [
       276,  129,  150,  102,  192,  306,  357,  395,  393, 414,  485,
       529,  540,  659,  778,  929,  824,  635,  569,  563, 451,  339,
       449,  390,  399,  351,  301,  365,  292,  273,  251, 174,  204,
       271,  203,   81,  -74,   29,   44,   82,  174,  150, 185,   99,
        79,  194,  185,  181,   -5,    3,  124,   84,   27,  39,   -1,
      -178, -304, -241, -258, -307, -248,  -89,    0,   20, -42, -140,
      -243, -321, -234, -160, -183, -129,  -78, -208, -201, -28, -104,
       -84,   -8,   14,   47,   59,  204,  248,  312,  276, 238,  182,
       200,  260,  237,  224,  105,  -76, -228, -172, -176, -82,  -68,
      -241,
      ... 412 more items
    ],
    Int16Array(512) [
       361,  268,  373,  466,  428,  442,  406,  435,  466,  532,  617,
       650,  605,  496,  327,  216,  139,  188,  208,  107,  129,  190,
       105,   18,   51,   62,  203,  250,  271,  276,  230,  127,   28,
       170,  174,  124,  132,  190,  153,  164,   63,   31,  -20,  -45,
       -26,  -95,  -41, -126, -138, -168, -199, -236, -400, -543, -436,
      -280, -255, -274, -291, -324, -405, -433, -419, -449, -452, -395,
      -400, -360, -345, -227,  -97,  -16,  -65, -281, -326, -368, -396,
      -504, -390, -245, -233, -238, -319, -349, -423, -512, -650, -436,
      -476, -455, -434, -565, -607, -407, -271, -318, -316, -365, -507,
      -534,
      ... 412 more items
    ],
    Int16Array(512) [
        82,   48,  17,  186,  388,  332,  377,  388,  381,  313,  370,
       256,  307, 275,  204,  117,  -43,  -37,   81,  178,  226,  223,
       186,  143,  39,  113,  219,  222,  319,  330,  299,  409,  309,
       292,  403, 401,  310,  374,  335,  257,  173,  163,  287,  244,
       210,  171, 104,   69,  211,  203,  146,   99,  114,  167,  158,
       193,  300, 334,  160,  149,  165,   70,  -24,  -82, -166, -193,
      -110,   47, -79, -102,   21,   99,   68,   35,  110,    3,  -85,
      -179, -140, -21, -115, -170,  -50,   46,  126,  136,  131,    1,
      -136,  -77,   0,    7,  -51, -108, -248, -103, -164, -212, -251,
      -436,
      ... 412 more items
    ],
    Int16Array(512) [
      500, 530, 615,  483, 380, 475, 527, 586, 585, 584, 470,
      309, 208, 196,  233, 320, 172, 164, 249, 318, 399, 410,
      390, 328, 294,  276, 321, 416, 474, 503, 592, 828, 872,
      882, 735, 571,  498, 469, 448, 504, 633, 646, 741, 797,
      825, 848, 969, 1091, 961, 911, 824, 802, 716, 627, 513,
      273, 171, 315,  235, 262, 341, 492, 606, 605, 505, 470,
      378, 344, 241,  203, 230,  90,  54, -42, -38,  -6,  80,
      159, 181, 105,   52, 112, 222, 124, 117, 135,  75,  -1,
       35,  71,  11,   38,  81, -48, 105, 243, 300, 418, 386,
      226,
      ... 412 more items
    ],
    Int16Array(512) [
      -220, -416, -523, -442, -387, -268, -212, -203, -364, -322, -128,
       117,  225,  241,  171,   89, -112, -325, -416, -345, -369, -264,
      -157,  -49,   57,  -98, -236, -312, -368, -340, -198,  -99, -170,
       -38,   96,  218,  382,  606,  665,  537,  532,  631,  573,  579,
       667,  490,  310,  143,  276,  103,  107,  129,  201,  167,  177,
       243,  258,  399,  399,  179,  -51, -242, -202, -191, -455, -613,
      -391,   26,  275,  296,  272,   96,    0,  -22, -143, -253, -246,
       -99,  -60,  143,   58,   89,  148,   82,   27, -140, -272, -348,
      -130,   38,  294,  363,  297,  255,  -48, -220, -382, -265, -199,
       -32,
      ... 412 more items
    ],
    Int16Array(512) [
      126,  98,  125,  115, -96, -330, -386, -399, -266, -57, 177,
      274, 385,  406,  236, 208,  242,  347,  321,   81, 139, 100,
       97, -63, -159, -186, -70,  328,  436,  452,  414, 390, 220,
      130, 177,  288,  239, 109,   92,   65,   13, -116,  -4, 205,
      215, 212,  226,  270, 244,  260,  348,  402,  449, 437, 536,
      588, 469,  439,  449, 397,  281,  223,  223,  180, 216, 201,
      171, 240,  171,  317, 485,  438,  288,  267,  163, 146, 274,
      445, 482,  423,  441, 362,  337,  132,  137,  157, 221, 336,
      386, 353,  361,  421, 299,  324,  366,  484,  486, 507, 667,
      877,
      ... 412 more items
    ],
    Int16Array(512) [
        33,  95, 148, 146,    8, -176, -199, -163,  -14,   27,   75,
       181, 286, 219,  87,   19,  -36,  -93,   45,  243,  296,  237,
       196, 105,  43,  29,   -5,  -69,  -84,  -77, -191,  -31,   31,
       223, 218,  53, -11,  -13,  -10, -130, -251, -165,   44,   -1,
        68, -83, -79,  10,  -43,   39,  151,   56, -148, -200, -183,
      -131,  56, 297, 459,  450,  409,  458,  360,  338,  151,   89,
       150,  84, -55, -63, -216, -139,  208,  169,   94,  131,  187,
       246, 370, 431, 341,  169,  163,  185,  266,  352,  475,  458,
       416, 433, 475, 470,  527,  474,  430,  551,  551,  538,  587,
       701,
      ... 412 more items
    ],
    Int16Array(512) [
       -26,   -9,  -91, -140, -219, -312, -512, -541, -437, -346, -217,
      -260, -328, -306, -360, -296, -221, -270, -192, -143, -135, -176,
      -133, -208, -300, -318, -358,  -75,  156,   66,  -29,  102,   25,
       -67,  199,  299,  149,   17,  104,  -12, -154, -218, -202,  -75,
        -8,   78,  200,  254,   18, -228, -211, -283, -261, -330, -321,
      -241, -245, -255, -267, -234, -236, -152, -288, -384, -397, -179,
        80,   79,  130,  223,  200,   69,  -30,  -28,   -4, -110, -254,
      -276, -154, -199, -102,    7,   95,   60, -144, -292, -392, -367,
      -106,   79,  118,  300,  314,  297,  139,  213,  100,  122,  181,
        18,
      ... 412 more items
    ],
    Int16Array(512) [
      -272, -222, -137,   -1,   66,  167,  253,  451,  490,  392,  288,
       148,  143,  250,  337,  435,  415,  372,  325,  258,  215,    8,
       -96, -158, -152, -194, -167, -258, -199, -102,   -7,   12,   -6,
       117,  143,  209,  271,  202,  107,  146,   46,  111,   59,    3,
       -44,   18,    9,  -60, -180, -334, -318, -132,   66,  215,  448,
       381,  133, -166, -226, -155,  -24,   40,  202,  292,  258,  210,
       139,  135,  172,  170,  144,  134,    4,  -64, -132, -262, -259,
      -122,  -53,   63,   27,   27,    9,   15,  110,   78,   10,   78,
       138,  181,  181,  272,  306,  200,  208,  209,  121,  255,  352,
       474,
      ... 412 more items
    ],
    Int16Array(512) [
      -108, -119, -119, -186, -239, -359, -438, -501, -398, -247, -277,
      -361, -514, -547, -573, -629, -755, -679, -533, -516, -466, -500,
      -275, -171, -152,   22,  229,  274,  295,  330,  245,  186,   69,
        51,  144,  126,  162,   85, -140, -156,    5,  138,  135,  253,
       270,  170,  123,  173,  101,   -3,  112,  162,  129,    2, -294,
      -534, -447, -351, -400, -395, -377, -394, -346, -355, -381, -395,
      -403, -380, -313, -167,   69,  125,  142,  267,  108,   60,  -37,
       -63,    6,  -51, -119, -131, -209, -249, -225, -180, -249, -355,
      -319, -381, -302, -186, -172,  -11,   40,  -15, -131, -427, -342,
      -218,
      ... 412 more items
    ],
    Int16Array(512) [
      -626, -713, -875, -916, -940, -767, -661, -592, -483, -478, -459,
      -287, -199, -205,  -32,  -47,  -45, -138, -202, -221, -404, -485,
      -500, -523, -509, -541, -571, -654, -517, -420, -292, -162,   32,
       -34,  -30,   66,  128,  195,  216,  229,   71,  194,  405,  412,
       270,  206,   91, -128, -209, -190,  -85,  -88,  -37,    4,   25,
         4,   14,  -50, -100,  101,  237,  151,   74,  111,   -9, -152,
      -322, -436, -477, -478, -571, -608, -614, -455, -237,   10,  138,
         4,  -10,  -90, -174, -324, -340, -311, -275,  -93,  -97, -222,
      -310, -256, -369, -489, -401, -363, -409, -414, -362, -213, -103,
        57,
      ... 412 more items
    ],
    Int16Array(512) [
       118,  309,  314,  404,  348,  245,   47,   18,  -38, -219, -373,
      -319, -284, -480, -542, -569, -515, -504, -509, -473, -419, -383,
      -382, -310, -343, -445, -311, -248, -197, -175, -154,  -80, -128,
      -156, -167, -190, -176, -124,  -74,   -2,  108,  229,  259,  214,
       150,  163,  208,  157,   78,   30, -103, -189, -124,  -52,  126,
       127,  178,  229,  165,  139,   61,   45,  -15,  -29, -167,  -75,
        51,   -7,   38,   12, -173, -279, -288, -316, -209, -130, -182,
      -233, -190,  -54,  -39,  -71, -217, -412, -494, -520, -473, -261,
      -108, -156, -160,   27,  133,  214,  290,  381,  349,  258,  149,
        80,
      ... 412 more items
    ],
    Int16Array(512) [
        85,  -55,   58,  145,  253,   334,  454,  476,  253,
        74,   33,   66,   80,  157,   296,  309,  103,  -72,
      -224, -334, -381, -421, -592,  -735, -611, -490, -392,
      -449, -549, -681, -733, -697,  -560, -393, -352, -328,
      -228, -190, -287, -488, -805, -1029, -909, -795, -727,
      -715, -612, -514, -368, -298,  -252, -400, -555, -466,
      -505, -558, -440, -457, -594,  -411, -236, -195, -144,
      -204, -343, -536, -530, -589,  -528, -334, -224, -102,
       111,  139,    1,  -32, -145,  -180, -269, -151, -177,
      -174, -282, -180,   76,  -10,  -110, -204, -362, -449,
      -374, -227,  -77, -123,  -74,   -95,    7,  -78, -322,
      -525,
      ... 412 more items
    ],
    Int16Array(512) [
       866,  773,  750,  782,  712,  547,  385,  439,  451,  242,  117,
        41,   85,  151,  172,  136,   23, -159, -170, -131, -112, -190,
      -209,  -45,  177,   97,   71,  -16, -282, -233, -110,   91,  199,
        49,  172,  211,   55,   73,  107,  149,  -17, -228, -299, -325,
      -344, -282, -166, -177,  -86, -126, -270, -470, -477, -338, -320,
      -347, -262,   -3,  -43,    3,  120,   41,  -53, -163, -106, -150,
      -187,  -13,   86,  -38, -212, -265, -170, -145,  -49,  141,  213,
       246,  154,   -9, -167, -306, -153,  -29,  -88, -122,   21,  179,
       242,  285,   92, -187, -532, -559, -426, -300, -220, -251, -391,
      -483,
      ... 412 more items
    ],
    Int16Array(512) [
       1314,  1065,   824,   564,   213,     0,  -394,  -831, -1035,
      -1162, -1093,  -767,  -620,  -702,  -733,  -608,  -308,   -73,
        131,   325,   630,   930,  1245,  1603,  1790,  1729,  1551,
       1609,  1697,  1701,  1620,  1510,  1029,   575,   438,   212,
       -141,  -696,  -906, -1055, -1271, -1247, -1075, -1055, -1118,
      -1094,  -831,  -524,  -340,   -56,   178,   494,   915,  1344,
       1655,  1595,  1270,   984,   827,   893,   921,   933,   664,
        250,    95,    65,   -93,  -355,  -638,  -862, -1247, -1380,
      -1225, -1126, -1220, -1390, -1189,  -904,  -571,  -252,  -133,
         46,   461,   922,  1226,  1403,  1492,  1473,  1279,  1374,
       1445,  1394,  1334,   957,   490,   205,  -115,  -471,  -802,
      -1148,
      ... 412 more items
    ],
    Int16Array(512) [
       1036,  1116,  1127,  1097,  1087,  1162,  1301,  1247,  1269,
       1005,   726,   574,    92,  -268,  -637,  -914, -1048, -1250,
      -1188, -1046, -1008,  -965,  -844,  -635,  -411,   -77,   335,
        663,   940,  1173,  1511,  1683,  1642,  1682,  1716,  1728,
       1706,  1713,  1523,  1262,   793,   374,    57,  -231,  -526,
       -763,  -938, -1165, -1167, -1172, -1040,  -971, -1032, -1118,
      -1098, -1023,  -755,  -517,  -120,   251,   656,   852,  1100,
       1235,  1246,  1250,  1126,  1148,  1166,   974,   722,   448,
        187,  -107,  -429,  -855, -1271, -1647, -1883, -1829, -1824,
      -1960, -1892, -1840, -1728, -1461, -1235,  -924,  -584,  -153,
        396,   835,  1012,  1133,  1086,   980,   918,   742,   620,
        507,
      ... 412 more items
    ],
    Int16Array(512) [
      -894, -750,  -563,  -342,  -102,    66,   309,   649,  874,
      1116, 1079,   904,   749,   702,   670,   797,   690,  508,
       413,  282,   247,   -46,  -177,  -295,  -522,  -669, -592,
      -523, -485,  -414,  -401,  -319,  -124,   185,   374,  551,
       720, 1011,  1212,  1409,  1462,  1483,  1624,  1629, 1761,
      1712, 1694,  1584,  1269,  1018,   767,   410,    47, -295,
      -580, -933, -1210, -1157, -1174, -1161, -1204, -1142, -875,
      -598, -253,   -50,   278,   621,   961,  1349,  1732, 1800,
      1621, 1538,  1573,  1619,  1414,  1260,   988,   701,  459,
       203,    9,  -220,  -459,  -693,  -970,  -968,  -919, -800,
      -700, -684,  -551,  -275,   132,   301,   505,   578,  890,
      1110,
      ... 412 more items
    ],
    Int16Array(512) [
      -2529, -4692, -4676, -4416, -4391, -4404, -4339, -3569, -2915,
      -1496,   552,  2735,  3074,  2917,  3092,  3355,  3828,  3186,
       2768,  1926,    77, -2062, -2549, -2082, -2007, -2186, -2786,
      -2522, -1972, -1374,   -34,  1881,  2739,  2252,  2233,  2404,
       2775,  2403,  1638,  1151,   -37, -2045, -3177, -2590, -2100,
      -1956, -2205, -2108, -1154,  -403,  1069,  3145,  4551,  4249,
       4029,  4131,  4185,  4118,  2924,  1997,   449, -1871, -3879,
      -4190, -3800, -3864, -3967, -4258, -3405, -2461, -1171,  1021,
       3150,  3643,  3216,  3503,  3941,  4606,  4339,  3646,  2611,
        788, -1178, -1861, -1411, -1610, -1927, -2449, -2374, -1779,
      -1173,    81,  1996,  3056,  2654,  2461,  2392,  2488,  2101,
       1088,
      ... 412 more items
    ],
    Int16Array(512) [
      -1058,  -696,  -588,  -893, -1095,  -574,  -170,   -81,   407,
        895,   498,   104,  -183,  -135,  -103,  -776, -1265, -1652,
      -2004, -2453, -2022, -1206,  -825,  -339,  -251,   199,   669,
        987,  1508,  2276,  2375,  1763,  1366,   899,   856,   424,
       -317,  -922, -1555, -2515, -2885, -2374, -1990, -1763, -2032,
      -1714,  -900,  -158,   474,  1191,  2032,  1932,  1766,  1578,
       1621,  1597,  1027,   435,   -22,  -443,  -911,  -456,  -121,
        -58,  -290,  -715,  -255,   188,   489,   790,  1138,   731,
        275,    82,  -136,   150,  -156,  -558,  -835, -1081, -1533,
      -1479,  -770,  -257,   241,   354,   626,  1125,  1483,  1845,
       2465,  2824,  2257,  1789,  1111,  1002,   791,    64,  -568,
      -1133,
      ... 412 more items
    ],
    Int16Array(512) [
        293,   542,   646,   998,  1583,  2099,  2615,  2776,  1930,
       1235,   558,   290,    54,  -430,  -927, -1539, -2218, -2894,
      -2677, -2172, -1505, -1100, -1089,  -870,  -203,   573,  1148,
       1745,  1459,  1059,   815,   672,   918,   590,   -14,  -606,
       -872, -1337, -1165,  -588,  -289,   113,    51,   182,   567,
       1115,  1420,  1674,  1463,   681,   -19,  -625,  -695,  -773,
      -1002, -1398, -1675, -1800, -1768,  -998,  -257,   603,  1025,
       1301,  1771,  2212,  2741,  3068,  3418,  2777,  2060,  1311,
        950,   635,    86,  -516, -1283, -1804, -2315, -2139, -1583,
      -1067,  -490,  -114,   179,   692,  1260,  1655,  2243,  2174,
       1576,  1199,   705,   619,   599,   437,   -23,  -365,  -833,
       -975,
      ... 412 more items
    ],
    Int16Array(512) [
       -680,  -187,   433,  1037,  1636,  1955,  1601,  1239,   841,
        754,   644,   261,  -121,  -676, -1040, -1244,  -900,  -399,
         18,    81,   -41,    12,   218,   536,   760,  1061,   652,
         10,  -510,  -857,  -981, -1099, -1405, -1813, -2059, -2209,
      -1740, -1002,  -504,   -24,   275,   634,   979,  1442,  1706,
       2001,  2190,  1657,  1138,   418,  -101,  -348,  -889, -1600,
      -2152, -2576, -2801, -2373, -1843, -1466, -1323, -1102,  -708,
       -275,   287,   736,  1196,  1259,   973,   691,   510,   319,
        -16,  -245,  -656, -1066, -1471, -1452,  -988,  -500,  -220,
       -145,  -107,    90,   488,   661,   904,   843,   479,   128,
       -208,  -217,  -175,  -467,  -853, -1084, -1203, -1360, -1130,
       -528,
      ... 412 more items
    ],
    Int16Array(512) [
       -181,    46,   337,   443,   176,    36,  -223,  -311,  -521,
       -772, -1102, -1310, -1505, -1513, -1053,  -592,     0,   386,
        651,   905,  1111,  1420,  1743,  2037,  1853,  1518,   943,
        538,   153,  -357,  -786, -1257, -1662, -2073, -1877, -1404,
      -1027,  -716,  -585,  -334,    50,   255,   463,   842,   964,
        712,   440,   183,   199,   146,  -156,  -597,  -935, -1349,
      -1310,  -983,  -578,  -216,  -116,   -88,  -161,  -127,    21,
        183,   360,   106,  -313,  -602,  -679,  -768, -1009, -1330,
      -1573, -1636, -1742, -1481, -1102,  -529,  -310,   -96,   320,
        667,  1052,  1372,  1654,  1617,  1320,   940,   615,   273,
       -146,  -599, -1072, -1587, -1951, -2004, -1731, -1507, -1335,
      -1258,
      ... 412 more items
    ],
    Int16Array(512) [
       1959,  1929,  1641,  1290,   917,   549,   234,  -118,  -694,
      -1205, -1486, -1825, -1724, -1450, -1035,  -765,  -597,  -150,
        360,   900,  1174,  1406,  1330,   923,   542,   316,   350,
        248,   189,    28,  -429,  -717,  -679,  -474,  -142,   180,
        409,   571,   562,   624,   695,   919,   753,   312,    25,
       -248,  -334,  -556,  -620,  -796, -1002, -1170,  -955,  -381,
        162,   558,   645,   757,   869,  1193,  1375,  1661,  1795,
       1520,  1117,   631,   187,  -286,  -692, -1178, -1627, -1979,
      -2244, -2286, -2050, -1774, -1364, -1127,  -705,  -204,   318,
        819,  1034,  1106,   969,   991,  1000,   904,   737,   494,
        152,  -169,  -282,  -280,   -76,   143,   331,   345,   226,
        258,
      ... 412 more items
    ],
    Int16Array(512) [
        868,   839,   833,   865,   641,   494,   109,  -181,  -401,
       -650,  -643,  -475,  -522,  -554,  -410,  -253,     1,   260,
        236,   154,    20,  -324,  -530,  -657,  -758,  -911, -1031,
      -1269, -1482, -1627, -1323,  -840,  -337,   -77,   -13,   152,
        461,   921,  1200,  1509,  1484,  1128,   750,   545,   418,
        130,   -83,  -500,  -765, -1166, -1256, -1028,  -859,  -633,
       -438,  -389,  -241,   -25,   275,   614,   817,   808,   680,
        767,   818,   795,   655,   606,   403,    17,  -227,  -441,
       -520,  -552,  -545,  -412,  -424,  -503,  -511,  -440,  -305,
       -435,  -505,  -624,  -813,  -894, -1053, -1180, -1304, -1346,
      -1296, -1136,  -692,  -264,    28,   181,   432,   634,   821,
       1106,
      ... 412 more items
    ],
    Int16Array(512) [
        276,    77,  -166,  -230,  -462, -667,  -742,  -746,  -547,
       -270,   122,   235,   421,   585,  616,   580,   571,   635,
        471,   317,   113,  -127,  -336, -615,  -901, -1201, -1499,
      -1496, -1474, -1383, -1222, -1138, -926,  -644,  -306,    97,
        419,   592,   717,   732,   609,  343,   309,   276,   210,
        170,   113,   -44,  -163,  -130,  -59,    99,   163,   185,
        315,   363,   450,   701,   736,  476,    50,  -115,  -323,
       -258,  -225,  -352,  -523,  -630, -713,  -596,  -215,    -9,
        126,   381,   759,  1055,  1310, 1301,  1214,   986,   874,
        792,   646,   396,    20,  -320, -725, -1046, -1331, -1298,
      -1097,  -918,  -858,  -694,  -552, -481,  -176,   278,   693,
        821,
      ... 412 more items
    ],
    Int16Array(512) [
        88, -264, -553, -803, -899, -807, -649, -619, -658, -518, -333,
      -115,  308,  632,  864,  970,  984,  988,  806,  623,  514,  397,
       235,   70, -103, -167,  -79,   46,   87,  124,  247,  286,  389,
       283,  193,  168,   -1, -135, -400, -537, -583, -596, -589, -634,
      -743, -844, -736, -648, -352, -251, -133,   50,  218,  548,  789,
       920, 1104,  916,  501,  215,  -86, -257, -351, -613, -743, -804,
      -918, -739, -545, -394, -238, -116,    4,  182,  286,  410,  590,
       765,  711,  536,  453,  231,  137,  -31,  -66, -149, -273, -136,
      -105, -116, -152, -196, -162, -172,    0,  182,  453,  500,  302,
       114,
      ... 412 more items
    ],
    Int16Array(512) [
         44,    58,    73,  189,  250,  184,    88,    32,   106,
        128,   161,   365,  517,  613,  493,   198,   -87,  -263,
       -295,  -286,  -279, -327, -426, -483,  -209,    31,   346,
        613,   880,  1091, 1221, 1219, 1264,  1316,  1023,   570,
        322,   144,   -99, -367, -687, -925, -1101, -1149, -1270,
      -1287, -1186, -1161, -849, -527, -204,    24,   215,   434,
        509,   416,   160,  -47, -356, -583,  -605,  -602,  -504,
       -468,  -414,  -377, -439, -417, -630,  -635,  -504,  -315,
       -331,  -329,  -241, -317, -360, -357,  -245,  -308,  -425,
       -581,  -729,  -765, -722, -640, -400,  -227,  -165,   -57,
         13,   251,   493,  654,  655,  451,   101,  -194,  -469,
       -723,
      ... 412 more items
    ],
    Int16Array(512) [
       -31,   74,  249,   525,  801,  917,  918,  868, 1032, 1156,
       992,  900,  845,   629,  415,  181,  141,  123,    2, -290,
      -366, -465, -535,  -416, -219,  -19,  121,  268,  443,  653,
       826, 1012, 1053,   906,  871,  776,  656,  358,  125,   11,
       -64,  -56,  -79,    78,  208,  326,  413,  314,  267,  146,
        74,  147,   10,  -114, -292, -436, -485, -310, -191, -245,
      -398, -490, -339,  -217,   47,  371,  495,  567,  594,  573,
       757,  948, 1011,  1037,  999,  731,  363,   10, -298, -431,
      -547, -660, -890, -1054, -972, -763, -517, -281,  -65,  106,
       370,  559,  806,   816,  769,  691,  519,  153,  -76, -219,
      ... 412 more items
    ],
    Int16Array(512) [
      -354, -224, -108, -136,  -47,  259,  526,  726,  951, 1104,  961,
       826,  668,  640,  538,  464,  352,  213,  116,  139,  158,  229,
       429,  515,  575,  574,  555,  455,  394,  444,  562,  422,  296,
       126,   96,  -50, -262, -389, -425, -318,  -82,  217,  529,  872,
       957,  858,  864,  893, 1026, 1043,  853,  815,  620,  452,  298,
        91, -177, -306, -528, -608, -668, -650, -471, -521, -371, -119,
        86,  294,  631,  805,  819,  680,  450,  344,  218,  106,   47,
       -91, -274, -412, -447, -433, -322, -231, -245, -116, -155, -127,
       -41,   36,  160,  206,  106,  124,  230,  103,   -2, -200, -501,
      -542,
      ... 412 more items
    ],
    Int16Array(512) [
      -403, -236, -203, -221, -257, -325, -332, -318, -376, -417, -331,
      -211, -146, -170, -342, -438, -464, -337, -168,  105,  338,  476,
       587,  741,  721,  642,  617,  641,  319,  125,   -3, -285, -419,
      -492, -525, -712, -850, -912, -779, -789, -792, -623, -416, -419,
      -385,  -65,  305,  400,  500,  506,  493,  369,  269,  216,  234,
       198,  152,  -45,  -14,   93,  104,  264,  296,  300,  347,  477,
       324,  320,  334,  201,   45,  -34,  -37,  -61, -133, -323, -372,
      -452, -308, -216,  -95,  118,  200,  272,  450,  661,  842,  871,
       879,  661,  366,  190,   -5,   27,  -86, -325, -470, -586, -846,
      -823,
      ... 412 more items
    ],
    Int16Array(512) [
       474,  500,  593,  796,  921,  974,  725,  549,  297,  -31, -351,
      -590, -813, -873, -794, -840, -741, -586, -569, -512, -380, -222,
      -141,   30,  191,  400,  447,  274,  346,  339,  469,  425,  492,
       506,  466,  464,  373,  268,  137,  214,  426,  523,  559,  730,
       709,  675,  464,  375,  228,  258,  206,  220,  184,  174,  159,
       283,  417,  239,  262,  422,  577,  518,  544,  625,  845,  947,
       743,  832,  730,  663,  539,  205,  -74, -270, -331, -354, -337,
      -371, -179,  -41,   51,  227,  291,  300,  300,  360,  444,  408,
       456,  495,  499,  340,  267,  284,  395,  375,  378,  246,   29,
       -12,
      ... 412 more items
    ],
    Int16Array(512) [
        653,   587,   533,   727,  860,   698,  627,  598,   590,
        575,   357,    31,  -143,  -81,  -162, -176, -326,  -281,
       -259,  -164,   -65,     0,   -1,  -203, -200, -204,  -308,
       -512,  -826, -1105, -1000, -974,  -960, -866, -831,  -752,
       -825,  -724,  -529,  -482, -547,  -716, -550, -399,  -303,
       -295,  -310,  -570,  -714, -780, -1010, -993, -996, -1048,
      -1102, -1163, -1241, -1030, -859,  -795, -476, -216,    54,
        160,   199,     5,   -51,  -66,  -116, -107, -267,  -355,
       -478,  -607,  -474,  -305, -254,  -184,  -86, -213,  -181,
       -196,  -106,   -86,  -119,    5,   174,  191,  100,   -52,
       -194,  -256,  -343,  -202,  -71,   -62,  166,  198,   122,
        308,
      ... 412 more items
    ],
    Int16Array(512) [
       -1797, -1468, -1008,  -698,  -584,  -487,   -406,   -189,
         -48,   138,   270,   437,   530,   442,    205,    284,
         429,   566,   441,   218,  -100,  -422,   -476,   -549,
        -550,  -697,  -715,  -784,  -679,  -546,   -282,    -16,
         149,   149,   230,   428,   844,  1322,   1828,   2160,
        2385,  2612,  2690,  2753,  2570,  2546,   2585,   2703,
        2658,  2625,  2352,  2192,  2001,  1736,   1513,   1594,
        1702,  1811,  1807,  1960,  2178,  2003,   1755,   1653,
        1797,  1990,  2115,  2171,  2100,  2128,   2137,   2662,
        3334,  3778,  4141,  4481,  4753,  5377,   5962,   6735,
        7584,  8091,  8543,  7561,  5353,  1384,  -2090,  -3357,
       -2570,  -965,  -371, -1919, -4933, -8256, -10361, -10767,
      -10457, -9833, -9504, -9337,
      ... 412 more items
    ],
    Int16Array(512) [
       12048,  13672,  14339,  14100,   9893,   2084,  -5626,  -9836,
       -9184,  -8104,  -8766, -11210, -12456, -12638, -12416, -12943,
      -13528, -13597, -14467, -16024, -18609, -19433, -17722, -14064,
       -9553,  -6571,  -4230,  -2247,     50,   2463,   3745,   4103,
        4341,   4603,   4050,   3429,   3814,   6578,  10148,  12529,
       12568,  11283,  10253,   8993,   7124,   4273,   1578,   -588,
       -2277,  -3849,  -5276,  -5520,  -4605,  -3453,  -3336,  -4488,
       -6453,  -7707,  -8495,  -9278, -10315, -11316, -11074, -10381,
       -9613,  -8769,  -7382,  -4989,  -3043,  -2496,  -2873,  -2917,
       -2025,   -836,   -263,    134,    569,   1354,   2668,   3699,
        4638,   5405,   6115,   6093,   4831,   2807,   1044,    -30,
        -491,  -1190,  -1923,  -2279,  -1965,  -1295,   -769,   -294,
         184,    864,   1001,    632,
      ... 412 more items
    ],
    Int16Array(512) [
       4816,  5349,  5553,  5396,  5191,  5006,  4768,  4218,  3540,
       2752,  2027,  1371,   584,   124,  -135,  -318,   -67,   454,
       1152,  1783,  2281,  2857,  3106,  3115,  3054,  2803,  2489,
       1966,  1510,  1050,   592,   216,    96,    14,    77,   374,
        739,  1283,  1794,  2519,  2863,  3114,  3033,  2802,  2461,
       2201,  1772,  1181,   748,   394,   326,   440,   790,  1384,
       2054,  2596,  3173,  3590,  4150,  4654,  4713,  4544,  3877,
       3092,  2352,  1511,   904,   604,   211,  -117,  -441,  -776,
       -744,  -807,  -552,  -494,  -562,  -880, -1444, -1815, -2544,
      -3219, -4005, -4515, -4962, -5491, -6244, -6654, -6712, -6375,
      -6063, -5747, -5114, -4192, -3655, -3421, -3043, -2490, -2158,
      -2060,
      ... 412 more items
    ],
    Int16Array(512) [
      -733, -681, -735,  -681,  -603, -607, -572, -352, -158,  -25,
       347,  641,  883,   966,   979, 1053, 1125, 1097,  967,  903,
       765,  692,  584,   453,   365,  196,  149,  145,   45,   -2,
        -9, -215, -418,  -446,  -554, -690, -750, -754, -685, -785,
      -773, -911, -989, -1127, -1034, -831, -556, -258,   74,  435,
       545,  723,  833,   936,   907,  870,  790,  748,  573,  443,
       420,  434,  509,   533,   722,  734,  666,  763,  863,  665,
       358,  336,  276,   236,   196,   68,    6, -107, -329, -579,
      -605, -376, -270,   -40,    -3, -152, -352, -513, -459, -454,
      -457, -460, -371,  -311,  -115,   80,  331,  402,  189,  174,
      ... 412 more items
    ],
    Int16Array(512) [
        -507,   -427,   -351,   -288,  -193,  -364,  -436,   -523,
        -547,   -567,   -699,   -613,  -661,  -755,  -780,   -939,
        -978,   -866,   -799,   -712,  -663,  -491,  -526,   -379,
         -65,   -882,  -2941,  -4574, -5597, -6458, -7457,  -8144,
       -7461,  -5980,  -4533,  -2570,   354,  3305,  5340,   6655,
        8008,   9375,   9547,   8591,  7548,  6390,  5041,   2961,
         762,   -315,  -1136,  -2233, -3204, -3290, -2712,  -2149,
       -1869,  -1155,    413,   1703,  1982,  2176,  2739,   3061,
        2841,   1693,   1205,   1381,   733,  -182,  -822,   -989,
        -789,  -1057,   -868,    349,  1104,  2909,  4938,   5472,
        5984,   5153,   4251,   2405, -2255, -6185, -9093, -12086,
      -14477, -15567, -14732, -12402, -9744, -6259,  -810,   4179,
        7741,  10578,  12364,  14293,
      ... 412 more items
    ],
    Int16Array(512) [
      -28114, -27333, -25153, -21892, -18623, -15398, -12285,  -8663,
       -4865,  -1539,    421,   1709,   3016,   4142,   4567,   4684,
        5338,   6275,   7224,   7953,   8232,   8350,   8796,   9254,
        9089,   7646,   5424,   3379,   1118,  -1893,  -5179,  -8023,
      -10386, -12604, -14494, -15638, -15778, -15213, -13810, -11961,
      -10288,  -8608,  -6478,  -4028,  -2129,  -1189,   -320,     32,
         127,   -173,   -817,  -1423,  -1826,  -2162,  -2716,  -3434,
       -3685,  -3408,  -2784,  -2303,  -2280,  -2342,  -2483,  -2531,
       -2702,  -3094,  -3469,  -3603,  -3718,  -3894,  -3757,  -3070,
       -2147,  -1141,   -220,    431,    940,   1824,   3271,   4350,
        5005,   5581,   6236,   6846,   7405,   7989,   8505,   8952,
        9250,   9480,   9534,   9448,   9236,   8948,   8848,   8155,
        7616,   7135,   6679,   6949,
      ... 412 more items
    ],
    Int16Array(512) [
        2094,   -652,  -3879,  -6793,  -8792, -10491, -11653, -12651,
      -13464, -13664, -13567, -12649, -11780, -10908,  -9887,  -8961,
       -8205,  -7496,  -6725,  -5961,  -5376,  -5006,  -4553,  -4309,
       -3697,  -2938,  -1809,   -743,    432,   1707,   2926,   4238,
        5158,   5858,   6052,   5941,   5471,   4896,   4118,   3200,
        2200,   1182,    133,   -781,  -1339,  -1646,  -1862,  -1843,
       -1521,  -1356,   -873,   -391,     99,    596,    786,    663,
         244,   -402,   -865,  -1245,  -1634,  -2117,  -2283,  -2222,
       -2133,  -1766,  -1209,   -765,   -352,   -295,   -354,   -504,
        -827,  -1148,  -1692,  -1917,  -2392,  -2688,  -2539,  -2467,
       -2655,  -2850,  -2900,  -2881,  -3040,  -2973,  -2745,  -3045,
       -3282,  -3084,  -2893,  -2967,  -2875,  -2607,  -2315,  -2354,
       -2094,  -1762,  -1292,   -775,
      ... 412 more items
    ],
    Int16Array(512) [
        -447,    -58,    230,    700,   1243,   1907,  2751,   3512,
        4103,   4742,   5218,   5720,   6297,   6662,  7059,   7282,
        7541,   7847,   8086,   8251,   8517,   8821,  9213,   9417,
        9525,   9675,   9661,   9628,   9636,   9703,  9582,   9138,
        8428,   7306,   5741,   4305,   3143,   2485,  1755,   1008,
         607,    253,   -168,   -996,  -1724,  -1934, -2399,  -3263,
       -4062,  -5009,  -6079,  -7304,  -8476,  -9273, -9888, -10283,
      -10780, -11061, -11041, -10925, -10664, -10086, -9567,  -9096,
       -8663,  -8342,  -8030,  -7876,  -7659,  -7506, -7308,  -7155,
       -7024,  -6562,  -5967,  -5349,  -4538,  -3486, -2383,  -1402,
        -421,    477,   1227,   2061,   2545,   2836,  2938,   2716,
        2796,   2924,   2871,   2896,   2883,   2888,  2651,   2440,
        2513,   2646,   2630,   2564,
      ... 412 more items
    ],
    Int16Array(512) [
      -2206, -1642, -1178,  -624,  -208,    44,   370,   649,   896,
        982,  1655,  2127,  2679,  3254,  3674,  4132,  4543,  4964,
       5374,  5733,  5881,  5917,  6120,  6165,  6072,  6019,  6145,
       6322,  6495,  6842,  6930,  7094,  7388,  7557,  7604,  7986,
       8298,  8643,  8884,  8802,  8768,  8360,  7612,  6760,  5621,
       4507,  3731,  2835,  1735,   483,  -579, -1267, -2263, -3484,
      -4521, -5217, -5715, -6327, -7003, -8042, -9095, -9817, -9927,
      -9620, -9759, -9994, -9991, -9298, -8371, -7833, -7238, -6619,
      -6073, -5454, -4848, -4300, -3959, -3756, -3478, -3207, -2850,
      -2440, -2170, -1620, -1208,  -978,  -692,  -398,  -161,  -147,
       -273,  -316,  -174,    13,   152,   157,   207,   385,   733,
        970,
      ... 412 more items
    ],
    Int16Array(512) [
       -479,   431, -1286, -1474,  1562, -2469,  -125,  1559, -2053,
        146,   766,  -769,   646,  -537,   215,   694,  -645,  -920,
        366,  -743,  -806,   180, -1502,  -157,   711,  -576,  1089,
      -2808,   958,  1111, -1724,  -994,  2387,  -149,  -101,  -713,
       1039,  2015, -2625,  2013,   937,   429,  -185,  2979,   291,
      -2938,  5822, -2067,  -226,  3103,    73,  2910, -1566,  2880,
       1336, -1255,  2017,  1535, -2596,  3635,  -169, -1049,  2876,
       -661,  1976, -2436,   256,  3163, -1742, -2071,  4327, -2216,
      -2726,  4226, -1701,  -660,  -722,   -70,  -569, -1143,   307,
       1218,  1292, -3644,  4943, -2019, -1121,  3954, -2326,  1049,
        767,  1141,   814,  2112, -3027,  3119,   636, -2632,  5273,
      -3342,
      ... 412 more items
    ],
    Int16Array(512) [
       7721, -4569, -6045,  8190, -5831, -9097, 13947, -6317, -4863,
       4098,   703,   101, -4914,  4728,   476, -4517,  3130,  2681,
      -6133,  -584,  5173, -6641,  2174,  1500, -6433,  4054,  -401,
        -13, -2336, -1180,  5716, -3062, -4002,  4839, -1291,   803,
       1531, -4859,  3982,  -438,  1323,    28, -5826,  9441, -3914,
        228,  2448, -4737,  7736, -2795,   204, -3699,  1034,  5871,
      -3650, -4666,  5268,   149,  -415, -2184,  1014,  1945, -3859,
       2321, -2291,   958,    -6,  1129, -1848, -3200,  7133,   -97,
      -5650,  4468,  5674, -3464, -1698,  5817, -1172,  1642,  -711,
      -4445,  6972,  1710, -6398,  4702,   -70,  -765,   171,  3892,
      -5491,  1610,  8057, -8878,  -678,  7917,  -408, -5692,  5437,
        573,
      ... 412 more items
    ],
    Int16Array(512) [
       3417, -3197,  -624,  4276, -3030, -2190,  3542, -1472, -1121,
       3160, -1464,   168,  -413,   685,  1161, -4155,   470,  1777,
      -2497,  -627,   794, -2421,  -600,  -131, -1960,  1169, -1299,
       -477,  -361, -1069,  1822, -2221,  -548,   246, -2240,  -257,
       -174, -1077,   712,   228,  1655,  -759,  -944,  3159, -2927,
       1971,  -342,  -622,  1854,  -951,  1718,  1629, -2700,   998,
       2146, -2140,  1621,  -777,  -271,  2623, -1696,   281,  1856,
      -1401,   353,   504,   659,   965,  -243,   364,  -118,  -524,
        903,   412, -1220,   264,  -141,  -335,  -184,   -96,  1575,
       -269,  -801,   378,  2450,   771,  -696,  3575,  -579, -1655,
       3178,  -321,   -20,  2479, -2513,  1096,  2628,    28,   826,
        805,
      ... 412 more items
    ],
    Int16Array(512) [
       -6472,  -6295,  -7073,  -7436,  -7054,  -5908,  -5157,  -5263,
       -4663,  -3550,  -1956,   -926,   -187,    815,   1034,   1412,
        2401,   3719,   4767,   5309,   5365,   5484,   5855,   6398,
        6395,   6051,   6199,   5517,   5286,   5574,   6064,   5873,
        4859,   4427,   3850,   3913,   4101,   4150,   4643,   4536,
        4790,   5458,   6330,   7327,   7672,   7764,   8416,  10145,
       11668,  12752,  13890,  14615,  15081,  16782,  17062,  16301,
       14483,  11390,  10350,   9797,   5968,    601,  -3892,  -3571,
       -1128,  -2195,  -6777, -12657, -15616, -16364, -18128, -18951,
      -18953, -18652, -19470, -19758, -16933, -14282, -14203, -15860,
      -16696, -14079,  -9733,  -5896,  -3295,  -2373,  -1690,   -416,
        1048,   3425,   5432,   6131,   5871,   7306,  10206,  11670,
       11497,  10126,   8329,   7168,
      ... 412 more items
    ],
    Int16Array(512) [
       -7329,  -4705,  -2759,  -1623,  -2236,  -3504,  -4125,  -3748,
       -1947,   -190,   1076,   2809,   3784,   4806,   5065,   5513,
        5171,   4764,   5170,   5763,   7588,   9415,   9704,   9340,
        8157,   6727,   6090,   6335,   7383,   8101,   7616,   7207,
        7134,   6961,   6897,   6793,   6977,   7254,   8060,   9084,
       11445,  12371,  13141,  14181,  14753,  15790,  18084,  18282,
       14612,   6487,  -4365, -11217, -10741,  -4635,    -58,  -2332,
       -9206, -16132, -20667, -22915, -23770, -22986, -20319, -18414,
      -16791, -13975, -10627,  -8384, -10075, -12491, -13018,  -8483,
        -761,   5689,   9927,  10437,   8428,   5044,   3863,   4999,
        7709,  10278,  11795,  11938,  11795,  10739,   8327,   5395,
        1377,  -2321,  -4880,  -4774,  -2583,   -910,  -2002,  -5572,
       -9762, -12708, -13969, -12877,
      ... 412 more items
    ],
    Int16Array(512) [
        1796,   1459,    505,   -499,   -551,    -34,    870,   2137,
        2805,   3527,   2284,   1876,    665,    226,   -223,  -2425,
       -3536,  -3927,  -3112,  -2263,  -2249,  -3129,  -4394,  -6063,
       -6604,  -6354,  -4997,  -3350,  -2663,  -2126,  -1632,  -1014,
        -223,     42,    676,   1473,   2302,   3648,   5284,   7033,
        8041,   8147,   7921,   8293,   8883,  10091,  10463,  11318,
       11411,  11490,  11046,  10056,   9615,   8595,   8179,   7543,
        7830,   7870,   8434,   8131,   8000,   7450,   7096,   7107,
        7162,   8169,   9210,  10102,  11298,  11140,   9271,   4342,
       -3272,  -8812,  -9070,  -3485,   1143,    862,  -4273,  -9149,
      -11616, -11851, -12937, -14305, -14899, -14763, -13364, -11128,
       -8250,  -6179,  -7017,  -9868, -12265, -12531, -10270,  -6512,
       -2712,   -484,   -310,  -1072,
      ... 412 more items
    ],
    Int16Array(512) [
       -9556, -10877, -12365, -12483, -11546, -11460, -12224, -13688,
      -15042, -15859, -15978, -15043, -13384, -11504, -10249,  -9522,
       -9069,  -8124,  -7186,  -5957,  -4454,  -2979,  -1175,    446,
        2597,   4747,   6284,   6837,   6641,   6656,   7164,   7855,
        8790,   9741,  10200,  10345,   9685,   8715,   8172,   7383,
        6484,   5165,   4062,   3287,   2629,   2000,   1029,   -765,
       -2716,  -4874,  -6879,  -7756,  -8030,  -7916,  -8226,  -8805,
       -9661, -10604, -11259, -11735, -11679, -10915,  -9761,  -8402,
       -6969,  -5504,  -4498,  -4029,  -3726,  -3395,  -2622,  -1146,
         709,   2565,   4110,   4971,   5155,   5068,   5068,   5044,
        5257,   5464,   5791,   6336,   6711,   6545,   5994,   5265,
        4196,   3429,   3001,   3170,   3478,   3593,   3187,   2993,
        2491,   2028,   1485,   1528,
      ... 412 more items
    ],
    Int16Array(512) [
        9325,   9674,  10757,  11428,  12619,  11692,  10229,   8529,
        8389,   9683,  11432,  12349,  13100,  12529,  10529,   5616,
       -4617, -12784, -14836,  -7707,    336,   -203,  -6539, -15283,
      -20910, -24798, -26251, -22718, -16585, -13160, -14089, -16541,
      -16744, -15513, -15952, -16720, -15032, -10031,  -3629,    997,
        3819,   4358,   1956,  -1409,  -2384,   1024,   7288,  12643,
       15189,  15192,  12106,   7928,   4956,   4879,   6596,   7487,
        7268,   6703,   5636,   3973,    550,  -3605,  -6503,  -8133,
       -7965,  -6698,  -4888,  -4376,  -6062,  -9330, -12858, -14739,
      -13885, -10735,  -7131,  -4750,  -4594,  -5556,  -6537,  -6771,
       -6141,  -4222,  -1091,   1637,   3597,   3715,   3605,   1350,
       -1390,  -1902,   -421,   3056,   4845,   5228,   3771,   1164,
       -1742,  -3616,  -4011,  -2917,
      ... 412 more items
    ],
    Int16Array(512) [
         158,    621,    479,   -507,  -2163,  -2739,  -2826,  -1918,
        -876,   -572,   -344,   -813,  -1374,  -1379,  -1183,   -167,
         818,   1590,   2357,   3043,   3707,   3969,   3866,   4364,
        5140,   6373,   7360,   8244,   8685,   8831,   8314,   7884,
        7643,   7848,   8122,   8657,   9093,   8979,   8479,   7746,
        7228,   7323,   7754,   8955,   9558,   9399,   9946,   9617,
       10816,  10756,  10692,  11186,  10014,   8225,   1280,  -5583,
       -7530,  -4159,   1726,   1494,  -3478, -10131, -15414, -18339,
      -18810, -16880, -13589, -12182, -13386, -14901, -16290, -15366,
      -15169, -14823, -13244, -10825,  -6859,  -3810,  -1408,  -1285,
       -2762,  -4108,  -3236,    189,   4449,   8042,   9748,  10007,
        8507,   6281,   5112,   5842,   7779,   8978,   8960,   8176,
        7325,   5940,   3965,   1633,
      ... 412 more items
    ],
    Int16Array(512) [
       3020,  6337,  9531, 10371,  9470,  7825,  6670,  6787,  6752,
       7533,  8494,  9241,  8992,  7481,  5108,  2447,   244,  -890,
       -889,  -464,  -294,  -836, -2240, -4662, -7523, -9404, -9688,
      -9025, -8014, -7406, -7213, -7677, -8684, -9554, -9758, -9163,
      -7340, -5612, -4097, -3030, -2213, -2410, -3380, -3036, -1918,
       -101,  1028,  2064,  3314,  3361,  2417,  1148,   381,   408,
        725,  1492,  2295,  2508,  2046,   714,  -904, -1805, -2040,
      -1691,  -918,  -495,  -287,  -731, -1366, -2019, -2494, -2303,
      -1704,  -791,   226,  1056,  1603,  1832,  1471,  1447,  1553,
       2076,  3308,  4272,  5306,  5664,  5606,  5221,  5042,  4651,
       5151,  5462,  5835,  6610,  6657,  7010,  6422,  5814,  5758,
       5575,
      ... 412 more items
    ],
    Int16Array(512) [
        -664,   -772, -1523, -2050, -2356, -1693,   -437,    655,
        1777,   2259,  2675,  2817,  2805,  3231,   3744,   4602,
        5438,   6030,  6575,  6584,  6513,  6118,   5760,   5894,
        6169,   6416,  6596,  6485,  6086,  5727,   4951,   4662,
        4266,   4025,  3885,  3660,  3728,  3985,   4130,   3869,
        3373,   2975,  3019,  3397,  3487,  3565,   4053,   5259,
        6044,   6490,  6007,  4706,   645, -3570,  -6016,  -4900,
       -1377,   -583, -1216, -3265, -5858, -8159, -10517, -11313,
      -10700, -10093, -8860, -7983, -7048, -7019,  -8165,  -9512,
      -10022,  -9632, -7688, -5560, -2940, -1536,  -1618,  -1787,
       -2166,  -1942, -1551, -1008,   490,  2530,   4109,   4983,
        4854,   4285,  3240,  2545,  2220,  2424,   3557,   4297,
        4342,   3769,  2619,  1098,
      ... 412 more items
    ],
    Int16Array(512) [
       5975,  6482,  5798,  4870,  3229,  1883,  1551,   865,  1626,
       1715,   841,   672,  -678, -2047, -3262, -4385, -4668, -4437,
      -4166, -4355, -4968, -5506, -5930, -6179, -6670, -7098, -6572,
      -5883, -5252, -4661, -4465, -4187, -3819, -3760, -3426, -2923,
      -1837,  -672,   307,  1331,  1670,  1307,  1045,   936,   945,
       1638,  2265,  2961,  3503,  3508,  3039,  2647,  2408,  2191,
       2051,  2038,  2097,  2355,  2405,  1841,  1471,   560,  -385,
      -1326, -1702, -1209,  -993,  -968, -1328, -1793, -2590, -3433,
      -3454, -3159, -2865, -2649, -2528, -2294, -2712, -3572, -3882,
      -3078, -2095, -1814, -2073, -2301, -1927, -1588, -1109,  -661,
      -1007, -1735, -1400,  -540,  -161,   554,  1400,   723,   332,
      -1077,
      ... 412 more items
    ],
    Int16Array(512) [
      -1315,  -606,  -737, -1157, -1601,  -394,    13,  -760,  -216,
       -714, -1048,   386,  1033,   200,  1013,  1184,   209,  -897,
      -2073,  -265,  1725,  2510,  -113, -1368,   -12,  -694,   -43,
        461, -1088,  -774,   169, -1941,  -285,  1369, -1931, -1799,
        254,  -862,  -610, -1168, -3132,   604,  1221,  -961,  -855,
       -727,  -167,  -487,   341,   260,  -846,   -23,   711,   103,
       1182,  -243, -1612,   709,  2117,   646,   171,   284, -1444,
      -1524,  1384,  3048,  2710,  2198, -3260, -2091,  3262,   626,
       2335,  4005, -1689, -2681,  2952, -1427,  -868,  9283, -1175,
      -5555,  3134,   -95,   -85,  4490,   280, -3003,  2459,  1435,
      -2901,  2278,  4852,   816, -1287, -2422, -2612,  5767,  5844,
      -1936,
      ... 412 more items
    ],
    Int16Array(512) [
        627,   436, -1237, -1896, -3275, -1653, -1196,   -36,  1570,
      -1843, -2931, -1215, -1439,  -488,   208,  -892, -1311, -2020,
      -1873, -1066,  -969,   272,  -408,  -941, -2051, -3038,  -175,
         41,  -395,   288,   -49,  -565,  -369,   782,  1206,   206,
       -163,  -536,  1339,  1162,   282,     2,   873,  -262, -1090,
       2555,  2031,   641,  -342, -2484,    60,  2705,  3628,   495,
      -1907, -1586,  -566,   481,  1387,  4350,  2466, -1075, -2520,
         74,  -599,   689,  3910,  3011,  4150,  -322, -1960,  2101,
       -106,  -394,  5255,  2849,   736,  1034, -4021,  -216,  5087,
       3245,   359, -1729,   315, -1049, -1828,  4600,  4159,   602,
       -510,    65,  2376,  -499,  -450,  4414,  2795,  -843,  -997,
       2442,
      ... 412 more items
    ],
    Int16Array(512) [
      -1173, -1413, -1470, -1387, -1261, -1065, -1270, -1084, -1316,
      -2251, -2504, -2046, -1677, -1681, -1092,  -805, -1102, -1252,
      -1648, -1931, -1401, -1307, -1296,  -753, -1099, -1158,  -282,
        276,   327,   285,    97,   191,   -54,     8,   758,   782,
        883,  1058,   909,   939,  1182,  1302,  1494,  2054,  1876,
       1831,  2423,  2792,  2814,  2588,  2586,  2281,  1801,  2692,
       3001,  3245,  3644,  3099,  2566,  1944,  1634,  2038,  2523,
       2520,  2470,  2108,  1664,  1968,  2482,  1941,  1795,  1887,
       1204,  1073,  1114,  1203,  2091,  2447,  2801,  3130,  2635,
       2649,  2535,  2334,  2306,  3008,  4062,  4297,  4959,  5489,
       4440,  3954,  4022,  3540,  3698,  3917,  3894,  3590,  2315,
        721,
      ... 412 more items
    ],
    Int16Array(512) [
       1850,  1983,  2066,  2025,  2181,  2224,  2132,  2038,  1720,
       1546,  1520,  1670,  1789,  1856,  1430,  1248,  1100,  1103,
       1362,  1323,   929,   521,   727,   818,   424,   401,   470,
        671,   918,   756,  1365,   941,   503,   286,   353,   600,
        977,  1392,  1712,  1578,  1338,  1032,   981,  1084,   914,
       1384,  1665,  2091,  2321,  2636,  2885,  3758,  4222,  4747,
       4433,  4186,  3610,  3156,  2477,  1266,   144,  -627, -1124,
      -1533, -2112, -2905, -3502, -4053, -4584, -5253, -5352, -5379,
      -4715, -4025, -3699, -3349, -2858, -2946, -2522, -2312, -2061,
      -1439,  -733,   -16,   420,   635,   522,   635,   548,   598,
        615,   622,   664,  1043,  1030,  1315,  1256,   951,   746,
        230,
      ... 412 more items
    ],
    Int16Array(512) [
        587,   689,  1008,   987,  1172,  1165,  1209,  1118,  1067,
        869,   817,   752,   766,   794,   606,   512,   575,   374,
        292,   287,   200,   375,   457,   481,   567,   757,   829,
        999,  1055,  1067,   963,  1056,  1144,  1312,  1563,  1790,
       2096,  2211,  2427,  2524,  2320,  2105,  1904,  1493,  1331,
       1408,  1598,  1555,  1507,  1327,  1080,   727,   217,  -114,
       -357,  -634,  -984, -1025, -1194, -1254, -1234, -1116, -1068,
      -1097, -1131, -1201, -1386, -1744, -1715, -1800, -1901, -1982,
      -2012, -1968, -1771, -1602, -1493, -1608, -1637, -1484, -1390,
      -1447, -1411, -1378, -1309, -1202, -1079,  -901,  -551,  -104,
          2,   388,   612,   592,   776,   935,   759,   675,   786,
        691,
      ... 412 more items
    ],
    Int16Array(512) [
      1116, 1316, 1356, 1265, 1210,  1268,  1234,  1091,  1012,   958,
       848,  779,  644,  556,  615,   654,   610,   613,   410,   263,
       269,  317,  330,  339,  312,   160,   131,   153,   236,   106,
        44,   66,   83,  178,  213,    41,   -52,   -37,  -181,  -240,
      -119, -237, -253, -107, -147,  -143,   -58,   -60,  -110,   -25,
       152,   61,   86,  243,  253,   277,   348,   437,   595,   576,
       459,  338,  316,  299,  190,   296,   407,   415,   504,   560,
       589,  565,  402,  341,  179,   300,   417,   503,   495,   272,
        93,  -21,   62,    6,  -16,   -33,  -196,  -429,  -528,  -439,
      -527, -660, -785, -706, -897, -1197, -1441, -1520, -1369, -1283,
      ... 412 more items
    ],
    Int16Array(512) [
      -709, -729, -581, -602, -525, -475, -556, -636, -534, -558,
      -484, -450, -472, -368, -312, -142, -101,   54,  122,  -72,
      -179, -211,  -81,   24,  123,  223,  240,  215,   -1, -243,
      -402, -463, -456, -252, -230, -480, -710, -828, -861, -754,
      -696, -799, -753, -746, -695, -565, -402, -286, -301, -366,
      -351, -388, -568, -519, -429, -349, -381, -328, -273, -235,
      -193, -265, -185, -193, -143, -187, -189, -302, -317, -267,
      -305, -206,   36,  165,  123,  191,  169,  113,  -19,  -62,
       -41,   39,   -9,    2,   -8,  -45, -180, -275, -212, -111,
      -143, -188, -178, -163,  -84, -101, -160, -110, -143, -249,
      ... 412 more items
    ],
    Int16Array(512) [
      -518, -485, -357, -583, -517, -577, -641, -636, -771, -714, -554,
      -380, -369, -366, -431, -403, -518, -605, -507, -383, -244, -184,
       -54,   -4, -119, -256, -107,  186,  309,  504,  487,  430,  466,
       487,  526,  521,  379,  464,  455,  564,  587,  569,  464,  398,
       479,  285,  197,   22,   26,   31,   40,  -33,  -21,  -16,  -73,
       -69, -104,   28,  142,  141,  -50, -177, -330, -266,  -61,  173,
       224,  103,  -96,  -55, -122, -312, -363, -327, -179,   39,  252,
       219,  165,  307,  266,  194,   95,  -21,   31,  196,  304,  333,
       382,  338,  336,  433,  420,  372,  346,  214,  124,   62,  144,
       113,
      ... 412 more items
    ],
    Int16Array(512) [
       -40,  -65,  -90, -198, -175, -261, -446, -381, -377, -377,
      -421, -363, -591, -681, -655, -605, -558, -548, -423, -511,
      -561, -539, -524, -554, -472, -308, -328, -332, -399, -474,
      -456, -380, -321,  -91,    1, -144, -203, -174, -119, -249,
      -197, -107,  -31,  -65, -143, -232, -381, -255, -157,  -99,
         0,  -61, -105, -164, -419, -577, -616, -516, -418, -313,
      -279, -265, -167, -203, -166, -153, -125, -100,  -65,  -94,
      -213, -164,  -38,   44,  119,  204,  327,  346,  161,   62,
       -12,  -62,   67,  123,  161,  250,  298,  367,  215,   75,
      -143, -276, -276, -102, -146, -273, -105, -223, -245, -399,
      ... 412 more items
    ],
    Int16Array(512) [
       100,  -87,   20,  -99,   17,  -25,  -42,  -20,  -24,   49,    0,
       -25,  -28,  -57, -164,  -82, -181, -243, -272, -339, -517, -501,
      -452, -494, -543, -510, -585, -580, -530, -474, -477, -348, -144,
      -147, -175, -180, -407, -409, -323, -301, -299, -317, -308, -329,
      -136,  -64,  -14,   35,   78,   27,   12, -181, -308, -395, -443,
      -459, -542, -588, -629, -779, -809, -708, -732, -785, -762, -733,
      -579, -386, -312, -111,  -15,   -7,  -55,    0,   90,  -11,    0,
        42,  -12,  -25,  -27,  -12, -127, -117,   -7,  -50, -226, -298,
      -227, -126,   24,  107,  148,  136,  258,  392,  281,  169,   71,
      -100,
      ... 412 more items
    ],
    Int16Array(512) [
       131,  230,  377,  299,  256,  255,  188,  165,  291,  319,  350,
       362,  322,  201,  230,  346,  273,  111,  -20,  118,   30,   30,
       149,   92,  117,  106,   80,   55,   80,   68,  223,  314,  358,
       372,  397,  395,  251,  149,    8,   28,   44,   37,  -16, -154,
       -94, -136, -206,   44,  167,  395,  597,  506,  478,  288,   95,
        26,   47,  -68, -235, -344, -470, -693, -763, -722, -565, -376,
      -256, -256, -358, -335, -396, -361, -314, -461, -523, -412, -320,
      -210,  -81,   22,  -14,  -90, -100, -160, -295, -343, -251,  -72,
       175,   89,  -11,  -97,  -59,   42,   57,  -31, -103, -209, -174,
      -103,
      ... 412 more items
    ],
    Int16Array(512) [
         36,  -24,   39,  171,  240,  327,  328,  424,  293,  186,
        238,  180,  246,  258,  135,  320,  381,  285,  319,  278,
         88,  109,   -3, -243, -377, -406, -336, -278, -137, -251,
       -286, -274, -373, -153,  -57, -168, -226, -183,  -68,  -29,
         36,  -53, -127,  -63,   -4,  107,  138,   61,    0,  -60,
        -37,  -86, -115,  -96, -192, -172,  -86,   84,   95,   -2,
        -51,  -34, -130, -159,  -98, -131, -214, -307, -353, -358,
       -399, -401, -426, -381, -313, -333, -320, -405, -377, -421,
       -429, -405, -536, -692, -772, -660, -635, -752, -925, -984,
      -1067, -958, -765, -644, -543, -522, -529, -640, -565, -679,
      ... 412 more items
    ],
    Int16Array(512) [
       129,   9,   46,  189,  269,  541,  567,  496,  523,  414,  257,
       164, 224,  205,  289,  401,  570,  623,  605,  513,  416,  510,
       525, 644,  798,  893,  694,  393,  334,  270,  273,  360,  321,
       307, 288,  253,  297,  225,  259,  358,  426,  413,  292,  284,
       188, 111,  126,  193,  226,  259,  277,  182,  153,  132,  148,
       192, 259,  225,  267,  287,  250,  329,  208,  162,  180,  140,
       151, 177,   82,  -13,  -65,   43,   61,    1,   39,   37,   45,
        79,  -7, -127, -142, -250, -107,  -88, -112, -122, -132,  -78,
        17, 112,   61, -182, -128, -254, -342, -208, -132, -131, -228,
      -202,
      ... 412 more items
    ],
    Int16Array(512) [
       49,  26,  53, -83, -277, -112,  -18,  151, 173, 194, 257,
      258, 251, 291, 228,  287,  325,  286,  261, 126, 167, 180,
      131, 131, 132, 165,  196,  396,  529,  641, 608, 528, 464,
      474, 601, 629, 584,  545,  597,  683,  669, 683, 702, 627,
      467, 243, 270, 325,  376,  451,  532,  662, 672, 529, 287,
      152, 285, 382, 473,  475,  395,  457,  566, 650, 517, 412,
      311, 410, 461, 517,  516,  600,  624,  488, 511, 537, 562,
      506, 298, 197, 158,  143,  238,  302,  317, 394, 458, 523,
      538, 402, 350, 130,   38,   11, -159, -148,   1,  42, 129,
      121,
      ... 412 more items
    ],
    Int16Array(512) [
      -134, -147, -178,  -92, -197, -247, -277, -261, -156, -196, -151,
      -311, -329, -357, -271, -222, -311, -308, -221,  -82, -124,   81,
        82,   64,   -8, -124, -189, -190,  -93, -129,  -15,   56, -125,
      -368, -302, -403, -448, -383, -239,  -75,  -31,  -24,  -88, -212,
      -424, -495, -381, -353, -228, -139,  -55,  -71, -179,  -34,   83,
       -59,  -63, -118,  -34,   86,  239,  279,  242,  236,   89,   26,
        87,  149,  245,  390,  321,  374,  381,  478,  455,  428,  462,
       422,  442,  405,  444,  334,  298,  298,  222,  205,   93,   64,
       109,   54,  -15,   -1,   43,  161,  308,  431,  344,  106,   20,
      -111,
      ... 412 more items
    ],
    Int16Array(512) [
       113,  79, 127, 194,  124,  295,  311,  237,  208,    4,  -45,
        -2,  52,  76,  -6, -182, -181, -108,   83,   93,  167,  248,
        90, -36, -64, -16,  -66,  -44,    1,  105,  179,  271,  305,
       241, 232, 167,  -7, -144, -120,   41,   57,   45,  134,  210,
       230,  69,  12, 166,  167,   20, -159, -233, -233, -213, -150,
      -229, -62,  74,  97,   89,   59,  154,  181,  348,  442,  462,
       450, 370, 370, 356,  278,  235,  223,  272,  410,  417,  410,
       355, 174, 100,  84,  241,  330,  362,  580,  803,  783,  700,
       599, 484, 588, 698,  733,  719,  669,  686,  568,  352,  357,
       398,
      ... 412 more items
    ],
    Int16Array(512) [
       -87, -108,  -38,  -68, -108, -200, -208, -148,    0,  160,  230,
       288,  147,  -17,  168,  280,  290,  292,  366,  268,   59,    7,
       -14,   -5,    9,  164,   20,  -71,  -53,  -98,  -16,  133,  155,
       171,  288,  363,  208,  188,  214,  274,  276,  190,  117,  -94,
      -253, -319, -335, -284, -354, -426, -406, -314, -309, -287, -357,
      -411, -417, -370, -365, -386, -459, -431, -303, -240,  -30,   67,
       108,  -45,  -81,  135,  247,  199,  251,  216,  202,   76,    3,
        34,  -36,  -70, -113,   20,  -39,   12,  195,  336,  353,  480,
       610,  539,  506,  296,  205,  222,  190,  243,  302,  179,  228,
       124,
      ... 412 more items
    ],
    Int16Array(512) [
      -452, -384, -398, -429, -405, -337, -212, -261, -381, -384,
      -317, -278, -200, -137, -273, -354, -336, -266, -281, -338,
      -279, -213,  -64,  -61,  -43,  -39,   -2,   62,  -67,  -77,
      -128, -106,   60,  181,  196,  273,  226,  152,   82,   41,
       -46,  -35,  -87,   -2,   55, -153, -105, -240, -260, -199,
      -294, -363, -342, -346, -420, -378, -369, -384, -370, -236,
      -274, -100, -178, -298, -342, -406, -312, -531, -575, -755,
      -737, -805, -868, -716, -742, -807, -765, -698, -675, -577,
      -469, -367, -172, -207, -218, -113,  -57, -144, -160, -191,
      -334, -460, -541, -366, -261, -219, -260, -339, -325, -344,
      ... 412 more items
    ],
    Int16Array(512) [
        31,    3, -181, -270, -382, -288, -256, -219, -275, -252, -200,
      -172, -148,  -99,   54,   -4,   35,  165,  346,  395,  428,  514,
       530,  474,  438,  318,  361,  379,  242,  215,  220,  381,  397,
       370,  324,  138,  -26,   65,  174,  213,  183,  259,  418,  448,
       366,  327,  222,  222,  205,  146,  149,   93,   19, -100, -109,
      -108, -100, -146,  -64,  -30,  -23,   45,   17, -142, -261, -306,
      -130,  116,  163,  291,  253,  178,   84,   -3,  -25,  -77,  -82,
        21,  111,  176,  193,   49,   97,   44,  -34,  -96, -133, -287,
      -347, -347, -240,  -79,  -77,  -13,   45,  125,   -8, -120,  -74,
        15,
      ... 412 more items
    ],
    Int16Array(512) [
      -270, -249, -190, -137, -232, -103, -127, -183, -271, -359, -422,
      -464, -326, -288, -293, -182, -214, -414, -515, -545, -661, -606,
      -568, -612, -622, -653, -494, -370, -292, -270, -210,  -83,  -39,
        -1, -222, -317, -371, -303, -294, -348, -247, -160,   -2,  -85,
        31,  192,  242,  192,   74,   55,  188,  159,  107,  133,   97,
         3,  -71,  -52,  195,  338,  376,  211,  102,   -6, -148,  -80,
       -39,  157,  -10,  -43,  -70,  -21,  104,  156,  270,  279,  249,
       167,  138,  163,  244,  307,  272,  171,   58,  -40,  -93, -104,
       -47, -127, -260, -345, -460, -433, -380, -210,  -61,  -84,  -39,
       -88,
      ... 412 more items
    ],
    Int16Array(512) [
      -444, -319, -321, -361, -488, -548, -611, -560, -384, -281, -261,
      -508, -653, -680, -631, -664, -576, -609, -642, -516, -369, -247,
      -137,  -87, -180, -226, -341, -464, -471, -527, -523, -459, -410,
      -309, -310, -247, -350, -397, -333, -345, -168, -154, -212, -213,
      -254, -294, -225, -140,  -58, -212, -158,  -45, -114,   31,  223,
       400,  472,  563,  636,  596,  490,  344,  361,  394,  490,  577,
       588,  497,  492,  543,  492,  476,  309,  208,  206,  124,   70,
         0,  -66, -157,  -20,   -2,  147,  267,  303,  329,  179,  216,
       257,  212,   21,  104,  101,    5, -111, -309, -434, -529, -438,
      -262,
      ... 412 more items
    ],
    Int16Array(512) [
       221,  130,  137,  115,   20,  -26,  -59, -260, -275, -192, -222,
      -274, -410, -497, -442, -437, -225, -138,  -16,  -64, -151, -137,
      -185, -237, -299, -133,  -45,   58,  171,   74,   46,   60,   91,
        20,  -18,  -70, -187, -254, -273, -372, -586, -716, -786, -713,
      -621, -472, -489, -496, -401, -293, -192, -108,  -57,  172,  287,
       283,  185,  193,  186,  206,  362,  300,  408,  393,  323,  309,
       199,  130,  161,  356,  503,  560,  635,  676,  544,  367,  380,
       469,  442,  465,  489,  457,  443,  490,  392,  343,  436,  473,
       380,  206,  105, -179, -301, -263, -227, -231,  -85,  -61, -133,
        40,
      ... 412 more items
    ],
    Int16Array(512) [
      -145,  -69,  111,  178,  148,  200,   35, -207, -396, -293, -242,
      -299, -303, -358, -330, -312, -303, -154,  -57,   -2,   81,  -77,
      -220, -227, -209, -202, -285, -169,  -33,  -80, -179, -123,  -69,
        87,  123,  116,   25,  -88, -126, -212, -332, -382, -422, -462,
      -446, -547, -490, -434, -466, -462, -494, -519, -536, -606, -568,
      -572, -647, -661, -648, -654, -687, -689, -717, -706, -611, -568,
      -569, -609, -738, -667, -658, -708, -804, -803, -673, -583, -408,
      -339, -395, -452, -532, -357,   -1,  213,  175,   72,   61,  154,
       198,    3,  -31,   86,   77,    3,  -67,  -71, -158,  -12,  119,
        92,
      ... 412 more items
    ],
    Int16Array(512) [
       537,  485,  418,  456,  365,  382,  397,  349,  300,  305,  349,
       345,  335,  408,  306,  130,   -7,   -1,   -8,   87,  158,  268,
       453,  481,  542,  406,  294,  271,  188,   97,   53,   98,   36,
        31,  103,   76,   33,   91,  -31, -183, -247, -267, -297, -330,
      -475, -401, -377, -284,  -68,  -34,   13,  -79, -264, -272, -382,
      -441, -534, -455, -354, -520, -630, -579, -412, -454, -409, -363,
      -221, -159, -274, -335, -548, -641, -791, -687, -648, -596, -486,
      -369, -217, -236, -169,  -74, -142,  -86,  -15,  -28,  -78,  -59,
        12,   15,  142,  130,   78,   75,  125,  112,  163,  125,  133,
       163,
      ... 412 more items
    ],
    Int16Array(512) [
       401,  321,  373,  445,  420,  337,  428,  546,  528,  409,  326,
       276,  361,  379,  551,  619,  719,  667,  639,  797,  719,  685,
       713,  661,  460,  332,  297,  236,  111,   86,  331,  326,  305,
       323,  311,  235,   29,  160,  207,  277,  259,  260,  395,  390,
       467,  429,  222,  149,   87,  109,   77,   70,   -5, -124, -173,
      -297, -254, -283, -305, -264, -235, -249, -344, -441, -514, -497,
      -514, -333, -294, -201, -311, -384, -418, -453, -357, -520, -537,
      -507, -388, -368, -424, -396, -435, -433, -507, -397, -189,  -83,
        -2,   31,  -51, -151, -209, -210, -150, -112, -180, -158, -192,
      -215,
      ... 412 more items
    ],
    Int16Array(512) [
       -21,  -27,   53,   48,   37,  -83, -152,  -41,  -80, -141, -198,
      -133,   71,  270,  226,  225,  195,  267,  219,  257,  251,  233,
       224,  327,  323,  222,  288,  244,  262,  156,   85,  100,   93,
       138,   29,  112,  247,  252,  318,  205,   49,   33,  -68,  -24,
       124,  210,  272,  200,  280,  254,  226,  192,  165,  208,  152,
       149,  184,  182,  184,  170,  142,  -26, -121,  -86, -116, -144,
      -221,  -87, -157, -167, -114, -187, -199, -261,  -73,    5,  -39,
      -107, -128, -181,  -97, -238, -161,  -93,  -56,   74,  -84, -152,
      -182, -188, -229, -150,  -92, -116, -118, -142, -269, -387, -346,
      -252,
      ... 412 more items
    ],
    Int16Array(512) [
      100, 148, 157, 181, 117, 172, 110, -50, -91, -218, -166,
      -56, -17,  -5,  80,  75,  82, 184, 262, 329,  373,  335,
      298, 361, 229, 160, -10, -78,  53, 191, 316,  373,  419,
      419, 463, 395, 405, 377, 378, 320, 294,  87,  -20,   14,
       69, 332, 508, 751, 719, 692, 697, 839, 817,  833,  860,
      739, 625, 622, 737, 730, 635, 572, 573, 457,  383,  303,
      303, 244, 209, 255, 388, 525, 526, 526, 610,  559,  577,
      685, 712, 611, 565, 529, 535, 684, 701, 729,  648,  477,
      255, 162, 247, 177, 126, 198, 321, 275, 125,  174,  144,
      147,
      ... 412 more items
    ],
    Int16Array(512) [
       -12,   88,   39,  -65, -211, -365, -525, -563, -519, -303, -185,
      -150, -259, -470, -516, -357, -296, -251, -229, -186, -324, -354,
      -396, -308, -191, -158, -241, -331, -234, -221, -223, -152, -209,
      -255, -195, -100,   29, -195, -235, -233, -195,  -56,  -35,   82,
       281,  463,  597,  712,  645,  451,  375,  394,  260,  223,  253,
        93,  136,  134,  200,  305,  271,  215,  179,  180,   87,  -35,
       -87,  -78,  -10,   74,   83,  167,  142,   76,   42, -123, -204,
      -301, -213, -231, -178,  -42,   -8,  142,   82,  123,  204,  248,
       267,  263,  233,  321,  519,  596,  609,  519,  562,  598,  630,
       622,
      ... 412 more items
    ],
    Int16Array(512) [
      -276, -219, -151,  -84, -173, -281, -335, -361, -223,  -89,  -63,
      -133, -150, -173, -170, -132,  -84,  -58,  -12,   29,   -2,  -49,
      -182, -148,  -97,  -90, -123, -223, -257, -325, -510, -483, -412,
      -611, -700, -750, -717, -720, -732, -728, -592, -435, -452, -543,
      -509, -444, -329, -196, -100, -150, -242, -261, -310, -285, -292,
      -335, -274, -118,  -22,   85,  165,  182,  339,  372,  375,  481,
       292,  210,  166,  -10,   59,   99,  177,  268,  392,  402,  319,
       273,  357,  414,  393,  304,  269,  292,  227,  188,   66,   12,
        15,   67,   11,    0,   22,    9,  117,  157,   81,   64,   65,
       270,
      ... 412 more items
    ],
    Int16Array(512) [
       384,  383,  446,  515,  498,  369,  293,  265,  127,  145,  308,
       383,  534,  642,  541,  526,  416,  352,  296,  373,  412,  259,
       264,  364,  409,  438,  439,  351,  269,  256,  187,  159,  203,
        88,   90,  179,  -40, -172, -161, -114, -143, -333, -551, -483,
      -338, -263, -149, -109,   18,   12,   -8,  -24,  -90, -226, -155,
       -92,   10,   60,   40,   17,  -54, -135, -215, -156, -119,   13,
        62,  110,  173,  239,  277,  480,  552,  571,  450,  308,  393,
       396,  312,  197,  105,  127,   55,   70,   77,   88,  323,  482,
       481,  413,  426,  491,  539,  370,  294,  357,  384,  391,  303,
       277,
      ... 412 more items
    ],
    Int16Array(512) [
      -349, -444, -485, -423, -428, -444, -353, -161, -190, -260, -267,
      -213, -158, -180, -172,    2,  195,  392,  335,  345,  272,   86,
        87,   17,    1,  -53,  -31, -193, -110,   75,  105,  -38,   58,
       301,  241,  281,  189,  152,   11,  -90,  -16, -100, -170,  113,
       299,  381,  404,  413,  232,   77,   10, -170, -307, -271, -101,
       -94,  -43,   26,   10,  -72, -183, -356, -414, -409, -364, -308,
      -232,   41,   44,  -56,   28,  137,  104,   77,  159,   54,   65,
       177,  367,  261,  271,  294,  282,  330,  246,  187,  214,  234,
       144,    6, -133, -300, -399, -604, -589, -488, -377, -297, -276,
      -248,
      ... 412 more items
    ],
    Int16Array(512) [
       -56, -172, -361, -280, -181, -222, -228, -215, -230, -228, -276,
      -243, -244, -216, -158, -150,   60,  210,  308,  385,  282,  183,
       -67,  -94,  -69,   50,  159,  157,   19, -107,  -70,   87,  176,
       179,  344,  254,  228,  243,   88,   55,   45,  -52,  -98, -112,
       -77,  -58,  -28,  129,  196,  102,   41,    2,  -58,  -91,    8,
        90,  -87,  -35,  -20,   17,   -9,  -47,  144,  204,  170,   99,
       -57, -110, -189, -137, -214, -282,  -15,  231,  361,  426,  611,
       741,  751,  649,  540,  437,  267,  159,   64, -135, -214, -276,
      -301, -245, -150,  -57,  -29,   61,   47,   43,  -62, -219, -263,
      -139,
      ... 412 more items
    ],
    Int16Array(512) [
      -223, -151, -305, -479, -511, -629, -694, -635, -630, -655, -707,
      -709, -696, -648, -521, -480, -433, -304, -276, -295, -282, -301,
      -164, -248, -125,  -34,   40,   22,  -84, -111, -260, -278, -168,
        -7,   55,   44,   75,  156,  408,  615,  514,  526,  520,  362,
       164,  -30,  -39,  -66,   68,  184,  107,  249,  339,  170,  177,
        91,   60,   65,  -76,   40,  106,   90,  227,  482,  518,  529,
       393,  347,  233,  160,  105,   27,   59,  166,  366,  424,  353,
       327,  337,  317,  391,  523,  577,  519,  457,  337,  401,  432,
       403,  577,  695,  662,  446,  353,  336,  323,  372,  312,  133,
       154,
      ... 412 more items
    ],
    Int16Array(512) [
      -449, -469, -560, -502, -427, -364, -305, -254, -342, -504,
      -674, -705, -507, -415, -276, -254, -350, -430, -395, -335,
      -391, -365, -391, -539, -553, -628, -714, -751, -671, -381,
      -363, -385, -371, -421, -561, -539, -361, -376, -325, -328,
      -366, -292, -355, -485, -507, -638, -654, -668, -733, -671,
      -704, -713, -647, -634, -674, -671, -493, -425, -443, -422,
      -450, -393, -212,  -63, -101,  -69,  110,  136,  119,  -51,
      -173, -180, -387, -368, -410, -406, -498, -552, -512, -317,
      -310, -312, -407, -462, -390, -259, -159, -188,   40,  179,
       170,   52,   10,   67,  143,  202,  247,  408,  528,  537,
      ... 412 more items
    ],
    Int16Array(512) [
       -10,   56,  -19,  -90,   22,   20,  166,  282,  449,  523,  398,
       295,  195,  226,  197,  144,   71,   92,    6, -120, -160, -210,
      -111,  -69, -118, -110, -275, -390, -223, -183, -155, -142, -128,
      -168, -331, -404, -390, -355, -352, -329, -291, -310, -361, -450,
      -264, -270, -413, -395, -350, -264, -437, -454, -452, -462, -276,
       -29,  -37,  -93, -136, -134, -167, -156, -180, -360, -310, -156,
      -197, -109,   38,  117,  131,  -20,  -86, -200, -298, -236, -245,
      -181,  -55,   49,   60,  127,  177,  216,  115,   20,  104,  187,
       316,  454,  644,  701,  604,  599,  480,  291,  239,   74,   50,
       188,
      ... 412 more items
    ],
    Int16Array(512) [
       475,  424,  592,  645,  676,  489,  427,  419,  294,  164,
       189,  265,  321,  326,  450,  492,  570,  593,  477,  436,
       249,  106,   57,   96,  123,  115,  142,  170,  -81, -327,
      -560, -575, -577, -550, -517, -396, -270, -172,   18,  145,
       199,  110,   32,   -7,   24,  -90, -149, -235, -186, -144,
      -133, -150, -149, -168, -148, -134, -204, -252, -275, -216,
      -168, -123, -345, -338, -201, -252, -397, -429, -389, -541,
      -676, -769, -737, -717, -552, -464, -389, -321, -295, -319,
      -416, -388, -362, -379, -365, -444, -442, -436, -400, -343,
      -323, -231, -189, -241, -297, -215, -101,  -59, -145,  -90,
      ... 412 more items
    ],
    Int16Array(512) [
       382,  320,  214,  169,   80,    5,   80,  144,  249,  395,
       416,  433,  372,  186,   73,  162,  229,  270,  183,   77,
       179,  318,  341,  293,  301,  212,  126,  153,   79,  -89,
      -239, -249, -212, -143,  -31,  -68, -136, -306, -350, -493,
      -515, -381, -332, -329, -379, -246,   -4,   66,   31,  -85,
      -125, -195, -206, -134, -198, -208, -272, -291, -245, -169,
      -225, -182, -202, -252, -227, -154, -242, -408, -543, -466,
      -249, -189, -130, -174, -243, -402, -491, -622, -705, -759,
      -766, -733, -705, -640, -601, -702, -700, -615, -564, -650,
      -577, -496, -483, -423, -442, -417, -481, -571, -591, -625,
      ... 412 more items
    ],
    Int16Array(512) [
       240, 242, 156,  54,  29, -91, -274, -374, -204, -169,  -98,
       -18, 167, 248, 304, 291, 159,  107,  252,  355,  506,  658,
       649, 643, 451, 551, 568, 629,  647,  661,  623,  497,  315,
       231, 229, 233, 336, 318, 270,  263,  272,  419,  442,  488,
       537, 683, 776, 694, 602, 607,  607,  590,  611,  493,  470,
       424, 414, 396, 247, 159,  -5,  -63,  -48,  -71, -107,   70,
       197, 211, 213,  95,  97,  82,   89,  114,  108,  180,  223,
       231,   4,  35,  68, 113, 123,   21,  -97, -235,   52,   85,
        14, -19,  93, 147, 126,  10,  -21,   54,   -8, -122, -175,
      -134,
      ... 412 more items
    ],
    Int16Array(512) [
      -100, -104, -203, -181,  -94, -207, -196, -116, -123, -72, -169,
      -206, -185, -122,  -21,   41,  134,   57,   79,  126, 155,  108,
       -65,  126,  150,  280,  328,  260,  253,  243,  296, 445,  449,
       365,  233,  206,  195,  167,  371,  383,  357,  355, 295,  267,
       170,  163,  162,  152,  119,  190,  141,  174,  149, 160,   45,
      -113, -192, -244, -180, -222, -141, -171, -212, -187,  59,  147,
       166,  247,  190,  188,  133,   32,  -22,   90,  153, 143,  130,
       116,   16,   35,  -27,  -84,  -37,   20,  105,   38, 179,  230,
       145,  160,  128,   70,   74,  115,  175,   89,    0, -40,  -47,
      -211,
      ... 412 more items
    ],
    Int16Array(512) [
      -165, -206, -205, -274, -271, -345, -317, -278, -339, -428, -531,
      -545, -416, -319, -379, -333, -431, -450, -386, -198,   -2,  112,
       310,  280,  162,  112,   69,   82,   46,  134,  133,  185,  220,
       223,  228,  360,  542,  523,  536,  501,  462,  366,  220,   97,
        79,  119,  225,  191,  202,  155,   14,  -54,  -41,   51,  178,
       311,  355,  387,  326,  337,  382,  294,  195,   78,   28,  -28,
       -83,  -32,  -27, -103,  -45,   55,  224,  165,  107,   93,  109,
       208,  311,  302,  208,   76,   46,   12, -133, -231, -216, -168,
      -227, -260, -266, -269, -225, -120,   84,  235,  282,  356,  328,
       281,
      ... 412 more items
    ],
    Int16Array(512) [
       779,  782,  678,  680,  702,  626,  620,  577,  534,  359,  145,
        85,   99,   48,   -4, -139, -268, -358, -467, -423, -329, -345,
      -351, -233, -249, -267, -231, -100,   10,  116,   26,   23,  107,
        29,  158,  189,  126,   67,    1,  -34,  -59, -149,  -74,  228,
       543,  576,  598,  701,  694,  599,  435,  426,  423,  342,  283,
       318,  440,  455,  481,  531,  495,  539,  445,  309,  207,  269,
       212,  289,  359,  216,  282,  153,  131,  174,  100,  135,  160,
       304,  251,   90,   96,  147,  192,  232,  385,  258,  123,  251,
       326,  425,  424,  425,  381,  307,  359,  296,  340,  492,  599,
       702,
      ... 412 more items
    ],
    Int16Array(512) [
       446,  660,  742,  816,  868,  942,  890,  856,  885,  938, 1023,
       967,  769,  498,  371,  166,  -11, -107, -138, -120,   42,  -22,
      -101,  -38, -124, -146, -146, -177, -241, -297, -370, -392, -318,
      -331, -309, -262, -315, -417, -348, -317, -325, -249, -207, -101,
       -44,   52,  125,  107,   58,  120,   88,  191,  111,   24,   78,
       133,  187,  181,  223,  211,  121,   32,  -61,  -37, -121, -266,
      -418, -435, -445, -520, -511, -622, -526, -409, -215,  -19,   -7,
       -32,  -98, -150, -327, -285, -261, -253, -114,  -51,   93,  314,
       328,  182,  131,  160, -104, -321, -116,    5,  160,  192,  238,
       285,
      ... 412 more items
    ],
    Int16Array(512) [
       289,  244,  198,   69, -170, -201, -102,  -48,  26, 188, 315,
       303,  408,  414,  186,  121,   44,  108,  237, 187,  76, -18,
      -107,  -38,  145,  265,  247,   72,  199,  280, 132, 106, 192,
       233,  256,  218,  158,   59,  -51,   29,   66, 126, 195, 177,
       203,  104,   41,   14,  144,  353,  333,  176, 169,  98,  14,
       -12,  -66,    8,   71,  105,  149,  150,  276, 300, 298, 281,
       333,  287,  154,  -25, -152,  -78,   17,   79, 200, 257, 110,
       150,  125,  178,  128,   97,  -11,  -38,   84,  32,  47, -36,
       -35, -130, -293, -118,  -99, -105, -123, -172, -77, -75, -59,
       -44,
      ... 412 more items
    ],
    ... 55 more items
  ],
  recL: Int16Array(79360) [
    0, 0, 0, 0, 0, 0, 0, 0, 0, 0, 0, 0,
    0, 0, 0, 0, 0, 0, 0, 0, 0, 0, 0, 0,
    0, 0, 0, 0, 0, 0, 0, 0, 0, 0, 0, 0,
    0, 0, 0, 0, 0, 0, 0, 0, 0, 0, 0, 0,
    0, 0, 0, 0, 0, 0, 0, 0, 0, 0, 0, 0,
    0, 0, 0, 0, 0, 0, 0, 0, 0, 0, 0, 0,
    0, 0, 0, 0, 0, 0, 0, 0, 0, 0, 0, 0,
    0, 0, 0, 0, 0, 0, 0, 0, 0, 0, 0, 0,
    0, 0, 0, 0,
    ... 79260 more items
  ]
}
Unknown message from control worker: [object Object]
 Received: {
  message: 'stt',
  recC: [
    Int16Array(512) [
      0, 0, 0, 0, 0, 0, 0, 0, 0, 0, 0, 0,
      0, 0, 0, 0, 0, 0, 0, 0, 0, 0, 0, 0,
      0, 0, 0, 0, 0, 0, 0, 0, 0, 0, 0, 0,
      0, 0, 0, 0, 0, 0, 0, 0, 0, 0, 0, 0,
      0, 0, 0, 0, 0, 0, 0, 0, 0, 0, 0, 0,
      0, 0, 0, 0, 0, 0, 0, 0, 0, 0, 0, 0,
      0, 0, 0, 0, 0, 0, 0, 0, 0, 0, 0, 0,
      0, 0, 0, 0, 0, 0, 0, 0, 0, 0, 0, 0,
      0, 0, 0, 0,
      ... 412 more items
    ],
    Int16Array(512) [
         0,    0,    0,    0,    0,    0,    0,    0,    0,    0,    0,
         0,    0,    0,    0,    0,    0,    0,    0,    0,    0,    0,
        -1,    2,   -4,    7,   -9,  252,  502,  598,  547,  517,  554,
       664,  808,  898, 1034, 1079, 1237, 1482, 1702, 2100, 2347, 2363,
      2378, 2307, 2384, 2541, 2570, 2597, 2767, 2710, 2902, 3037, 2982,
      2988, 2855, 2917, 2767, 2760, 2800, 2751, 2939, 3039, 2945, 2990,
      3134, 3372, 3433, 3295, 3047, 2941, 3012, 3122, 3392, 3395, 3403,
      3316, 3386, 3479, 3308, 3328, 3388, 3390, 3406, 3451, 3507, 3469,
      3556, 3618, 3710, 3700, 3776, 3844, 3978, 4138, 4161, 4272, 4340,
      4324,
      ... 412 more items
    ],
    Int16Array(512) [
      1235, 1298, 1332, 1467, 1577, 1656, 1608, 1441, 1330, 1293,
      1157, 1021, 1039, 1022, 1249, 1349, 1421, 1390, 1262, 1071,
      1124, 1008,  874,  876,  790,  873,  801,  849,  924,  926,
       888, 1031,  954,  795,  799,  655,  687,  887, 1021, 1022,
      1110, 1021,  978,  877,  861,  951,  920, 1007, 1105, 1158,
      1231, 1346, 1481, 1430, 1345, 1343, 1419, 1498, 1596, 1648,
      1708, 1749, 1701, 1623, 1498, 1466, 1442, 1429, 1253, 1172,
      1014, 1069, 1153, 1097, 1129, 1103, 1059,  821,  695,  729,
       612,  634,  715,  746,  858,  957, 1035, 1005, 1023,  920,
       896,  835,  837,  762,  874, 1015, 1113, 1133, 1063, 1137,
      ... 412 more items
    ],
    Int16Array(512) [
        76,   83,  -43, -113,   20,  113,  270,  339,  229,   29,   95,
       213,  419,  739,  706,  720,  581,  478,  489,  448,  400,  517,
       398,  294,  212,  283,   20, -148, -248, -275, -348, -276, -367,
      -433, -336, -225, -170, -266, -281, -227, -100,  -51,  -37,  174,
       275,   77, -325, -485, -509, -376, -241, -199, -271, -478, -330,
      -195, -150, -123,  -90,  -48,  183,  412,  384,  342,  126,  231,
       299,  276,  100, -117, -232, -134, -136,  -63,   91,  -11,  -64,
        30,   65,  138,  220,  186,  274,  187,  -67,   82,  105,   -3,
        30,  151,  341,  300, -136, -285,   20,  505,  660,  640,  476,
       395,
      ... 412 more items
    ],
    Int16Array(512) [
       276,  129,  150,  102,  192,  306,  357,  395,  393, 414,  485,
       529,  540,  659,  778,  929,  824,  635,  569,  563, 451,  339,
       449,  390,  399,  351,  301,  365,  292,  273,  251, 174,  204,
       271,  203,   81,  -74,   29,   44,   82,  174,  150, 185,   99,
        79,  194,  185,  181,   -5,    3,  124,   84,   27,  39,   -1,
      -178, -304, -241, -258, -307, -248,  -89,    0,   20, -42, -140,
      -243, -321, -234, -160, -183, -129,  -78, -208, -201, -28, -104,
       -84,   -8,   14,   47,   59,  204,  248,  312,  276, 238,  182,
       200,  260,  237,  224,  105,  -76, -228, -172, -176, -82,  -68,
      -241,
      ... 412 more items
    ],
    Int16Array(512) [
       361,  268,  373,  466,  428,  442,  406,  435,  466,  532,  617,
       650,  605,  496,  327,  216,  139,  188,  208,  107,  129,  190,
       105,   18,   51,   62,  203,  250,  271,  276,  230,  127,   28,
       170,  174,  124,  132,  190,  153,  164,   63,   31,  -20,  -45,
       -26,  -95,  -41, -126, -138, -168, -199, -236, -400, -543, -436,
      -280, -255, -274, -291, -324, -405, -433, -419, -449, -452, -395,
      -400, -360, -345, -227,  -97,  -16,  -65, -281, -326, -368, -396,
      -504, -390, -245, -233, -238, -319, -349, -423, -512, -650, -436,
      -476, -455, -434, -565, -607, -407, -271, -318, -316, -365, -507,
      -534,
      ... 412 more items
    ],
    Int16Array(512) [
        82,   48,  17,  186,  388,  332,  377,  388,  381,  313,  370,
       256,  307, 275,  204,  117,  -43,  -37,   81,  178,  226,  223,
       186,  143,  39,  113,  219,  222,  319,  330,  299,  409,  309,
       292,  403, 401,  310,  374,  335,  257,  173,  163,  287,  244,
       210,  171, 104,   69,  211,  203,  146,   99,  114,  167,  158,
       193,  300, 334,  160,  149,  165,   70,  -24,  -82, -166, -193,
      -110,   47, -79, -102,   21,   99,   68,   35,  110,    3,  -85,
      -179, -140, -21, -115, -170,  -50,   46,  126,  136,  131,    1,
      -136,  -77,   0,    7,  -51, -108, -248, -103, -164, -212, -251,
      -436,
      ... 412 more items
    ],
    Int16Array(512) [
      500, 530, 615,  483, 380, 475, 527, 586, 585, 584, 470,
      309, 208, 196,  233, 320, 172, 164, 249, 318, 399, 410,
      390, 328, 294,  276, 321, 416, 474, 503, 592, 828, 872,
      882, 735, 571,  498, 469, 448, 504, 633, 646, 741, 797,
      825, 848, 969, 1091, 961, 911, 824, 802, 716, 627, 513,
      273, 171, 315,  235, 262, 341, 492, 606, 605, 505, 470,
      378, 344, 241,  203, 230,  90,  54, -42, -38,  -6,  80,
      159, 181, 105,   52, 112, 222, 124, 117, 135,  75,  -1,
       35,  71,  11,   38,  81, -48, 105, 243, 300, 418, 386,
      226,
      ... 412 more items
    ],
    Int16Array(512) [
      -220, -416, -523, -442, -387, -268, -212, -203, -364, -322, -128,
       117,  225,  241,  171,   89, -112, -325, -416, -345, -369, -264,
      -157,  -49,   57,  -98, -236, -312, -368, -340, -198,  -99, -170,
       -38,   96,  218,  382,  606,  665,  537,  532,  631,  573,  579,
       667,  490,  310,  143,  276,  103,  107,  129,  201,  167,  177,
       243,  258,  399,  399,  179,  -51, -242, -202, -191, -455, -613,
      -391,   26,  275,  296,  272,   96,    0,  -22, -143, -253, -246,
       -99,  -60,  143,   58,   89,  148,   82,   27, -140, -272, -348,
      -130,   38,  294,  363,  297,  255,  -48, -220, -382, -265, -199,
       -32,
      ... 412 more items
    ],
    Int16Array(512) [
      126,  98,  125,  115, -96, -330, -386, -399, -266, -57, 177,
      274, 385,  406,  236, 208,  242,  347,  321,   81, 139, 100,
       97, -63, -159, -186, -70,  328,  436,  452,  414, 390, 220,
      130, 177,  288,  239, 109,   92,   65,   13, -116,  -4, 205,
      215, 212,  226,  270, 244,  260,  348,  402,  449, 437, 536,
      588, 469,  439,  449, 397,  281,  223,  223,  180, 216, 201,
      171, 240,  171,  317, 485,  438,  288,  267,  163, 146, 274,
      445, 482,  423,  441, 362,  337,  132,  137,  157, 221, 336,
      386, 353,  361,  421, 299,  324,  366,  484,  486, 507, 667,
      877,
      ... 412 more items
    ],
    Int16Array(512) [
        33,  95, 148, 146,    8, -176, -199, -163,  -14,   27,   75,
       181, 286, 219,  87,   19,  -36,  -93,   45,  243,  296,  237,
       196, 105,  43,  29,   -5,  -69,  -84,  -77, -191,  -31,   31,
       223, 218,  53, -11,  -13,  -10, -130, -251, -165,   44,   -1,
        68, -83, -79,  10,  -43,   39,  151,   56, -148, -200, -183,
      -131,  56, 297, 459,  450,  409,  458,  360,  338,  151,   89,
       150,  84, -55, -63, -216, -139,  208,  169,   94,  131,  187,
       246, 370, 431, 341,  169,  163,  185,  266,  352,  475,  458,
       416, 433, 475, 470,  527,  474,  430,  551,  551,  538,  587,
       701,
      ... 412 more items
    ],
    Int16Array(512) [
       -26,   -9,  -91, -140, -219, -312, -512, -541, -437, -346, -217,
      -260, -328, -306, -360, -296, -221, -270, -192, -143, -135, -176,
      -133, -208, -300, -318, -358,  -75,  156,   66,  -29,  102,   25,
       -67,  199,  299,  149,   17,  104,  -12, -154, -218, -202,  -75,
        -8,   78,  200,  254,   18, -228, -211, -283, -261, -330, -321,
      -241, -245, -255, -267, -234, -236, -152, -288, -384, -397, -179,
        80,   79,  130,  223,  200,   69,  -30,  -28,   -4, -110, -254,
      -276, -154, -199, -102,    7,   95,   60, -144, -292, -392, -367,
      -106,   79,  118,  300,  314,  297,  139,  213,  100,  122,  181,
        18,
      ... 412 more items
    ],
    Int16Array(512) [
      -272, -222, -137,   -1,   66,  167,  253,  451,  490,  392,  288,
       148,  143,  250,  337,  435,  415,  372,  325,  258,  215,    8,
       -96, -158, -152, -194, -167, -258, -199, -102,   -7,   12,   -6,
       117,  143,  209,  271,  202,  107,  146,   46,  111,   59,    3,
       -44,   18,    9,  -60, -180, -334, -318, -132,   66,  215,  448,
       381,  133, -166, -226, -155,  -24,   40,  202,  292,  258,  210,
       139,  135,  172,  170,  144,  134,    4,  -64, -132, -262, -259,
      -122,  -53,   63,   27,   27,    9,   15,  110,   78,   10,   78,
       138,  181,  181,  272,  306,  200,  208,  209,  121,  255,  352,
       474,
      ... 412 more items
    ],
    Int16Array(512) [
      -108, -119, -119, -186, -239, -359, -438, -501, -398, -247, -277,
      -361, -514, -547, -573, -629, -755, -679, -533, -516, -466, -500,
      -275, -171, -152,   22,  229,  274,  295,  330,  245,  186,   69,
        51,  144,  126,  162,   85, -140, -156,    5,  138,  135,  253,
       270,  170,  123,  173,  101,   -3,  112,  162,  129,    2, -294,
      -534, -447, -351, -400, -395, -377, -394, -346, -355, -381, -395,
      -403, -380, -313, -167,   69,  125,  142,  267,  108,   60,  -37,
       -63,    6,  -51, -119, -131, -209, -249, -225, -180, -249, -355,
      -319, -381, -302, -186, -172,  -11,   40,  -15, -131, -427, -342,
      -218,
      ... 412 more items
    ],
    Int16Array(512) [
      -626, -713, -875, -916, -940, -767, -661, -592, -483, -478, -459,
      -287, -199, -205,  -32,  -47,  -45, -138, -202, -221, -404, -485,
      -500, -523, -509, -541, -571, -654, -517, -420, -292, -162,   32,
       -34,  -30,   66,  128,  195,  216,  229,   71,  194,  405,  412,
       270,  206,   91, -128, -209, -190,  -85,  -88,  -37,    4,   25,
         4,   14,  -50, -100,  101,  237,  151,   74,  111,   -9, -152,
      -322, -436, -477, -478, -571, -608, -614, -455, -237,   10,  138,
         4,  -10,  -90, -174, -324, -340, -311, -275,  -93,  -97, -222,
      -310, -256, -369, -489, -401, -363, -409, -414, -362, -213, -103,
        57,
      ... 412 more items
    ],
    Int16Array(512) [
       118,  309,  314,  404,  348,  245,   47,   18,  -38, -219, -373,
      -319, -284, -480, -542, -569, -515, -504, -509, -473, -419, -383,
      -382, -310, -343, -445, -311, -248, -197, -175, -154,  -80, -128,
      -156, -167, -190, -176, -124,  -74,   -2,  108,  229,  259,  214,
       150,  163,  208,  157,   78,   30, -103, -189, -124,  -52,  126,
       127,  178,  229,  165,  139,   61,   45,  -15,  -29, -167,  -75,
        51,   -7,   38,   12, -173, -279, -288, -316, -209, -130, -182,
      -233, -190,  -54,  -39,  -71, -217, -412, -494, -520, -473, -261,
      -108, -156, -160,   27,  133,  214,  290,  381,  349,  258,  149,
        80,
      ... 412 more items
    ],
    Int16Array(512) [
        85,  -55,   58,  145,  253,   334,  454,  476,  253,
        74,   33,   66,   80,  157,   296,  309,  103,  -72,
      -224, -334, -381, -421, -592,  -735, -611, -490, -392,
      -449, -549, -681, -733, -697,  -560, -393, -352, -328,
      -228, -190, -287, -488, -805, -1029, -909, -795, -727,
      -715, -612, -514, -368, -298,  -252, -400, -555, -466,
      -505, -558, -440, -457, -594,  -411, -236, -195, -144,
      -204, -343, -536, -530, -589,  -528, -334, -224, -102,
       111,  139,    1,  -32, -145,  -180, -269, -151, -177,
      -174, -282, -180,   76,  -10,  -110, -204, -362, -449,
      -374, -227,  -77, -123,  -74,   -95,    7,  -78, -322,
      -525,
      ... 412 more items
    ],
    Int16Array(512) [
       866,  773,  750,  782,  712,  547,  385,  439,  451,  242,  117,
        41,   85,  151,  172,  136,   23, -159, -170, -131, -112, -190,
      -209,  -45,  177,   97,   71,  -16, -282, -233, -110,   91,  199,
        49,  172,  211,   55,   73,  107,  149,  -17, -228, -299, -325,
      -344, -282, -166, -177,  -86, -126, -270, -470, -477, -338, -320,
      -347, -262,   -3,  -43,    3,  120,   41,  -53, -163, -106, -150,
      -187,  -13,   86,  -38, -212, -265, -170, -145,  -49,  141,  213,
       246,  154,   -9, -167, -306, -153,  -29,  -88, -122,   21,  179,
       242,  285,   92, -187, -532, -559, -426, -300, -220, -251, -391,
      -483,
      ... 412 more items
    ],
    Int16Array(512) [
       1314,  1065,   824,   564,   213,     0,  -394,  -831, -1035,
      -1162, -1093,  -767,  -620,  -702,  -733,  -608,  -308,   -73,
        131,   325,   630,   930,  1245,  1603,  1790,  1729,  1551,
       1609,  1697,  1701,  1620,  1510,  1029,   575,   438,   212,
       -141,  -696,  -906, -1055, -1271, -1247, -1075, -1055, -1118,
      -1094,  -831,  -524,  -340,   -56,   178,   494,   915,  1344,
       1655,  1595,  1270,   984,   827,   893,   921,   933,   664,
        250,    95,    65,   -93,  -355,  -638,  -862, -1247, -1380,
      -1225, -1126, -1220, -1390, -1189,  -904,  -571,  -252,  -133,
         46,   461,   922,  1226,  1403,  1492,  1473,  1279,  1374,
       1445,  1394,  1334,   957,   490,   205,  -115,  -471,  -802,
      -1148,
      ... 412 more items
    ],
    Int16Array(512) [
       1036,  1116,  1127,  1097,  1087,  1162,  1301,  1247,  1269,
       1005,   726,   574,    92,  -268,  -637,  -914, -1048, -1250,
      -1188, -1046, -1008,  -965,  -844,  -635,  -411,   -77,   335,
        663,   940,  1173,  1511,  1683,  1642,  1682,  1716,  1728,
       1706,  1713,  1523,  1262,   793,   374,    57,  -231,  -526,
       -763,  -938, -1165, -1167, -1172, -1040,  -971, -1032, -1118,
      -1098, -1023,  -755,  -517,  -120,   251,   656,   852,  1100,
       1235,  1246,  1250,  1126,  1148,  1166,   974,   722,   448,
        187,  -107,  -429,  -855, -1271, -1647, -1883, -1829, -1824,
      -1960, -1892, -1840, -1728, -1461, -1235,  -924,  -584,  -153,
        396,   835,  1012,  1133,  1086,   980,   918,   742,   620,
        507,
      ... 412 more items
    ],
    Int16Array(512) [
      -894, -750,  -563,  -342,  -102,    66,   309,   649,  874,
      1116, 1079,   904,   749,   702,   670,   797,   690,  508,
       413,  282,   247,   -46,  -177,  -295,  -522,  -669, -592,
      -523, -485,  -414,  -401,  -319,  -124,   185,   374,  551,
       720, 1011,  1212,  1409,  1462,  1483,  1624,  1629, 1761,
      1712, 1694,  1584,  1269,  1018,   767,   410,    47, -295,
      -580, -933, -1210, -1157, -1174, -1161, -1204, -1142, -875,
      -598, -253,   -50,   278,   621,   961,  1349,  1732, 1800,
      1621, 1538,  1573,  1619,  1414,  1260,   988,   701,  459,
       203,    9,  -220,  -459,  -693,  -970,  -968,  -919, -800,
      -700, -684,  -551,  -275,   132,   301,   505,   578,  890,
      1110,
      ... 412 more items
    ],
    Int16Array(512) [
      -2529, -4692, -4676, -4416, -4391, -4404, -4339, -3569, -2915,
      -1496,   552,  2735,  3074,  2917,  3092,  3355,  3828,  3186,
       2768,  1926,    77, -2062, -2549, -2082, -2007, -2186, -2786,
      -2522, -1972, -1374,   -34,  1881,  2739,  2252,  2233,  2404,
       2775,  2403,  1638,  1151,   -37, -2045, -3177, -2590, -2100,
      -1956, -2205, -2108, -1154,  -403,  1069,  3145,  4551,  4249,
       4029,  4131,  4185,  4118,  2924,  1997,   449, -1871, -3879,
      -4190, -3800, -3864, -3967, -4258, -3405, -2461, -1171,  1021,
       3150,  3643,  3216,  3503,  3941,  4606,  4339,  3646,  2611,
        788, -1178, -1861, -1411, -1610, -1927, -2449, -2374, -1779,
      -1173,    81,  1996,  3056,  2654,  2461,  2392,  2488,  2101,
       1088,
      ... 412 more items
    ],
    Int16Array(512) [
      -1058,  -696,  -588,  -893, -1095,  -574,  -170,   -81,   407,
        895,   498,   104,  -183,  -135,  -103,  -776, -1265, -1652,
      -2004, -2453, -2022, -1206,  -825,  -339,  -251,   199,   669,
        987,  1508,  2276,  2375,  1763,  1366,   899,   856,   424,
       -317,  -922, -1555, -2515, -2885, -2374, -1990, -1763, -2032,
      -1714,  -900,  -158,   474,  1191,  2032,  1932,  1766,  1578,
       1621,  1597,  1027,   435,   -22,  -443,  -911,  -456,  -121,
        -58,  -290,  -715,  -255,   188,   489,   790,  1138,   731,
        275,    82,  -136,   150,  -156,  -558,  -835, -1081, -1533,
      -1479,  -770,  -257,   241,   354,   626,  1125,  1483,  1845,
       2465,  2824,  2257,  1789,  1111,  1002,   791,    64,  -568,
      -1133,
      ... 412 more items
    ],
    Int16Array(512) [
        293,   542,   646,   998,  1583,  2099,  2615,  2776,  1930,
       1235,   558,   290,    54,  -430,  -927, -1539, -2218, -2894,
      -2677, -2172, -1505, -1100, -1089,  -870,  -203,   573,  1148,
       1745,  1459,  1059,   815,   672,   918,   590,   -14,  -606,
       -872, -1337, -1165,  -588,  -289,   113,    51,   182,   567,
       1115,  1420,  1674,  1463,   681,   -19,  -625,  -695,  -773,
      -1002, -1398, -1675, -1800, -1768,  -998,  -257,   603,  1025,
       1301,  1771,  2212,  2741,  3068,  3418,  2777,  2060,  1311,
        950,   635,    86,  -516, -1283, -1804, -2315, -2139, -1583,
      -1067,  -490,  -114,   179,   692,  1260,  1655,  2243,  2174,
       1576,  1199,   705,   619,   599,   437,   -23,  -365,  -833,
       -975,
      ... 412 more items
    ],
    Int16Array(512) [
       -680,  -187,   433,  1037,  1636,  1955,  1601,  1239,   841,
        754,   644,   261,  -121,  -676, -1040, -1244,  -900,  -399,
         18,    81,   -41,    12,   218,   536,   760,  1061,   652,
         10,  -510,  -857,  -981, -1099, -1405, -1813, -2059, -2209,
      -1740, -1002,  -504,   -24,   275,   634,   979,  1442,  1706,
       2001,  2190,  1657,  1138,   418,  -101,  -348,  -889, -1600,
      -2152, -2576, -2801, -2373, -1843, -1466, -1323, -1102,  -708,
       -275,   287,   736,  1196,  1259,   973,   691,   510,   319,
        -16,  -245,  -656, -1066, -1471, -1452,  -988,  -500,  -220,
       -145,  -107,    90,   488,   661,   904,   843,   479,   128,
       -208,  -217,  -175,  -467,  -853, -1084, -1203, -1360, -1130,
       -528,
      ... 412 more items
    ],
    Int16Array(512) [
       -181,    46,   337,   443,   176,    36,  -223,  -311,  -521,
       -772, -1102, -1310, -1505, -1513, -1053,  -592,     0,   386,
        651,   905,  1111,  1420,  1743,  2037,  1853,  1518,   943,
        538,   153,  -357,  -786, -1257, -1662, -2073, -1877, -1404,
      -1027,  -716,  -585,  -334,    50,   255,   463,   842,   964,
        712,   440,   183,   199,   146,  -156,  -597,  -935, -1349,
      -1310,  -983,  -578,  -216,  -116,   -88,  -161,  -127,    21,
        183,   360,   106,  -313,  -602,  -679,  -768, -1009, -1330,
      -1573, -1636, -1742, -1481, -1102,  -529,  -310,   -96,   320,
        667,  1052,  1372,  1654,  1617,  1320,   940,   615,   273,
       -146,  -599, -1072, -1587, -1951, -2004, -1731, -1507, -1335,
      -1258,
      ... 412 more items
    ],
    Int16Array(512) [
       1959,  1929,  1641,  1290,   917,   549,   234,  -118,  -694,
      -1205, -1486, -1825, -1724, -1450, -1035,  -765,  -597,  -150,
        360,   900,  1174,  1406,  1330,   923,   542,   316,   350,
        248,   189,    28,  -429,  -717,  -679,  -474,  -142,   180,
        409,   571,   562,   624,   695,   919,   753,   312,    25,
       -248,  -334,  -556,  -620,  -796, -1002, -1170,  -955,  -381,
        162,   558,   645,   757,   869,  1193,  1375,  1661,  1795,
       1520,  1117,   631,   187,  -286,  -692, -1178, -1627, -1979,
      -2244, -2286, -2050, -1774, -1364, -1127,  -705,  -204,   318,
        819,  1034,  1106,   969,   991,  1000,   904,   737,   494,
        152,  -169,  -282,  -280,   -76,   143,   331,   345,   226,
        258,
      ... 412 more items
    ],
    Int16Array(512) [
        868,   839,   833,   865,   641,   494,   109,  -181,  -401,
       -650,  -643,  -475,  -522,  -554,  -410,  -253,     1,   260,
        236,   154,    20,  -324,  -530,  -657,  -758,  -911, -1031,
      -1269, -1482, -1627, -1323,  -840,  -337,   -77,   -13,   152,
        461,   921,  1200,  1509,  1484,  1128,   750,   545,   418,
        130,   -83,  -500,  -765, -1166, -1256, -1028,  -859,  -633,
       -438,  -389,  -241,   -25,   275,   614,   817,   808,   680,
        767,   818,   795,   655,   606,   403,    17,  -227,  -441,
       -520,  -552,  -545,  -412,  -424,  -503,  -511,  -440,  -305,
       -435,  -505,  -624,  -813,  -894, -1053, -1180, -1304, -1346,
      -1296, -1136,  -692,  -264,    28,   181,   432,   634,   821,
       1106,
      ... 412 more items
    ],
    Int16Array(512) [
        276,    77,  -166,  -230,  -462, -667,  -742,  -746,  -547,
       -270,   122,   235,   421,   585,  616,   580,   571,   635,
        471,   317,   113,  -127,  -336, -615,  -901, -1201, -1499,
      -1496, -1474, -1383, -1222, -1138, -926,  -644,  -306,    97,
        419,   592,   717,   732,   609,  343,   309,   276,   210,
        170,   113,   -44,  -163,  -130,  -59,    99,   163,   185,
        315,   363,   450,   701,   736,  476,    50,  -115,  -323,
       -258,  -225,  -352,  -523,  -630, -713,  -596,  -215,    -9,
        126,   381,   759,  1055,  1310, 1301,  1214,   986,   874,
        792,   646,   396,    20,  -320, -725, -1046, -1331, -1298,
      -1097,  -918,  -858,  -694,  -552, -481,  -176,   278,   693,
        821,
      ... 412 more items
    ],
    Int16Array(512) [
        88, -264, -553, -803, -899, -807, -649, -619, -658, -518, -333,
      -115,  308,  632,  864,  970,  984,  988,  806,  623,  514,  397,
       235,   70, -103, -167,  -79,   46,   87,  124,  247,  286,  389,
       283,  193,  168,   -1, -135, -400, -537, -583, -596, -589, -634,
      -743, -844, -736, -648, -352, -251, -133,   50,  218,  548,  789,
       920, 1104,  916,  501,  215,  -86, -257, -351, -613, -743, -804,
      -918, -739, -545, -394, -238, -116,    4,  182,  286,  410,  590,
       765,  711,  536,  453,  231,  137,  -31,  -66, -149, -273, -136,
      -105, -116, -152, -196, -162, -172,    0,  182,  453,  500,  302,
       114,
      ... 412 more items
    ],
    Int16Array(512) [
         44,    58,    73,  189,  250,  184,    88,    32,   106,
        128,   161,   365,  517,  613,  493,   198,   -87,  -263,
       -295,  -286,  -279, -327, -426, -483,  -209,    31,   346,
        613,   880,  1091, 1221, 1219, 1264,  1316,  1023,   570,
        322,   144,   -99, -367, -687, -925, -1101, -1149, -1270,
      -1287, -1186, -1161, -849, -527, -204,    24,   215,   434,
        509,   416,   160,  -47, -356, -583,  -605,  -602,  -504,
       -468,  -414,  -377, -439, -417, -630,  -635,  -504,  -315,
       -331,  -329,  -241, -317, -360, -357,  -245,  -308,  -425,
       -581,  -729,  -765, -722, -640, -400,  -227,  -165,   -57,
         13,   251,   493,  654,  655,  451,   101,  -194,  -469,
       -723,
      ... 412 more items
    ],
    Int16Array(512) [
       -31,   74,  249,   525,  801,  917,  918,  868, 1032, 1156,
       992,  900,  845,   629,  415,  181,  141,  123,    2, -290,
      -366, -465, -535,  -416, -219,  -19,  121,  268,  443,  653,
       826, 1012, 1053,   906,  871,  776,  656,  358,  125,   11,
       -64,  -56,  -79,    78,  208,  326,  413,  314,  267,  146,
        74,  147,   10,  -114, -292, -436, -485, -310, -191, -245,
      -398, -490, -339,  -217,   47,  371,  495,  567,  594,  573,
       757,  948, 1011,  1037,  999,  731,  363,   10, -298, -431,
      -547, -660, -890, -1054, -972, -763, -517, -281,  -65,  106,
       370,  559,  806,   816,  769,  691,  519,  153,  -76, -219,
      ... 412 more items
    ],
    Int16Array(512) [
      -354, -224, -108, -136,  -47,  259,  526,  726,  951, 1104,  961,
       826,  668,  640,  538,  464,  352,  213,  116,  139,  158,  229,
       429,  515,  575,  574,  555,  455,  394,  444,  562,  422,  296,
       126,   96,  -50, -262, -389, -425, -318,  -82,  217,  529,  872,
       957,  858,  864,  893, 1026, 1043,  853,  815,  620,  452,  298,
        91, -177, -306, -528, -608, -668, -650, -471, -521, -371, -119,
        86,  294,  631,  805,  819,  680,  450,  344,  218,  106,   47,
       -91, -274, -412, -447, -433, -322, -231, -245, -116, -155, -127,
       -41,   36,  160,  206,  106,  124,  230,  103,   -2, -200, -501,
      -542,
      ... 412 more items
    ],
    Int16Array(512) [
      -403, -236, -203, -221, -257, -325, -332, -318, -376, -417, -331,
      -211, -146, -170, -342, -438, -464, -337, -168,  105,  338,  476,
       587,  741,  721,  642,  617,  641,  319,  125,   -3, -285, -419,
      -492, -525, -712, -850, -912, -779, -789, -792, -623, -416, -419,
      -385,  -65,  305,  400,  500,  506,  493,  369,  269,  216,  234,
       198,  152,  -45,  -14,   93,  104,  264,  296,  300,  347,  477,
       324,  320,  334,  201,   45,  -34,  -37,  -61, -133, -323, -372,
      -452, -308, -216,  -95,  118,  200,  272,  450,  661,  842,  871,
       879,  661,  366,  190,   -5,   27,  -86, -325, -470, -586, -846,
      -823,
      ... 412 more items
    ],
    Int16Array(512) [
       474,  500,  593,  796,  921,  974,  725,  549,  297,  -31, -351,
      -590, -813, -873, -794, -840, -741, -586, -569, -512, -380, -222,
      -141,   30,  191,  400,  447,  274,  346,  339,  469,  425,  492,
       506,  466,  464,  373,  268,  137,  214,  426,  523,  559,  730,
       709,  675,  464,  375,  228,  258,  206,  220,  184,  174,  159,
       283,  417,  239,  262,  422,  577,  518,  544,  625,  845,  947,
       743,  832,  730,  663,  539,  205,  -74, -270, -331, -354, -337,
      -371, -179,  -41,   51,  227,  291,  300,  300,  360,  444,  408,
       456,  495,  499,  340,  267,  284,  395,  375,  378,  246,   29,
       -12,
      ... 412 more items
    ],
    Int16Array(512) [
        653,   587,   533,   727,  860,   698,  627,  598,   590,
        575,   357,    31,  -143,  -81,  -162, -176, -326,  -281,
       -259,  -164,   -65,     0,   -1,  -203, -200, -204,  -308,
       -512,  -826, -1105, -1000, -974,  -960, -866, -831,  -752,
       -825,  -724,  -529,  -482, -547,  -716, -550, -399,  -303,
       -295,  -310,  -570,  -714, -780, -1010, -993, -996, -1048,
      -1102, -1163, -1241, -1030, -859,  -795, -476, -216,    54,
        160,   199,     5,   -51,  -66,  -116, -107, -267,  -355,
       -478,  -607,  -474,  -305, -254,  -184,  -86, -213,  -181,
       -196,  -106,   -86,  -119,    5,   174,  191,  100,   -52,
       -194,  -256,  -343,  -202,  -71,   -62,  166,  198,   122,
        308,
      ... 412 more items
    ],
    Int16Array(512) [
       -1797, -1468, -1008,  -698,  -584,  -487,   -406,   -189,
         -48,   138,   270,   437,   530,   442,    205,    284,
         429,   566,   441,   218,  -100,  -422,   -476,   -549,
        -550,  -697,  -715,  -784,  -679,  -546,   -282,    -16,
         149,   149,   230,   428,   844,  1322,   1828,   2160,
        2385,  2612,  2690,  2753,  2570,  2546,   2585,   2703,
        2658,  2625,  2352,  2192,  2001,  1736,   1513,   1594,
        1702,  1811,  1807,  1960,  2178,  2003,   1755,   1653,
        1797,  1990,  2115,  2171,  2100,  2128,   2137,   2662,
        3334,  3778,  4141,  4481,  4753,  5377,   5962,   6735,
        7584,  8091,  8543,  7561,  5353,  1384,  -2090,  -3357,
       -2570,  -965,  -371, -1919, -4933, -8256, -10361, -10767,
      -10457, -9833, -9504, -9337,
      ... 412 more items
    ],
    Int16Array(512) [
       12048,  13672,  14339,  14100,   9893,   2084,  -5626,  -9836,
       -9184,  -8104,  -8766, -11210, -12456, -12638, -12416, -12943,
      -13528, -13597, -14467, -16024, -18609, -19433, -17722, -14064,
       -9553,  -6571,  -4230,  -2247,     50,   2463,   3745,   4103,
        4341,   4603,   4050,   3429,   3814,   6578,  10148,  12529,
       12568,  11283,  10253,   8993,   7124,   4273,   1578,   -588,
       -2277,  -3849,  -5276,  -5520,  -4605,  -3453,  -3336,  -4488,
       -6453,  -7707,  -8495,  -9278, -10315, -11316, -11074, -10381,
       -9613,  -8769,  -7382,  -4989,  -3043,  -2496,  -2873,  -2917,
       -2025,   -836,   -263,    134,    569,   1354,   2668,   3699,
        4638,   5405,   6115,   6093,   4831,   2807,   1044,    -30,
        -491,  -1190,  -1923,  -2279,  -1965,  -1295,   -769,   -294,
         184,    864,   1001,    632,
      ... 412 more items
    ],
    Int16Array(512) [
       4816,  5349,  5553,  5396,  5191,  5006,  4768,  4218,  3540,
       2752,  2027,  1371,   584,   124,  -135,  -318,   -67,   454,
       1152,  1783,  2281,  2857,  3106,  3115,  3054,  2803,  2489,
       1966,  1510,  1050,   592,   216,    96,    14,    77,   374,
        739,  1283,  1794,  2519,  2863,  3114,  3033,  2802,  2461,
       2201,  1772,  1181,   748,   394,   326,   440,   790,  1384,
       2054,  2596,  3173,  3590,  4150,  4654,  4713,  4544,  3877,
       3092,  2352,  1511,   904,   604,   211,  -117,  -441,  -776,
       -744,  -807,  -552,  -494,  -562,  -880, -1444, -1815, -2544,
      -3219, -4005, -4515, -4962, -5491, -6244, -6654, -6712, -6375,
      -6063, -5747, -5114, -4192, -3655, -3421, -3043, -2490, -2158,
      -2060,
      ... 412 more items
    ],
    Int16Array(512) [
      -733, -681, -735,  -681,  -603, -607, -572, -352, -158,  -25,
       347,  641,  883,   966,   979, 1053, 1125, 1097,  967,  903,
       765,  692,  584,   453,   365,  196,  149,  145,   45,   -2,
        -9, -215, -418,  -446,  -554, -690, -750, -754, -685, -785,
      -773, -911, -989, -1127, -1034, -831, -556, -258,   74,  435,
       545,  723,  833,   936,   907,  870,  790,  748,  573,  443,
       420,  434,  509,   533,   722,  734,  666,  763,  863,  665,
       358,  336,  276,   236,   196,   68,    6, -107, -329, -579,
      -605, -376, -270,   -40,    -3, -152, -352, -513, -459, -454,
      -457, -460, -371,  -311,  -115,   80,  331,  402,  189,  174,
      ... 412 more items
    ],
    Int16Array(512) [
        -507,   -427,   -351,   -288,  -193,  -364,  -436,   -523,
        -547,   -567,   -699,   -613,  -661,  -755,  -780,   -939,
        -978,   -866,   -799,   -712,  -663,  -491,  -526,   -379,
         -65,   -882,  -2941,  -4574, -5597, -6458, -7457,  -8144,
       -7461,  -5980,  -4533,  -2570,   354,  3305,  5340,   6655,
        8008,   9375,   9547,   8591,  7548,  6390,  5041,   2961,
         762,   -315,  -1136,  -2233, -3204, -3290, -2712,  -2149,
       -1869,  -1155,    413,   1703,  1982,  2176,  2739,   3061,
        2841,   1693,   1205,   1381,   733,  -182,  -822,   -989,
        -789,  -1057,   -868,    349,  1104,  2909,  4938,   5472,
        5984,   5153,   4251,   2405, -2255, -6185, -9093, -12086,
      -14477, -15567, -14732, -12402, -9744, -6259,  -810,   4179,
        7741,  10578,  12364,  14293,
      ... 412 more items
    ],
    Int16Array(512) [
      -28114, -27333, -25153, -21892, -18623, -15398, -12285,  -8663,
       -4865,  -1539,    421,   1709,   3016,   4142,   4567,   4684,
        5338,   6275,   7224,   7953,   8232,   8350,   8796,   9254,
        9089,   7646,   5424,   3379,   1118,  -1893,  -5179,  -8023,
      -10386, -12604, -14494, -15638, -15778, -15213, -13810, -11961,
      -10288,  -8608,  -6478,  -4028,  -2129,  -1189,   -320,     32,
         127,   -173,   -817,  -1423,  -1826,  -2162,  -2716,  -3434,
       -3685,  -3408,  -2784,  -2303,  -2280,  -2342,  -2483,  -2531,
       -2702,  -3094,  -3469,  -3603,  -3718,  -3894,  -3757,  -3070,
       -2147,  -1141,   -220,    431,    940,   1824,   3271,   4350,
        5005,   5581,   6236,   6846,   7405,   7989,   8505,   8952,
        9250,   9480,   9534,   9448,   9236,   8948,   8848,   8155,
        7616,   7135,   6679,   6949,
      ... 412 more items
    ],
    Int16Array(512) [
        2094,   -652,  -3879,  -6793,  -8792, -10491, -11653, -12651,
      -13464, -13664, -13567, -12649, -11780, -10908,  -9887,  -8961,
       -8205,  -7496,  -6725,  -5961,  -5376,  -5006,  -4553,  -4309,
       -3697,  -2938,  -1809,   -743,    432,   1707,   2926,   4238,
        5158,   5858,   6052,   5941,   5471,   4896,   4118,   3200,
        2200,   1182,    133,   -781,  -1339,  -1646,  -1862,  -1843,
       -1521,  -1356,   -873,   -391,     99,    596,    786,    663,
         244,   -402,   -865,  -1245,  -1634,  -2117,  -2283,  -2222,
       -2133,  -1766,  -1209,   -765,   -352,   -295,   -354,   -504,
        -827,  -1148,  -1692,  -1917,  -2392,  -2688,  -2539,  -2467,
       -2655,  -2850,  -2900,  -2881,  -3040,  -2973,  -2745,  -3045,
       -3282,  -3084,  -2893,  -2967,  -2875,  -2607,  -2315,  -2354,
       -2094,  -1762,  -1292,   -775,
      ... 412 more items
    ],
    Int16Array(512) [
        -447,    -58,    230,    700,   1243,   1907,  2751,   3512,
        4103,   4742,   5218,   5720,   6297,   6662,  7059,   7282,
        7541,   7847,   8086,   8251,   8517,   8821,  9213,   9417,
        9525,   9675,   9661,   9628,   9636,   9703,  9582,   9138,
        8428,   7306,   5741,   4305,   3143,   2485,  1755,   1008,
         607,    253,   -168,   -996,  -1724,  -1934, -2399,  -3263,
       -4062,  -5009,  -6079,  -7304,  -8476,  -9273, -9888, -10283,
      -10780, -11061, -11041, -10925, -10664, -10086, -9567,  -9096,
       -8663,  -8342,  -8030,  -7876,  -7659,  -7506, -7308,  -7155,
       -7024,  -6562,  -5967,  -5349,  -4538,  -3486, -2383,  -1402,
        -421,    477,   1227,   2061,   2545,   2836,  2938,   2716,
        2796,   2924,   2871,   2896,   2883,   2888,  2651,   2440,
        2513,   2646,   2630,   2564,
      ... 412 more items
    ],
    Int16Array(512) [
      -2206, -1642, -1178,  -624,  -208,    44,   370,   649,   896,
        982,  1655,  2127,  2679,  3254,  3674,  4132,  4543,  4964,
       5374,  5733,  5881,  5917,  6120,  6165,  6072,  6019,  6145,
       6322,  6495,  6842,  6930,  7094,  7388,  7557,  7604,  7986,
       8298,  8643,  8884,  8802,  8768,  8360,  7612,  6760,  5621,
       4507,  3731,  2835,  1735,   483,  -579, -1267, -2263, -3484,
      -4521, -5217, -5715, -6327, -7003, -8042, -9095, -9817, -9927,
      -9620, -9759, -9994, -9991, -9298, -8371, -7833, -7238, -6619,
      -6073, -5454, -4848, -4300, -3959, -3756, -3478, -3207, -2850,
      -2440, -2170, -1620, -1208,  -978,  -692,  -398,  -161,  -147,
       -273,  -316,  -174,    13,   152,   157,   207,   385,   733,
        970,
      ... 412 more items
    ],
    Int16Array(512) [
       -479,   431, -1286, -1474,  1562, -2469,  -125,  1559, -2053,
        146,   766,  -769,   646,  -537,   215,   694,  -645,  -920,
        366,  -743,  -806,   180, -1502,  -157,   711,  -576,  1089,
      -2808,   958,  1111, -1724,  -994,  2387,  -149,  -101,  -713,
       1039,  2015, -2625,  2013,   937,   429,  -185,  2979,   291,
      -2938,  5822, -2067,  -226,  3103,    73,  2910, -1566,  2880,
       1336, -1255,  2017,  1535, -2596,  3635,  -169, -1049,  2876,
       -661,  1976, -2436,   256,  3163, -1742, -2071,  4327, -2216,
      -2726,  4226, -1701,  -660,  -722,   -70,  -569, -1143,   307,
       1218,  1292, -3644,  4943, -2019, -1121,  3954, -2326,  1049,
        767,  1141,   814,  2112, -3027,  3119,   636, -2632,  5273,
      -3342,
      ... 412 more items
    ],
    Int16Array(512) [
       7721, -4569, -6045,  8190, -5831, -9097, 13947, -6317, -4863,
       4098,   703,   101, -4914,  4728,   476, -4517,  3130,  2681,
      -6133,  -584,  5173, -6641,  2174,  1500, -6433,  4054,  -401,
        -13, -2336, -1180,  5716, -3062, -4002,  4839, -1291,   803,
       1531, -4859,  3982,  -438,  1323,    28, -5826,  9441, -3914,
        228,  2448, -4737,  7736, -2795,   204, -3699,  1034,  5871,
      -3650, -4666,  5268,   149,  -415, -2184,  1014,  1945, -3859,
       2321, -2291,   958,    -6,  1129, -1848, -3200,  7133,   -97,
      -5650,  4468,  5674, -3464, -1698,  5817, -1172,  1642,  -711,
      -4445,  6972,  1710, -6398,  4702,   -70,  -765,   171,  3892,
      -5491,  1610,  8057, -8878,  -678,  7917,  -408, -5692,  5437,
        573,
      ... 412 more items
    ],
    Int16Array(512) [
       3417, -3197,  -624,  4276, -3030, -2190,  3542, -1472, -1121,
       3160, -1464,   168,  -413,   685,  1161, -4155,   470,  1777,
      -2497,  -627,   794, -2421,  -600,  -131, -1960,  1169, -1299,
       -477,  -361, -1069,  1822, -2221,  -548,   246, -2240,  -257,
       -174, -1077,   712,   228,  1655,  -759,  -944,  3159, -2927,
       1971,  -342,  -622,  1854,  -951,  1718,  1629, -2700,   998,
       2146, -2140,  1621,  -777,  -271,  2623, -1696,   281,  1856,
      -1401,   353,   504,   659,   965,  -243,   364,  -118,  -524,
        903,   412, -1220,   264,  -141,  -335,  -184,   -96,  1575,
       -269,  -801,   378,  2450,   771,  -696,  3575,  -579, -1655,
       3178,  -321,   -20,  2479, -2513,  1096,  2628,    28,   826,
        805,
      ... 412 more items
    ],
    Int16Array(512) [
       -6472,  -6295,  -7073,  -7436,  -7054,  -5908,  -5157,  -5263,
       -4663,  -3550,  -1956,   -926,   -187,    815,   1034,   1412,
        2401,   3719,   4767,   5309,   5365,   5484,   5855,   6398,
        6395,   6051,   6199,   5517,   5286,   5574,   6064,   5873,
        4859,   4427,   3850,   3913,   4101,   4150,   4643,   4536,
        4790,   5458,   6330,   7327,   7672,   7764,   8416,  10145,
       11668,  12752,  13890,  14615,  15081,  16782,  17062,  16301,
       14483,  11390,  10350,   9797,   5968,    601,  -3892,  -3571,
       -1128,  -2195,  -6777, -12657, -15616, -16364, -18128, -18951,
      -18953, -18652, -19470, -19758, -16933, -14282, -14203, -15860,
      -16696, -14079,  -9733,  -5896,  -3295,  -2373,  -1690,   -416,
        1048,   3425,   5432,   6131,   5871,   7306,  10206,  11670,
       11497,  10126,   8329,   7168,
      ... 412 more items
    ],
    Int16Array(512) [
       -7329,  -4705,  -2759,  -1623,  -2236,  -3504,  -4125,  -3748,
       -1947,   -190,   1076,   2809,   3784,   4806,   5065,   5513,
        5171,   4764,   5170,   5763,   7588,   9415,   9704,   9340,
        8157,   6727,   6090,   6335,   7383,   8101,   7616,   7207,
        7134,   6961,   6897,   6793,   6977,   7254,   8060,   9084,
       11445,  12371,  13141,  14181,  14753,  15790,  18084,  18282,
       14612,   6487,  -4365, -11217, -10741,  -4635,    -58,  -2332,
       -9206, -16132, -20667, -22915, -23770, -22986, -20319, -18414,
      -16791, -13975, -10627,  -8384, -10075, -12491, -13018,  -8483,
        -761,   5689,   9927,  10437,   8428,   5044,   3863,   4999,
        7709,  10278,  11795,  11938,  11795,  10739,   8327,   5395,
        1377,  -2321,  -4880,  -4774,  -2583,   -910,  -2002,  -5572,
       -9762, -12708, -13969, -12877,
      ... 412 more items
    ],
    Int16Array(512) [
        1796,   1459,    505,   -499,   -551,    -34,    870,   2137,
        2805,   3527,   2284,   1876,    665,    226,   -223,  -2425,
       -3536,  -3927,  -3112,  -2263,  -2249,  -3129,  -4394,  -6063,
       -6604,  -6354,  -4997,  -3350,  -2663,  -2126,  -1632,  -1014,
        -223,     42,    676,   1473,   2302,   3648,   5284,   7033,
        8041,   8147,   7921,   8293,   8883,  10091,  10463,  11318,
       11411,  11490,  11046,  10056,   9615,   8595,   8179,   7543,
        7830,   7870,   8434,   8131,   8000,   7450,   7096,   7107,
        7162,   8169,   9210,  10102,  11298,  11140,   9271,   4342,
       -3272,  -8812,  -9070,  -3485,   1143,    862,  -4273,  -9149,
      -11616, -11851, -12937, -14305, -14899, -14763, -13364, -11128,
       -8250,  -6179,  -7017,  -9868, -12265, -12531, -10270,  -6512,
       -2712,   -484,   -310,  -1072,
      ... 412 more items
    ],
    Int16Array(512) [
       -9556, -10877, -12365, -12483, -11546, -11460, -12224, -13688,
      -15042, -15859, -15978, -15043, -13384, -11504, -10249,  -9522,
       -9069,  -8124,  -7186,  -5957,  -4454,  -2979,  -1175,    446,
        2597,   4747,   6284,   6837,   6641,   6656,   7164,   7855,
        8790,   9741,  10200,  10345,   9685,   8715,   8172,   7383,
        6484,   5165,   4062,   3287,   2629,   2000,   1029,   -765,
       -2716,  -4874,  -6879,  -7756,  -8030,  -7916,  -8226,  -8805,
       -9661, -10604, -11259, -11735, -11679, -10915,  -9761,  -8402,
       -6969,  -5504,  -4498,  -4029,  -3726,  -3395,  -2622,  -1146,
         709,   2565,   4110,   4971,   5155,   5068,   5068,   5044,
        5257,   5464,   5791,   6336,   6711,   6545,   5994,   5265,
        4196,   3429,   3001,   3170,   3478,   3593,   3187,   2993,
        2491,   2028,   1485,   1528,
      ... 412 more items
    ],
    Int16Array(512) [
        9325,   9674,  10757,  11428,  12619,  11692,  10229,   8529,
        8389,   9683,  11432,  12349,  13100,  12529,  10529,   5616,
       -4617, -12784, -14836,  -7707,    336,   -203,  -6539, -15283,
      -20910, -24798, -26251, -22718, -16585, -13160, -14089, -16541,
      -16744, -15513, -15952, -16720, -15032, -10031,  -3629,    997,
        3819,   4358,   1956,  -1409,  -2384,   1024,   7288,  12643,
       15189,  15192,  12106,   7928,   4956,   4879,   6596,   7487,
        7268,   6703,   5636,   3973,    550,  -3605,  -6503,  -8133,
       -7965,  -6698,  -4888,  -4376,  -6062,  -9330, -12858, -14739,
      -13885, -10735,  -7131,  -4750,  -4594,  -5556,  -6537,  -6771,
       -6141,  -4222,  -1091,   1637,   3597,   3715,   3605,   1350,
       -1390,  -1902,   -421,   3056,   4845,   5228,   3771,   1164,
       -1742,  -3616,  -4011,  -2917,
      ... 412 more items
    ],
    Int16Array(512) [
         158,    621,    479,   -507,  -2163,  -2739,  -2826,  -1918,
        -876,   -572,   -344,   -813,  -1374,  -1379,  -1183,   -167,
         818,   1590,   2357,   3043,   3707,   3969,   3866,   4364,
        5140,   6373,   7360,   8244,   8685,   8831,   8314,   7884,
        7643,   7848,   8122,   8657,   9093,   8979,   8479,   7746,
        7228,   7323,   7754,   8955,   9558,   9399,   9946,   9617,
       10816,  10756,  10692,  11186,  10014,   8225,   1280,  -5583,
       -7530,  -4159,   1726,   1494,  -3478, -10131, -15414, -18339,
      -18810, -16880, -13589, -12182, -13386, -14901, -16290, -15366,
      -15169, -14823, -13244, -10825,  -6859,  -3810,  -1408,  -1285,
       -2762,  -4108,  -3236,    189,   4449,   8042,   9748,  10007,
        8507,   6281,   5112,   5842,   7779,   8978,   8960,   8176,
        7325,   5940,   3965,   1633,
      ... 412 more items
    ],
    Int16Array(512) [
       3020,  6337,  9531, 10371,  9470,  7825,  6670,  6787,  6752,
       7533,  8494,  9241,  8992,  7481,  5108,  2447,   244,  -890,
       -889,  -464,  -294,  -836, -2240, -4662, -7523, -9404, -9688,
      -9025, -8014, -7406, -7213, -7677, -8684, -9554, -9758, -9163,
      -7340, -5612, -4097, -3030, -2213, -2410, -3380, -3036, -1918,
       -101,  1028,  2064,  3314,  3361,  2417,  1148,   381,   408,
        725,  1492,  2295,  2508,  2046,   714,  -904, -1805, -2040,
      -1691,  -918,  -495,  -287,  -731, -1366, -2019, -2494, -2303,
      -1704,  -791,   226,  1056,  1603,  1832,  1471,  1447,  1553,
       2076,  3308,  4272,  5306,  5664,  5606,  5221,  5042,  4651,
       5151,  5462,  5835,  6610,  6657,  7010,  6422,  5814,  5758,
       5575,
      ... 412 more items
    ],
    Int16Array(512) [
        -664,   -772, -1523, -2050, -2356, -1693,   -437,    655,
        1777,   2259,  2675,  2817,  2805,  3231,   3744,   4602,
        5438,   6030,  6575,  6584,  6513,  6118,   5760,   5894,
        6169,   6416,  6596,  6485,  6086,  5727,   4951,   4662,
        4266,   4025,  3885,  3660,  3728,  3985,   4130,   3869,
        3373,   2975,  3019,  3397,  3487,  3565,   4053,   5259,
        6044,   6490,  6007,  4706,   645, -3570,  -6016,  -4900,
       -1377,   -583, -1216, -3265, -5858, -8159, -10517, -11313,
      -10700, -10093, -8860, -7983, -7048, -7019,  -8165,  -9512,
      -10022,  -9632, -7688, -5560, -2940, -1536,  -1618,  -1787,
       -2166,  -1942, -1551, -1008,   490,  2530,   4109,   4983,
        4854,   4285,  3240,  2545,  2220,  2424,   3557,   4297,
        4342,   3769,  2619,  1098,
      ... 412 more items
    ],
    Int16Array(512) [
       5975,  6482,  5798,  4870,  3229,  1883,  1551,   865,  1626,
       1715,   841,   672,  -678, -2047, -3262, -4385, -4668, -4437,
      -4166, -4355, -4968, -5506, -5930, -6179, -6670, -7098, -6572,
      -5883, -5252, -4661, -4465, -4187, -3819, -3760, -3426, -2923,
      -1837,  -672,   307,  1331,  1670,  1307,  1045,   936,   945,
       1638,  2265,  2961,  3503,  3508,  3039,  2647,  2408,  2191,
       2051,  2038,  2097,  2355,  2405,  1841,  1471,   560,  -385,
      -1326, -1702, -1209,  -993,  -968, -1328, -1793, -2590, -3433,
      -3454, -3159, -2865, -2649, -2528, -2294, -2712, -3572, -3882,
      -3078, -2095, -1814, -2073, -2301, -1927, -1588, -1109,  -661,
      -1007, -1735, -1400,  -540,  -161,   554,  1400,   723,   332,
      -1077,
      ... 412 more items
    ],
    Int16Array(512) [
      -1315,  -606,  -737, -1157, -1601,  -394,    13,  -760,  -216,
       -714, -1048,   386,  1033,   200,  1013,  1184,   209,  -897,
      -2073,  -265,  1725,  2510,  -113, -1368,   -12,  -694,   -43,
        461, -1088,  -774,   169, -1941,  -285,  1369, -1931, -1799,
        254,  -862,  -610, -1168, -3132,   604,  1221,  -961,  -855,
       -727,  -167,  -487,   341,   260,  -846,   -23,   711,   103,
       1182,  -243, -1612,   709,  2117,   646,   171,   284, -1444,
      -1524,  1384,  3048,  2710,  2198, -3260, -2091,  3262,   626,
       2335,  4005, -1689, -2681,  2952, -1427,  -868,  9283, -1175,
      -5555,  3134,   -95,   -85,  4490,   280, -3003,  2459,  1435,
      -2901,  2278,  4852,   816, -1287, -2422, -2612,  5767,  5844,
      -1936,
      ... 412 more items
    ],
    Int16Array(512) [
        627,   436, -1237, -1896, -3275, -1653, -1196,   -36,  1570,
      -1843, -2931, -1215, -1439,  -488,   208,  -892, -1311, -2020,
      -1873, -1066,  -969,   272,  -408,  -941, -2051, -3038,  -175,
         41,  -395,   288,   -49,  -565,  -369,   782,  1206,   206,
       -163,  -536,  1339,  1162,   282,     2,   873,  -262, -1090,
       2555,  2031,   641,  -342, -2484,    60,  2705,  3628,   495,
      -1907, -1586,  -566,   481,  1387,  4350,  2466, -1075, -2520,
         74,  -599,   689,  3910,  3011,  4150,  -322, -1960,  2101,
       -106,  -394,  5255,  2849,   736,  1034, -4021,  -216,  5087,
       3245,   359, -1729,   315, -1049, -1828,  4600,  4159,   602,
       -510,    65,  2376,  -499,  -450,  4414,  2795,  -843,  -997,
       2442,
      ... 412 more items
    ],
    Int16Array(512) [
      -1173, -1413, -1470, -1387, -1261, -1065, -1270, -1084, -1316,
      -2251, -2504, -2046, -1677, -1681, -1092,  -805, -1102, -1252,
      -1648, -1931, -1401, -1307, -1296,  -753, -1099, -1158,  -282,
        276,   327,   285,    97,   191,   -54,     8,   758,   782,
        883,  1058,   909,   939,  1182,  1302,  1494,  2054,  1876,
       1831,  2423,  2792,  2814,  2588,  2586,  2281,  1801,  2692,
       3001,  3245,  3644,  3099,  2566,  1944,  1634,  2038,  2523,
       2520,  2470,  2108,  1664,  1968,  2482,  1941,  1795,  1887,
       1204,  1073,  1114,  1203,  2091,  2447,  2801,  3130,  2635,
       2649,  2535,  2334,  2306,  3008,  4062,  4297,  4959,  5489,
       4440,  3954,  4022,  3540,  3698,  3917,  3894,  3590,  2315,
        721,
      ... 412 more items
    ],
    Int16Array(512) [
       1850,  1983,  2066,  2025,  2181,  2224,  2132,  2038,  1720,
       1546,  1520,  1670,  1789,  1856,  1430,  1248,  1100,  1103,
       1362,  1323,   929,   521,   727,   818,   424,   401,   470,
        671,   918,   756,  1365,   941,   503,   286,   353,   600,
        977,  1392,  1712,  1578,  1338,  1032,   981,  1084,   914,
       1384,  1665,  2091,  2321,  2636,  2885,  3758,  4222,  4747,
       4433,  4186,  3610,  3156,  2477,  1266,   144,  -627, -1124,
      -1533, -2112, -2905, -3502, -4053, -4584, -5253, -5352, -5379,
      -4715, -4025, -3699, -3349, -2858, -2946, -2522, -2312, -2061,
      -1439,  -733,   -16,   420,   635,   522,   635,   548,   598,
        615,   622,   664,  1043,  1030,  1315,  1256,   951,   746,
        230,
      ... 412 more items
    ],
    Int16Array(512) [
        587,   689,  1008,   987,  1172,  1165,  1209,  1118,  1067,
        869,   817,   752,   766,   794,   606,   512,   575,   374,
        292,   287,   200,   375,   457,   481,   567,   757,   829,
        999,  1055,  1067,   963,  1056,  1144,  1312,  1563,  1790,
       2096,  2211,  2427,  2524,  2320,  2105,  1904,  1493,  1331,
       1408,  1598,  1555,  1507,  1327,  1080,   727,   217,  -114,
       -357,  -634,  -984, -1025, -1194, -1254, -1234, -1116, -1068,
      -1097, -1131, -1201, -1386, -1744, -1715, -1800, -1901, -1982,
      -2012, -1968, -1771, -1602, -1493, -1608, -1637, -1484, -1390,
      -1447, -1411, -1378, -1309, -1202, -1079,  -901,  -551,  -104,
          2,   388,   612,   592,   776,   935,   759,   675,   786,
        691,
      ... 412 more items
    ],
    Int16Array(512) [
      1116, 1316, 1356, 1265, 1210,  1268,  1234,  1091,  1012,   958,
       848,  779,  644,  556,  615,   654,   610,   613,   410,   263,
       269,  317,  330,  339,  312,   160,   131,   153,   236,   106,
        44,   66,   83,  178,  213,    41,   -52,   -37,  -181,  -240,
      -119, -237, -253, -107, -147,  -143,   -58,   -60,  -110,   -25,
       152,   61,   86,  243,  253,   277,   348,   437,   595,   576,
       459,  338,  316,  299,  190,   296,   407,   415,   504,   560,
       589,  565,  402,  341,  179,   300,   417,   503,   495,   272,
        93,  -21,   62,    6,  -16,   -33,  -196,  -429,  -528,  -439,
      -527, -660, -785, -706, -897, -1197, -1441, -1520, -1369, -1283,
      ... 412 more items
    ],
    Int16Array(512) [
      -709, -729, -581, -602, -525, -475, -556, -636, -534, -558,
      -484, -450, -472, -368, -312, -142, -101,   54,  122,  -72,
      -179, -211,  -81,   24,  123,  223,  240,  215,   -1, -243,
      -402, -463, -456, -252, -230, -480, -710, -828, -861, -754,
      -696, -799, -753, -746, -695, -565, -402, -286, -301, -366,
      -351, -388, -568, -519, -429, -349, -381, -328, -273, -235,
      -193, -265, -185, -193, -143, -187, -189, -302, -317, -267,
      -305, -206,   36,  165,  123,  191,  169,  113,  -19,  -62,
       -41,   39,   -9,    2,   -8,  -45, -180, -275, -212, -111,
      -143, -188, -178, -163,  -84, -101, -160, -110, -143, -249,
      ... 412 more items
    ],
    Int16Array(512) [
      -518, -485, -357, -583, -517, -577, -641, -636, -771, -714, -554,
      -380, -369, -366, -431, -403, -518, -605, -507, -383, -244, -184,
       -54,   -4, -119, -256, -107,  186,  309,  504,  487,  430,  466,
       487,  526,  521,  379,  464,  455,  564,  587,  569,  464,  398,
       479,  285,  197,   22,   26,   31,   40,  -33,  -21,  -16,  -73,
       -69, -104,   28,  142,  141,  -50, -177, -330, -266,  -61,  173,
       224,  103,  -96,  -55, -122, -312, -363, -327, -179,   39,  252,
       219,  165,  307,  266,  194,   95,  -21,   31,  196,  304,  333,
       382,  338,  336,  433,  420,  372,  346,  214,  124,   62,  144,
       113,
      ... 412 more items
    ],
    Int16Array(512) [
       -40,  -65,  -90, -198, -175, -261, -446, -381, -377, -377,
      -421, -363, -591, -681, -655, -605, -558, -548, -423, -511,
      -561, -539, -524, -554, -472, -308, -328, -332, -399, -474,
      -456, -380, -321,  -91,    1, -144, -203, -174, -119, -249,
      -197, -107,  -31,  -65, -143, -232, -381, -255, -157,  -99,
         0,  -61, -105, -164, -419, -577, -616, -516, -418, -313,
      -279, -265, -167, -203, -166, -153, -125, -100,  -65,  -94,
      -213, -164,  -38,   44,  119,  204,  327,  346,  161,   62,
       -12,  -62,   67,  123,  161,  250,  298,  367,  215,   75,
      -143, -276, -276, -102, -146, -273, -105, -223, -245, -399,
      ... 412 more items
    ],
    Int16Array(512) [
       100,  -87,   20,  -99,   17,  -25,  -42,  -20,  -24,   49,    0,
       -25,  -28,  -57, -164,  -82, -181, -243, -272, -339, -517, -501,
      -452, -494, -543, -510, -585, -580, -530, -474, -477, -348, -144,
      -147, -175, -180, -407, -409, -323, -301, -299, -317, -308, -329,
      -136,  -64,  -14,   35,   78,   27,   12, -181, -308, -395, -443,
      -459, -542, -588, -629, -779, -809, -708, -732, -785, -762, -733,
      -579, -386, -312, -111,  -15,   -7,  -55,    0,   90,  -11,    0,
        42,  -12,  -25,  -27,  -12, -127, -117,   -7,  -50, -226, -298,
      -227, -126,   24,  107,  148,  136,  258,  392,  281,  169,   71,
      -100,
      ... 412 more items
    ],
    Int16Array(512) [
       131,  230,  377,  299,  256,  255,  188,  165,  291,  319,  350,
       362,  322,  201,  230,  346,  273,  111,  -20,  118,   30,   30,
       149,   92,  117,  106,   80,   55,   80,   68,  223,  314,  358,
       372,  397,  395,  251,  149,    8,   28,   44,   37,  -16, -154,
       -94, -136, -206,   44,  167,  395,  597,  506,  478,  288,   95,
        26,   47,  -68, -235, -344, -470, -693, -763, -722, -565, -376,
      -256, -256, -358, -335, -396, -361, -314, -461, -523, -412, -320,
      -210,  -81,   22,  -14,  -90, -100, -160, -295, -343, -251,  -72,
       175,   89,  -11,  -97,  -59,   42,   57,  -31, -103, -209, -174,
      -103,
      ... 412 more items
    ],
    Int16Array(512) [
         36,  -24,   39,  171,  240,  327,  328,  424,  293,  186,
        238,  180,  246,  258,  135,  320,  381,  285,  319,  278,
         88,  109,   -3, -243, -377, -406, -336, -278, -137, -251,
       -286, -274, -373, -153,  -57, -168, -226, -183,  -68,  -29,
         36,  -53, -127,  -63,   -4,  107,  138,   61,    0,  -60,
        -37,  -86, -115,  -96, -192, -172,  -86,   84,   95,   -2,
        -51,  -34, -130, -159,  -98, -131, -214, -307, -353, -358,
       -399, -401, -426, -381, -313, -333, -320, -405, -377, -421,
       -429, -405, -536, -692, -772, -660, -635, -752, -925, -984,
      -1067, -958, -765, -644, -543, -522, -529, -640, -565, -679,
      ... 412 more items
    ],
    Int16Array(512) [
       129,   9,   46,  189,  269,  541,  567,  496,  523,  414,  257,
       164, 224,  205,  289,  401,  570,  623,  605,  513,  416,  510,
       525, 644,  798,  893,  694,  393,  334,  270,  273,  360,  321,
       307, 288,  253,  297,  225,  259,  358,  426,  413,  292,  284,
       188, 111,  126,  193,  226,  259,  277,  182,  153,  132,  148,
       192, 259,  225,  267,  287,  250,  329,  208,  162,  180,  140,
       151, 177,   82,  -13,  -65,   43,   61,    1,   39,   37,   45,
        79,  -7, -127, -142, -250, -107,  -88, -112, -122, -132,  -78,
        17, 112,   61, -182, -128, -254, -342, -208, -132, -131, -228,
      -202,
      ... 412 more items
    ],
    Int16Array(512) [
       49,  26,  53, -83, -277, -112,  -18,  151, 173, 194, 257,
      258, 251, 291, 228,  287,  325,  286,  261, 126, 167, 180,
      131, 131, 132, 165,  196,  396,  529,  641, 608, 528, 464,
      474, 601, 629, 584,  545,  597,  683,  669, 683, 702, 627,
      467, 243, 270, 325,  376,  451,  532,  662, 672, 529, 287,
      152, 285, 382, 473,  475,  395,  457,  566, 650, 517, 412,
      311, 410, 461, 517,  516,  600,  624,  488, 511, 537, 562,
      506, 298, 197, 158,  143,  238,  302,  317, 394, 458, 523,
      538, 402, 350, 130,   38,   11, -159, -148,   1,  42, 129,
      121,
      ... 412 more items
    ],
    Int16Array(512) [
      -134, -147, -178,  -92, -197, -247, -277, -261, -156, -196, -151,
      -311, -329, -357, -271, -222, -311, -308, -221,  -82, -124,   81,
        82,   64,   -8, -124, -189, -190,  -93, -129,  -15,   56, -125,
      -368, -302, -403, -448, -383, -239,  -75,  -31,  -24,  -88, -212,
      -424, -495, -381, -353, -228, -139,  -55,  -71, -179,  -34,   83,
       -59,  -63, -118,  -34,   86,  239,  279,  242,  236,   89,   26,
        87,  149,  245,  390,  321,  374,  381,  478,  455,  428,  462,
       422,  442,  405,  444,  334,  298,  298,  222,  205,   93,   64,
       109,   54,  -15,   -1,   43,  161,  308,  431,  344,  106,   20,
      -111,
      ... 412 more items
    ],
    Int16Array(512) [
       113,  79, 127, 194,  124,  295,  311,  237,  208,    4,  -45,
        -2,  52,  76,  -6, -182, -181, -108,   83,   93,  167,  248,
        90, -36, -64, -16,  -66,  -44,    1,  105,  179,  271,  305,
       241, 232, 167,  -7, -144, -120,   41,   57,   45,  134,  210,
       230,  69,  12, 166,  167,   20, -159, -233, -233, -213, -150,
      -229, -62,  74,  97,   89,   59,  154,  181,  348,  442,  462,
       450, 370, 370, 356,  278,  235,  223,  272,  410,  417,  410,
       355, 174, 100,  84,  241,  330,  362,  580,  803,  783,  700,
       599, 484, 588, 698,  733,  719,  669,  686,  568,  352,  357,
       398,
      ... 412 more items
    ],
    Int16Array(512) [
       -87, -108,  -38,  -68, -108, -200, -208, -148,    0,  160,  230,
       288,  147,  -17,  168,  280,  290,  292,  366,  268,   59,    7,
       -14,   -5,    9,  164,   20,  -71,  -53,  -98,  -16,  133,  155,
       171,  288,  363,  208,  188,  214,  274,  276,  190,  117,  -94,
      -253, -319, -335, -284, -354, -426, -406, -314, -309, -287, -357,
      -411, -417, -370, -365, -386, -459, -431, -303, -240,  -30,   67,
       108,  -45,  -81,  135,  247,  199,  251,  216,  202,   76,    3,
        34,  -36,  -70, -113,   20,  -39,   12,  195,  336,  353,  480,
       610,  539,  506,  296,  205,  222,  190,  243,  302,  179,  228,
       124,
      ... 412 more items
    ],
    Int16Array(512) [
      -452, -384, -398, -429, -405, -337, -212, -261, -381, -384,
      -317, -278, -200, -137, -273, -354, -336, -266, -281, -338,
      -279, -213,  -64,  -61,  -43,  -39,   -2,   62,  -67,  -77,
      -128, -106,   60,  181,  196,  273,  226,  152,   82,   41,
       -46,  -35,  -87,   -2,   55, -153, -105, -240, -260, -199,
      -294, -363, -342, -346, -420, -378, -369, -384, -370, -236,
      -274, -100, -178, -298, -342, -406, -312, -531, -575, -755,
      -737, -805, -868, -716, -742, -807, -765, -698, -675, -577,
      -469, -367, -172, -207, -218, -113,  -57, -144, -160, -191,
      -334, -460, -541, -366, -261, -219, -260, -339, -325, -344,
      ... 412 more items
    ],
    Int16Array(512) [
        31,    3, -181, -270, -382, -288, -256, -219, -275, -252, -200,
      -172, -148,  -99,   54,   -4,   35,  165,  346,  395,  428,  514,
       530,  474,  438,  318,  361,  379,  242,  215,  220,  381,  397,
       370,  324,  138,  -26,   65,  174,  213,  183,  259,  418,  448,
       366,  327,  222,  222,  205,  146,  149,   93,   19, -100, -109,
      -108, -100, -146,  -64,  -30,  -23,   45,   17, -142, -261, -306,
      -130,  116,  163,  291,  253,  178,   84,   -3,  -25,  -77,  -82,
        21,  111,  176,  193,   49,   97,   44,  -34,  -96, -133, -287,
      -347, -347, -240,  -79,  -77,  -13,   45,  125,   -8, -120,  -74,
        15,
      ... 412 more items
    ],
    Int16Array(512) [
      -270, -249, -190, -137, -232, -103, -127, -183, -271, -359, -422,
      -464, -326, -288, -293, -182, -214, -414, -515, -545, -661, -606,
      -568, -612, -622, -653, -494, -370, -292, -270, -210,  -83,  -39,
        -1, -222, -317, -371, -303, -294, -348, -247, -160,   -2,  -85,
        31,  192,  242,  192,   74,   55,  188,  159,  107,  133,   97,
         3,  -71,  -52,  195,  338,  376,  211,  102,   -6, -148,  -80,
       -39,  157,  -10,  -43,  -70,  -21,  104,  156,  270,  279,  249,
       167,  138,  163,  244,  307,  272,  171,   58,  -40,  -93, -104,
       -47, -127, -260, -345, -460, -433, -380, -210,  -61,  -84,  -39,
       -88,
      ... 412 more items
    ],
    Int16Array(512) [
      -444, -319, -321, -361, -488, -548, -611, -560, -384, -281, -261,
      -508, -653, -680, -631, -664, -576, -609, -642, -516, -369, -247,
      -137,  -87, -180, -226, -341, -464, -471, -527, -523, -459, -410,
      -309, -310, -247, -350, -397, -333, -345, -168, -154, -212, -213,
      -254, -294, -225, -140,  -58, -212, -158,  -45, -114,   31,  223,
       400,  472,  563,  636,  596,  490,  344,  361,  394,  490,  577,
       588,  497,  492,  543,  492,  476,  309,  208,  206,  124,   70,
         0,  -66, -157,  -20,   -2,  147,  267,  303,  329,  179,  216,
       257,  212,   21,  104,  101,    5, -111, -309, -434, -529, -438,
      -262,
      ... 412 more items
    ],
    Int16Array(512) [
       221,  130,  137,  115,   20,  -26,  -59, -260, -275, -192, -222,
      -274, -410, -497, -442, -437, -225, -138,  -16,  -64, -151, -137,
      -185, -237, -299, -133,  -45,   58,  171,   74,   46,   60,   91,
        20,  -18,  -70, -187, -254, -273, -372, -586, -716, -786, -713,
      -621, -472, -489, -496, -401, -293, -192, -108,  -57,  172,  287,
       283,  185,  193,  186,  206,  362,  300,  408,  393,  323,  309,
       199,  130,  161,  356,  503,  560,  635,  676,  544,  367,  380,
       469,  442,  465,  489,  457,  443,  490,  392,  343,  436,  473,
       380,  206,  105, -179, -301, -263, -227, -231,  -85,  -61, -133,
        40,
      ... 412 more items
    ],
    Int16Array(512) [
      -145,  -69,  111,  178,  148,  200,   35, -207, -396, -293, -242,
      -299, -303, -358, -330, -312, -303, -154,  -57,   -2,   81,  -77,
      -220, -227, -209, -202, -285, -169,  -33,  -80, -179, -123,  -69,
        87,  123,  116,   25,  -88, -126, -212, -332, -382, -422, -462,
      -446, -547, -490, -434, -466, -462, -494, -519, -536, -606, -568,
      -572, -647, -661, -648, -654, -687, -689, -717, -706, -611, -568,
      -569, -609, -738, -667, -658, -708, -804, -803, -673, -583, -408,
      -339, -395, -452, -532, -357,   -1,  213,  175,   72,   61,  154,
       198,    3,  -31,   86,   77,    3,  -67,  -71, -158,  -12,  119,
        92,
      ... 412 more items
    ],
    Int16Array(512) [
       537,  485,  418,  456,  365,  382,  397,  349,  300,  305,  349,
       345,  335,  408,  306,  130,   -7,   -1,   -8,   87,  158,  268,
       453,  481,  542,  406,  294,  271,  188,   97,   53,   98,   36,
        31,  103,   76,   33,   91,  -31, -183, -247, -267, -297, -330,
      -475, -401, -377, -284,  -68,  -34,   13,  -79, -264, -272, -382,
      -441, -534, -455, -354, -520, -630, -579, -412, -454, -409, -363,
      -221, -159, -274, -335, -548, -641, -791, -687, -648, -596, -486,
      -369, -217, -236, -169,  -74, -142,  -86,  -15,  -28,  -78,  -59,
        12,   15,  142,  130,   78,   75,  125,  112,  163,  125,  133,
       163,
      ... 412 more items
    ],
    Int16Array(512) [
       401,  321,  373,  445,  420,  337,  428,  546,  528,  409,  326,
       276,  361,  379,  551,  619,  719,  667,  639,  797,  719,  685,
       713,  661,  460,  332,  297,  236,  111,   86,  331,  326,  305,
       323,  311,  235,   29,  160,  207,  277,  259,  260,  395,  390,
       467,  429,  222,  149,   87,  109,   77,   70,   -5, -124, -173,
      -297, -254, -283, -305, -264, -235, -249, -344, -441, -514, -497,
      -514, -333, -294, -201, -311, -384, -418, -453, -357, -520, -537,
      -507, -388, -368, -424, -396, -435, -433, -507, -397, -189,  -83,
        -2,   31,  -51, -151, -209, -210, -150, -112, -180, -158, -192,
      -215,
      ... 412 more items
    ],
    Int16Array(512) [
       -21,  -27,   53,   48,   37,  -83, -152,  -41,  -80, -141, -198,
      -133,   71,  270,  226,  225,  195,  267,  219,  257,  251,  233,
       224,  327,  323,  222,  288,  244,  262,  156,   85,  100,   93,
       138,   29,  112,  247,  252,  318,  205,   49,   33,  -68,  -24,
       124,  210,  272,  200,  280,  254,  226,  192,  165,  208,  152,
       149,  184,  182,  184,  170,  142,  -26, -121,  -86, -116, -144,
      -221,  -87, -157, -167, -114, -187, -199, -261,  -73,    5,  -39,
      -107, -128, -181,  -97, -238, -161,  -93,  -56,   74,  -84, -152,
      -182, -188, -229, -150,  -92, -116, -118, -142, -269, -387, -346,
      -252,
      ... 412 more items
    ],
    Int16Array(512) [
      100, 148, 157, 181, 117, 172, 110, -50, -91, -218, -166,
      -56, -17,  -5,  80,  75,  82, 184, 262, 329,  373,  335,
      298, 361, 229, 160, -10, -78,  53, 191, 316,  373,  419,
      419, 463, 395, 405, 377, 378, 320, 294,  87,  -20,   14,
       69, 332, 508, 751, 719, 692, 697, 839, 817,  833,  860,
      739, 625, 622, 737, 730, 635, 572, 573, 457,  383,  303,
      303, 244, 209, 255, 388, 525, 526, 526, 610,  559,  577,
      685, 712, 611, 565, 529, 535, 684, 701, 729,  648,  477,
      255, 162, 247, 177, 126, 198, 321, 275, 125,  174,  144,
      147,
      ... 412 more items
    ],
    Int16Array(512) [
       -12,   88,   39,  -65, -211, -365, -525, -563, -519, -303, -185,
      -150, -259, -470, -516, -357, -296, -251, -229, -186, -324, -354,
      -396, -308, -191, -158, -241, -331, -234, -221, -223, -152, -209,
      -255, -195, -100,   29, -195, -235, -233, -195,  -56,  -35,   82,
       281,  463,  597,  712,  645,  451,  375,  394,  260,  223,  253,
        93,  136,  134,  200,  305,  271,  215,  179,  180,   87,  -35,
       -87,  -78,  -10,   74,   83,  167,  142,   76,   42, -123, -204,
      -301, -213, -231, -178,  -42,   -8,  142,   82,  123,  204,  248,
       267,  263,  233,  321,  519,  596,  609,  519,  562,  598,  630,
       622,
      ... 412 more items
    ],
    Int16Array(512) [
      -276, -219, -151,  -84, -173, -281, -335, -361, -223,  -89,  -63,
      -133, -150, -173, -170, -132,  -84,  -58,  -12,   29,   -2,  -49,
      -182, -148,  -97,  -90, -123, -223, -257, -325, -510, -483, -412,
      -611, -700, -750, -717, -720, -732, -728, -592, -435, -452, -543,
      -509, -444, -329, -196, -100, -150, -242, -261, -310, -285, -292,
      -335, -274, -118,  -22,   85,  165,  182,  339,  372,  375,  481,
       292,  210,  166,  -10,   59,   99,  177,  268,  392,  402,  319,
       273,  357,  414,  393,  304,  269,  292,  227,  188,   66,   12,
        15,   67,   11,    0,   22,    9,  117,  157,   81,   64,   65,
       270,
      ... 412 more items
    ],
    Int16Array(512) [
       384,  383,  446,  515,  498,  369,  293,  265,  127,  145,  308,
       383,  534,  642,  541,  526,  416,  352,  296,  373,  412,  259,
       264,  364,  409,  438,  439,  351,  269,  256,  187,  159,  203,
        88,   90,  179,  -40, -172, -161, -114, -143, -333, -551, -483,
      -338, -263, -149, -109,   18,   12,   -8,  -24,  -90, -226, -155,
       -92,   10,   60,   40,   17,  -54, -135, -215, -156, -119,   13,
        62,  110,  173,  239,  277,  480,  552,  571,  450,  308,  393,
       396,  312,  197,  105,  127,   55,   70,   77,   88,  323,  482,
       481,  413,  426,  491,  539,  370,  294,  357,  384,  391,  303,
       277,
      ... 412 more items
    ],
    Int16Array(512) [
      -349, -444, -485, -423, -428, -444, -353, -161, -190, -260, -267,
      -213, -158, -180, -172,    2,  195,  392,  335,  345,  272,   86,
        87,   17,    1,  -53,  -31, -193, -110,   75,  105,  -38,   58,
       301,  241,  281,  189,  152,   11,  -90,  -16, -100, -170,  113,
       299,  381,  404,  413,  232,   77,   10, -170, -307, -271, -101,
       -94,  -43,   26,   10,  -72, -183, -356, -414, -409, -364, -308,
      -232,   41,   44,  -56,   28,  137,  104,   77,  159,   54,   65,
       177,  367,  261,  271,  294,  282,  330,  246,  187,  214,  234,
       144,    6, -133, -300, -399, -604, -589, -488, -377, -297, -276,
      -248,
      ... 412 more items
    ],
    Int16Array(512) [
       -56, -172, -361, -280, -181, -222, -228, -215, -230, -228, -276,
      -243, -244, -216, -158, -150,   60,  210,  308,  385,  282,  183,
       -67,  -94,  -69,   50,  159,  157,   19, -107,  -70,   87,  176,
       179,  344,  254,  228,  243,   88,   55,   45,  -52,  -98, -112,
       -77,  -58,  -28,  129,  196,  102,   41,    2,  -58,  -91,    8,
        90,  -87,  -35,  -20,   17,   -9,  -47,  144,  204,  170,   99,
       -57, -110, -189, -137, -214, -282,  -15,  231,  361,  426,  611,
       741,  751,  649,  540,  437,  267,  159,   64, -135, -214, -276,
      -301, -245, -150,  -57,  -29,   61,   47,   43,  -62, -219, -263,
      -139,
      ... 412 more items
    ],
    Int16Array(512) [
      -223, -151, -305, -479, -511, -629, -694, -635, -630, -655, -707,
      -709, -696, -648, -521, -480, -433, -304, -276, -295, -282, -301,
      -164, -248, -125,  -34,   40,   22,  -84, -111, -260, -278, -168,
        -7,   55,   44,   75,  156,  408,  615,  514,  526,  520,  362,
       164,  -30,  -39,  -66,   68,  184,  107,  249,  339,  170,  177,
        91,   60,   65,  -76,   40,  106,   90,  227,  482,  518,  529,
       393,  347,  233,  160,  105,   27,   59,  166,  366,  424,  353,
       327,  337,  317,  391,  523,  577,  519,  457,  337,  401,  432,
       403,  577,  695,  662,  446,  353,  336,  323,  372,  312,  133,
       154,
      ... 412 more items
    ],
    Int16Array(512) [
      -449, -469, -560, -502, -427, -364, -305, -254, -342, -504,
      -674, -705, -507, -415, -276, -254, -350, -430, -395, -335,
      -391, -365, -391, -539, -553, -628, -714, -751, -671, -381,
      -363, -385, -371, -421, -561, -539, -361, -376, -325, -328,
      -366, -292, -355, -485, -507, -638, -654, -668, -733, -671,
      -704, -713, -647, -634, -674, -671, -493, -425, -443, -422,
      -450, -393, -212,  -63, -101,  -69,  110,  136,  119,  -51,
      -173, -180, -387, -368, -410, -406, -498, -552, -512, -317,
      -310, -312, -407, -462, -390, -259, -159, -188,   40,  179,
       170,   52,   10,   67,  143,  202,  247,  408,  528,  537,
      ... 412 more items
    ],
    Int16Array(512) [
       -10,   56,  -19,  -90,   22,   20,  166,  282,  449,  523,  398,
       295,  195,  226,  197,  144,   71,   92,    6, -120, -160, -210,
      -111,  -69, -118, -110, -275, -390, -223, -183, -155, -142, -128,
      -168, -331, -404, -390, -355, -352, -329, -291, -310, -361, -450,
      -264, -270, -413, -395, -350, -264, -437, -454, -452, -462, -276,
       -29,  -37,  -93, -136, -134, -167, -156, -180, -360, -310, -156,
      -197, -109,   38,  117,  131,  -20,  -86, -200, -298, -236, -245,
      -181,  -55,   49,   60,  127,  177,  216,  115,   20,  104,  187,
       316,  454,  644,  701,  604,  599,  480,  291,  239,   74,   50,
       188,
      ... 412 more items
    ],
    Int16Array(512) [
       475,  424,  592,  645,  676,  489,  427,  419,  294,  164,
       189,  265,  321,  326,  450,  492,  570,  593,  477,  436,
       249,  106,   57,   96,  123,  115,  142,  170,  -81, -327,
      -560, -575, -577, -550, -517, -396, -270, -172,   18,  145,
       199,  110,   32,   -7,   24,  -90, -149, -235, -186, -144,
      -133, -150, -149, -168, -148, -134, -204, -252, -275, -216,
      -168, -123, -345, -338, -201, -252, -397, -429, -389, -541,
      -676, -769, -737, -717, -552, -464, -389, -321, -295, -319,
      -416, -388, -362, -379, -365, -444, -442, -436, -400, -343,
      -323, -231, -189, -241, -297, -215, -101,  -59, -145,  -90,
      ... 412 more items
    ],
    Int16Array(512) [
       382,  320,  214,  169,   80,    5,   80,  144,  249,  395,
       416,  433,  372,  186,   73,  162,  229,  270,  183,   77,
       179,  318,  341,  293,  301,  212,  126,  153,   79,  -89,
      -239, -249, -212, -143,  -31,  -68, -136, -306, -350, -493,
      -515, -381, -332, -329, -379, -246,   -4,   66,   31,  -85,
      -125, -195, -206, -134, -198, -208, -272, -291, -245, -169,
      -225, -182, -202, -252, -227, -154, -242, -408, -543, -466,
      -249, -189, -130, -174, -243, -402, -491, -622, -705, -759,
      -766, -733, -705, -640, -601, -702, -700, -615, -564, -650,
      -577, -496, -483, -423, -442, -417, -481, -571, -591, -625,
      ... 412 more items
    ],
    Int16Array(512) [
       240, 242, 156,  54,  29, -91, -274, -374, -204, -169,  -98,
       -18, 167, 248, 304, 291, 159,  107,  252,  355,  506,  658,
       649, 643, 451, 551, 568, 629,  647,  661,  623,  497,  315,
       231, 229, 233, 336, 318, 270,  263,  272,  419,  442,  488,
       537, 683, 776, 694, 602, 607,  607,  590,  611,  493,  470,
       424, 414, 396, 247, 159,  -5,  -63,  -48,  -71, -107,   70,
       197, 211, 213,  95,  97,  82,   89,  114,  108,  180,  223,
       231,   4,  35,  68, 113, 123,   21,  -97, -235,   52,   85,
        14, -19,  93, 147, 126,  10,  -21,   54,   -8, -122, -175,
      -134,
      ... 412 more items
    ],
    Int16Array(512) [
      -100, -104, -203, -181,  -94, -207, -196, -116, -123, -72, -169,
      -206, -185, -122,  -21,   41,  134,   57,   79,  126, 155,  108,
       -65,  126,  150,  280,  328,  260,  253,  243,  296, 445,  449,
       365,  233,  206,  195,  167,  371,  383,  357,  355, 295,  267,
       170,  163,  162,  152,  119,  190,  141,  174,  149, 160,   45,
      -113, -192, -244, -180, -222, -141, -171, -212, -187,  59,  147,
       166,  247,  190,  188,  133,   32,  -22,   90,  153, 143,  130,
       116,   16,   35,  -27,  -84,  -37,   20,  105,   38, 179,  230,
       145,  160,  128,   70,   74,  115,  175,   89,    0, -40,  -47,
      -211,
      ... 412 more items
    ],
    Int16Array(512) [
      -165, -206, -205, -274, -271, -345, -317, -278, -339, -428, -531,
      -545, -416, -319, -379, -333, -431, -450, -386, -198,   -2,  112,
       310,  280,  162,  112,   69,   82,   46,  134,  133,  185,  220,
       223,  228,  360,  542,  523,  536,  501,  462,  366,  220,   97,
        79,  119,  225,  191,  202,  155,   14,  -54,  -41,   51,  178,
       311,  355,  387,  326,  337,  382,  294,  195,   78,   28,  -28,
       -83,  -32,  -27, -103,  -45,   55,  224,  165,  107,   93,  109,
       208,  311,  302,  208,   76,   46,   12, -133, -231, -216, -168,
      -227, -260, -266, -269, -225, -120,   84,  235,  282,  356,  328,
       281,
      ... 412 more items
    ],
    Int16Array(512) [
       779,  782,  678,  680,  702,  626,  620,  577,  534,  359,  145,
        85,   99,   48,   -4, -139, -268, -358, -467, -423, -329, -345,
      -351, -233, -249, -267, -231, -100,   10,  116,   26,   23,  107,
        29,  158,  189,  126,   67,    1,  -34,  -59, -149,  -74,  228,
       543,  576,  598,  701,  694,  599,  435,  426,  423,  342,  283,
       318,  440,  455,  481,  531,  495,  539,  445,  309,  207,  269,
       212,  289,  359,  216,  282,  153,  131,  174,  100,  135,  160,
       304,  251,   90,   96,  147,  192,  232,  385,  258,  123,  251,
       326,  425,  424,  425,  381,  307,  359,  296,  340,  492,  599,
       702,
      ... 412 more items
    ],
    Int16Array(512) [
       446,  660,  742,  816,  868,  942,  890,  856,  885,  938, 1023,
       967,  769,  498,  371,  166,  -11, -107, -138, -120,   42,  -22,
      -101,  -38, -124, -146, -146, -177, -241, -297, -370, -392, -318,
      -331, -309, -262, -315, -417, -348, -317, -325, -249, -207, -101,
       -44,   52,  125,  107,   58,  120,   88,  191,  111,   24,   78,
       133,  187,  181,  223,  211,  121,   32,  -61,  -37, -121, -266,
      -418, -435, -445, -520, -511, -622, -526, -409, -215,  -19,   -7,
       -32,  -98, -150, -327, -285, -261, -253, -114,  -51,   93,  314,
       328,  182,  131,  160, -104, -321, -116,    5,  160,  192,  238,
       285,
      ... 412 more items
    ],
    Int16Array(512) [
       289,  244,  198,   69, -170, -201, -102,  -48,  26, 188, 315,
       303,  408,  414,  186,  121,   44,  108,  237, 187,  76, -18,
      -107,  -38,  145,  265,  247,   72,  199,  280, 132, 106, 192,
       233,  256,  218,  158,   59,  -51,   29,   66, 126, 195, 177,
       203,  104,   41,   14,  144,  353,  333,  176, 169,  98,  14,
       -12,  -66,    8,   71,  105,  149,  150,  276, 300, 298, 281,
       333,  287,  154,  -25, -152,  -78,   17,   79, 200, 257, 110,
       150,  125,  178,  128,   97,  -11,  -38,   84,  32,  47, -36,
       -35, -130, -293, -118,  -99, -105, -123, -172, -77, -75, -59,
       -44,
      ... 412 more items
    ],
    ... 55 more items
  ],
  recL: Int16Array(79360) [
    0, 0, 0, 0, 0, 0, 0, 0, 0, 0, 0, 0,
    0, 0, 0, 0, 0, 0, 0, 0, 0, 0, 0, 0,
    0, 0, 0, 0, 0, 0, 0, 0, 0, 0, 0, 0,
    0, 0, 0, 0, 0, 0, 0, 0, 0, 0, 0, 0,
    0, 0, 0, 0, 0, 0, 0, 0, 0, 0, 0, 0,
    0, 0, 0, 0, 0, 0, 0, 0, 0, 0, 0, 0,
    0, 0, 0, 0, 0, 0, 0, 0, 0, 0, 0, 0,
    0, 0, 0, 0, 0, 0, 0, 0, 0, 0, 0, 0,
    0, 0, 0, 0,
    ... 79260 more items
  ]
}
child stt Received: [
  'stt',
  {
    message: 'stt',
    recC: [
      [Int16Array], [Int16Array], [Int16Array], [Int16Array], [Int16Array],
      [Int16Array], [Int16Array], [Int16Array], [Int16Array], [Int16Array],
      [Int16Array], [Int16Array], [Int16Array], [Int16Array], [Int16Array],
      [Int16Array], [Int16Array], [Int16Array], [Int16Array], [Int16Array],
      [Int16Array], [Int16Array], [Int16Array], [Int16Array], [Int16Array],
      [Int16Array], [Int16Array], [Int16Array], [Int16Array], [Int16Array],
      [Int16Array], [Int16Array], [Int16Array], [Int16Array], [Int16Array],
      [Int16Array], [Int16Array], [Int16Array], [Int16Array], [Int16Array],
      [Int16Array], [Int16Array], [Int16Array], [Int16Array], [Int16Array],
      [Int16Array], [Int16Array], [Int16Array], [Int16Array], [Int16Array],
      [Int16Array], [Int16Array], [Int16Array], [Int16Array], [Int16Array],
      [Int16Array], [Int16Array], [Int16Array], [Int16Array], [Int16Array],
      [Int16Array], [Int16Array], [Int16Array], [Int16Array], [Int16Array],
      [Int16Array], [Int16Array], [Int16Array], [Int16Array], [Int16Array],
      [Int16Array], [Int16Array], [Int16Array], [Int16Array], [Int16Array],
      [Int16Array], [Int16Array], [Int16Array], [Int16Array], [Int16Array],
      [Int16Array], [Int16Array], [Int16Array], [Int16Array], [Int16Array],
      [Int16Array], [Int16Array], [Int16Array], [Int16Array], [Int16Array],
      [Int16Array], [Int16Array], [Int16Array], [Int16Array], [Int16Array],
      [Int16Array], [Int16Array], [Int16Array], [Int16Array], [Int16Array],
      ... 55 more items
    ],
    recL: Int16Array(79360) [
      0, 0, 0, 0, 0, 0, 0, 0, 0, 0, 0, 0,
      0, 0, 0, 0, 0, 0, 0, 0, 0, 0, 0, 0,
      0, 0, 0, 0, 0, 0, 0, 0, 0, 0, 0, 0,
      0, 0, 0, 0, 0, 0, 0, 0, 0, 0, 0, 0,
      0, 0, 0, 0, 0, 0, 0, 0, 0, 0, 0, 0,
      0, 0, 0, 0, 0, 0, 0, 0, 0, 0, 0, 0,
      0, 0, 0, 0, 0, 0, 0, 0, 0, 0, 0, 0,
      0, 0, 0, 0, 0, 0, 0, 0, 0, 0, 0, 0,
      0, 0, 0, 0,
      ... 79260 more items
    ]
  },
  undefined
]
stt parent Received:  { message: 'transcription', text: 'Eu como cereja.' }
red child Received: [ 'start' ]
Voice assistant WebSocket server is running on ws://localhost:8000
recorder child Received: start
control parent Received:  started
Received: {"payload":"*pong*","_msgid":"81ee70a3c065b9df"}
red parent Received:  started
Control & Red init ok.
Main loop started.
recorder child Received: idle
child speaker Received: play_start
speaker parent Received:  audio_queue_done
keyword detected:  0
control parent Received:  record
child speaker Received: play_sucess
recorder child Received: record
speaker parent Received:  audio_queue_done
control parent Received:  {
  message: 'stt',
  recC: [
    Int16Array(512) [
      0, 0, 0, 0, 0, 0, 0, 0, 0, 0, 0, 0,
      0, 0, 0, 0, 0, 0, 0, 0, 0, 0, 0, 0,
      0, 0, 0, 0, 0, 0, 0, 0, 0, 0, 0, 0,
      0, 0, 0, 0, 0, 0, 0, 0, 0, 0, 0, 0,
      0, 0, 0, 0, 0, 0, 0, 0, 0, 0, 0, 0,
      0, 0, 0, 0, 0, 0, 0, 0, 0, 0, 0, 0,
      0, 0, 0, 0, 0, 0, 0, 0, 0, 0, 0, 0,
      0, 0, 0, 0, 0, 0, 0, 0, 0, 0, 0, 0,
      0, 0, 0, 0,
      ... 412 more items
    ],
    Int16Array(512) [
         0,    0,    0,    0,    0,    0,    0,    0,    0,    0,    0,
         0,    0,   -1,    1,   -2,    2,   -3,    4,   -5,    6,   -7,
         9,  -12,   15,  -22,   48,  292,  534,  806,  685,  659,  698,
       796,  887, 1150, 1333, 1352, 1182, 1160, 1340, 1375, 1630, 1836,
      1894, 1963, 2069, 2046, 2181, 2307, 2308, 2348, 2354, 2467, 2296,
      2164, 2206, 2396, 2575, 2205, 1906, 1759, 1653, 1831, 1874, 1946,
      2157, 2252, 2168, 2205, 2368, 2496, 2829, 3000, 3160, 3098, 2993,
      2886, 2930, 3103, 3190, 3107, 2893, 2720, 2639, 2812, 2663, 2881,
      3115, 3094, 3208, 3120, 2912, 2774, 2749, 2849, 2979, 3132, 3112,
      3015,
      ... 412 more items
    ],
    Int16Array(512) [
      1771, 1747, 1743, 1631, 1628, 1668, 1764, 1607, 1386, 1340, 1405,
      1491, 1394, 1313, 1363, 1492, 1654, 1698, 1449, 1379, 1259, 1111,
      1031, 1082, 1116, 1089, 1220, 1205,  991,  816,  614,  529,  409,
       208,  281,  571,  679,  714,  840,  723,  620,  744,  859,  738,
       631,  554,  559,  613,  598,  393,  372,  415,  186,   16,  -78,
        33,  178,  119,  -39,  -83,  -64,  -16,  233,  222,  256,  352,
       352,  291,  265,  189,   96,   52,  -14,  139,  227,  344,  405,
       478,  580,  494,  489,  419,  355,  398,  422,  370,  385,  424,
       434,  499,  561,  476,  404,  181,   18, -134,  -76,   13,  251,
       547,
      ... 412 more items
    ],
    Int16Array(512) [
      1592, 1707, 1752, 1786, 1680, 1730, 1539, 1144,  963,  808,
       797,  750,  696,  621,  526,  558,  787,  793,  765,  736,
       547,  549,  672,  751,  753,  743,  712,  748,  836,  741,
       705,  764,  829,  660,  464,  268,  405,  513,  492,  550,
       394,  410,  262,  279,  418,  345,  116,  -94, -166,   46,
       277,  282,  271,   39, -243, -470, -672, -575, -469, -470,
      -479, -649, -675, -627, -557, -539, -603, -554, -689, -520,
      -358, -399, -242, -290, -240, -248, -315, -156, -218, -313,
      -507, -795, -886, -731, -661, -583, -548, -473, -246, -254,
      -346, -406, -387, -352, -403, -494, -600, -534, -666, -679,
      ... 412 more items
    ],
    Int16Array(512) [
       574,  581,  664,   769,   846,   913,   918,   994,   884,   804,
       931,  931,  766,   646,   711,   704,   735,   771,   654,   694,
       729,  589,  638,   745,   878,  1033,  1270,  1407,  1236,   876,
       808,  750,  663,   706,   715,   582,   483,   483,   447,   331,
       192,  159,  219,   262,   386,   306,   184,   283,   350,   298,
        50,  -43,  266,   460,   498,   422,   218,   103,   -65,  -117,
       -43, -259, -413,  -342,  -409,  -596,  -739,  -590,  -610,  -694,
      -907, -941, -957, -1063,  -909,  -795,  -654,  -641,  -775,  -793,
      -756, -754, -843, -1020, -1123, -1018,  -952,  -753,  -578,  -523,
      -379, -542, -707,  -685,  -747,  -912, -1022, -1072, -1242, -1160,
      ... 412 more items
    ],
    Int16Array(512) [
      1390, 1299, 1016,  802,  859,  909,  910,  917,  858,  719,  720,
       666,  640,  781,  937, 1165, 1201, 1231, 1272, 1071,  898,  913,
       955,  825,  762,  853, 1012, 1153, 1113, 1108, 1053, 1066, 1114,
      1151, 1207, 1248, 1246, 1363, 1635, 1575, 1283, 1107,  999,  836,
       570,  749,  860,  826,  886,  899,  927,  869,  914,  735,  372,
       190,  115,   44,  279,  478,  685,  709,  499,  428,  315,  271,
       464,  627,  561,  492,  617,  657,  510,  371,  366,  311,   41,
        14,  266,  375,  343,  357,  136,   16,   54,  -69, -136, -302,
      -468, -514, -440, -325, -301, -218, -101, -233, -221, -341, -594,
      -738,
      ... 412 more items
    ],
    Int16Array(512) [
       823,  906,  881, 1168, 1296, 1375, 1150,  996, 1058, 1029, 1258,
      1001,  917,  883,  932,  984, 1024, 1100, 1048, 1047, 1068,  921,
       840,  724,  700,  789, 1052, 1233, 1308, 1385, 1398, 1453, 1467,
      1225, 1158, 1402, 1511, 1622, 1397, 1272, 1177, 1062,  955,  856,
       727,  998,  844, 1029,  924, 1144, 1318, 1143, 1287, 1131, 1061,
       763,  639,  506,  429,  499,  820,  954,  857,  796,  752,  695,
       697,  844,  811,  573,  392,  358,  484,  474,  480,  417,  386,
       390,  325,  348,  283,  134, -150, -276, -186, -252, -330, -238,
        -4,  -90,   54,  202,  296,  224,  191,  263,  317,  246, -127,
      -400,
      ... 412 more items
    ],
    Int16Array(512) [
       536,  731,  918, 1026,  732,  402,  291,  381,  344,  401,  376,
       624,  877,  856,  903,  698,  665,  730,  774,  831,  725,  699,
       628,  546,  820,  804,  817,  804,  725,  864, 1009,  940,  784,
       673,  655,  849, 1007, 1061,  979,  807,  771,  623,  615,  681,
       608,  603,  707,  821,  893,  989, 1036, 1082,  897,  932, 1006,
      1025, 1127, 1264, 1327, 1265, 1001,  882,  816,  808,  905,  919,
       937,  912,  981, 1096, 1065, 1014, 1102, 1123, 1131, 1053,  966,
       871,  719,  765,  703,  613,  599,  446,  399,  400,  245,  128,
       122,  -10,   58,   47,  -75,  -25,  -70,    5,  129,  -33,  161,
       490,
      ... 412 more items
    ],
    Int16Array(512) [
         5,   18,  -51,  117,  341,    350,  258,  212,  147,
       139,  241,  234,  132,  171,    216,  247,  220,  387,
       678,  777,  773,  751,  792,    698,  632,  768, 1073,
      1375, 1401, 1358, 1200,  905,    643,  461,  468,  683,
       825,  795,  759,  962,  972,    862,  874,  829,  848,
       874,  698,  777,  975, 1138,   1181, 1483, 1339, 1245,
       841, 1531, 2054, -192,  419,   -156, 1823, 2725, 2101,
      1731, -139,   97,  112, 1896,   1613, 1400,  992,  361,
       837,  652, 1124, 1175, 1206,    822,  639,  569,  738,
      1348, 1371, 1744,  939, 1078,    786, 1473, 1320, 1706,
       712, 1271, -577, 6685, 3586, -10622, 4911, -295, 1469,
      3283,
      ... 412 more items
    ],
    Int16Array(512) [
      -987, -1001, -854, -838, -890, -782, -789, -821, -720, -609,
      -660,  -763, -741, -708, -586, -386, -460, -605, -429, -223,
      -151,   -81, -153, -343, -329, -322, -332, -291, -166,   27,
       155,   330,  345,  226,  186,  241,  280,  223,   80,  157,
       144,   147,  244,  413,  374,  202,  225,  196,  281,  333,
       226,   500,  699,  826,  743,  656,  519,  520,  459,  424,
       573,   684,  854,  911,  995, 1090, 1122, 1230, 1316, 1108,
       861,   686,  523,  618,  977, 1017,  762,  708,  834,  965,
      1073,  1073,  910,  919, 1030, 1064, 1012,  967, 1113, 1189,
      1252,  1288, 1156, 1002,  943,  938,  848,  724,  696,  811,
      ... 412 more items
    ],
    Int16Array(512) [
      -1171, -1235, -1322, -1285, -1174, -1173, -1106, -1064, -1132,
      -1168, -1062,  -946,  -952,  -961,  -773,  -735,  -680,  -538,
       -723,  -864, -1036, -1105, -1123, -1042,  -805,  -864,  -954,
       -911,  -820,  -709,  -566,  -404,  -416,  -376,  -291,  -218,
       -115,    16,   106,   140,   118,   133,   236,    16,  -240,
       -273,  -338,  -297,  -215,   -80,    85,   119,   284,   321,
        283,   277,   356,   354,   353,   413,   535,   623,   669,
        456,   464,   327,   303,   436,   357,   295,   269,   374,
        470,   614,   622,   528,   488,   382,   476,   682,   801,
        725,   605,   719,   733,   851,   898,   970,   994,   735,
        545,   530,   458,   450,   488,   636,   697,   879,   944,
       1073,
      ... 412 more items
    ],
    Int16Array(512) [
       -635,  -522,  -390, -359, -392, -313, -246,  -35,    9,  -100,
         -4,   -11,  -185, -276, -379, -614, -732, -616, -527,  -695,
       -617,  -630,  -783, -907, -964, -805, -757, -818, -910, -1022,
      -1057, -1099, -1024, -769, -806, -917, -692, -622, -742,  -879,
       -873,  -820,  -824, -717, -737, -734, -778, -800, -504,  -224,
       -141,   -28,   -48, -327, -355, -210, -246, -310, -322,   -45,
        191,   130,    22,   93,   47,   43,  195,  276,  317,   348,
        406,   379,   364,  536,  597,  648,  761,  656,  643,   687,
        508,   516,   556,  456,  547,  674,  793,  807,  867,   724,
        559,   400,   430,  233,  296,  692,  965,  853,  708,   578,
      ... 412 more items
    ],
    Int16Array(512) [
       -978, -1022, -1087, -1174, -1091,  -849,  -937,  -776,  -665,
       -861,  -857,  -920, -1024, -1000,  -883,  -834,  -916, -1001,
      -1235, -1201, -1202, -1152,  -914,  -840,  -793,  -928, -1118,
      -1298, -1299, -1035,  -789,  -645,  -685,  -812,  -848,  -974,
      -1135, -1017,  -942,  -870,  -708,  -680,  -766, -1019, -1198,
      -1352, -1296, -1147, -1119, -1177, -1279, -1341, -1181, -1034,
       -965,  -757,  -681,  -768,  -643,  -591,  -688,  -658,  -733,
       -745,  -875,  -957,  -916,  -889,  -914,  -987, -1119, -1141,
      -1073,  -841,  -620,  -593,  -463,  -283,  -409,  -627,  -668,
       -835,  -900,  -883,  -790,  -637,  -538,  -405,  -171,  -116,
        -81,  -261,  -357,  -314,  -307,  -197,   -50,   -41,  -216,
       -420,
      ... 412 more items
    ],
    Int16Array(512) [
       -263,  -282, -279,   -83,  -50,   -4,  -138,  -200,    -6,   106,
         74,   -61, -172,  -282, -353, -140,    35,   256,   281,   -58,
       -225,  -463, -483,  -437, -532, -797, -1075, -1063, -1258, -1369,
      -1142, -1001, -982,  -935, -856, -816,  -890,  -717,  -541,  -523,
       -482,  -791, -990, -1014, -945, -771,  -699,  -562,  -442,  -340,
       -281,   -60,   59,   203,  358,  222,    11,   -15,   -25,   201,
        281,   231,  160,    39,  -61,  -46,    34,   310,   420,   398,
        248,  -239, -452,  -434, -372, -212,     9,    66,    83,   140,
        189,   322,  415,   419,  466,  191,   682,  1025,   616,   700,
        808,  1042,  994,  1072, 1217, 1520,  1862,  1429,  1927,  1890,
      ... 412 more items
    ],
    Int16Array(512) [
        -42,   540,   639,   452,  -353,  -989,  -901,  -544,  -227,
       -448,  -700, -1042, -1208,  -931,  -970, -1039, -1322, -1479,
      -1645, -1757, -1822, -1874, -1741, -1806, -1658, -1023,  -443,
       -612, -1061, -1332, -2036, -2465, -2330, -2042, -1760, -1549,
      -1495, -1172, -1766, -2406, -2679, -2796, -2697, -2749, -2358,
      -1851, -1606, -1375,  -708,  -324,  -204,  -745, -1091, -1212,
      -1140, -1346, -1217,  -902,  -678,  -755, -1259, -1370, -1701,
      -1871, -1684, -1494, -1095, -1230, -1797, -1573, -1194,  -668,
       -585,  -477, -1008, -1741, -1727, -1447, -1289, -1287,  -860,
       -711,  -830,  -668,  -178,   171,     0,  -647, -1036, -1265,
      -1451, -1288, -1083, -1327, -1617, -1751, -1733, -1814, -1689,
      -1447,
      ... 412 more items
    ],
    Int16Array(512) [
       3872,  3877,  3359,  2756,  2346,  2490,  2841,  2489,  2607,
       3293,  3752,  3710,  3286,  2605,  2085,  1724,  1972,  2683,
       3174,  3236,  3000,  2873,  2778,  2238,  2055,  1939,  2044,
       1712,  1217,  1490,  1229,  1117,  1642,  2594,  3087,  3246,
       3454,  3961,  3666,  2901,  1890,   951,   299,    37,  -373,
      -1110,  -391,  1026,  1798,  1497,  1210,  1531,  1593,  1040,
        702,   226,  -278,  -570,   144,  1029,   413,  -413,  -394,
        293,   567,     1,  -421,  -870, -1426, -1688,  -987,    78,
       -185,  -719,  -845,  -967, -1793, -2349, -1840, -1292, -1730,
      -2066, -1933, -1480,  -999,  -530,    33,   -83,  -587, -1266,
      -1461, -1603, -1921, -2692, -2938, -2778, -2611, -2068, -1646,
      -1721,
      ... 412 more items
    ],
    Int16Array(512) [
       4414,  4959,  5563,  5965,  5845,  5717,  5981,  6692,  7155,
       6664,  5770,  5539,  5020,  4632,  4854,  4782,  4155,  3371,
       3547,  4174,  4922,  5063,  4848,  4806,  4591,  4399,  4373,
       4431,  4940,  5245,  5584,  5195,  3677,  3076,  3352,  4429,
       5304,  5206,  5236,  4777,  4755,  5003,  5506,  5559,  5268,
       4912,  5530,  6367,  6369,  6280,  5981,  5649,  5666,  6118,
       6534,  6787,  6511,  6194,  5912,  4887,  3540,  2310,  1372,
        795,   515,   298,   288,   841,  1124,   735,     1, -1197,
      -2078, -2845, -3845, -4587, -5149, -4806, -5770, -6368, -6179,
      -6338, -6851, -7262, -6915, -6411, -6606, -6971, -7729, -8308,
      -8054, -6762, -5675, -5672, -5768, -5451, -4859, -3846, -3679,
      -4669,
      ... 412 more items
    ],
    Int16Array(512) [
      -3041, -2994, -2494, -1627, -1400, -1479, -1411, -1270,  -862,
         82,  1320,  1552,  1779,  1983,  2459,  2961,  3073,  3605,
       4539,  5439,  5731,  6073,  6057,  7137,  8982, 10194, 11252,
      11567, 11519, 11293, 10795,  9924,  8697,  8244,  9211, 10156,
      10403,  9777,  9269,  9220,  8744,  7976,  7755,  7303,  6738,
       5877,  5639,  6162,  6991,  8484,  9145,  9254,  7890,  5928,
       5310,  5066,  4487,  3885,  2977,  2805,  2459,  2495,  2745,
       3189,  3297,  2460,  1729,  1011,   368,  -546, -1347, -2113,
      -2959, -3226, -2712, -1373,  -353,    86,   414,   395,   151,
        -45,  -281,   -57,  -239,  -481,    87,  1027,  1264,   904,
        551,   295,  -132, -1207, -1576, -2096, -2646, -3133, -2813,
      -1821,
      ... 412 more items
    ],
    Int16Array(512) [
       -253,   -18,  -174,  -427,   -72,   328,   930,  1598,  1814,
       1688,  1453,   970,   183,  -612,  -894,  -212,   990,  2282,
       2596,  2830,  3206,  3844,  4435,  3704,  2743,  1796,  2337,
       3039,  2725,  2067,  2007,  2458,  2333,  1864,  1833,  1223,
        429,  -176,  -808, -1511, -1302,   -34,  1173,  1196,   184,
       -260,  -932, -2208, -3811, -5002, -4780, -3654, -2927, -2993,
      -3045, -2115, -1357, -1210, -2271, -3605, -5570, -6052, -4917,
      -4550, -3819, -3192, -2094,  -971, -1033, -1065, -1327, -1824,
      -2538, -3520, -3738, -3423, -2824, -2227, -1624, -1646, -1746,
      -1733, -1865, -1780, -1729, -1372,  -801,  -927, -1481, -1471,
       -609,   388,   435,   119,  -331,  -326,    65,  -237,  -793,
      -1227,
      ... 412 more items
    ],
    Int16Array(512) [
        524,  1255,  1262,  1108,   847,   656,  1307,  1998,  2450,
       2407,  2883,  3481,  3629,  3740,  3707,  2889,  2267,  2219,
       2399,  2273,  1808,  1442,  1545,  1858,  1947,  1638,   974,
        578,    66,  -110,  -727, -1138, -1605, -1191,  -934,  -404,
         30,    -2,   210,    41,    65,  -270,  -726, -1014, -1212,
      -1176, -1233,  -653,   185,  -111, -1161, -2925, -4496, -5612,
      -6065, -6428, -7015, -6763, -6375, -6274, -6342, -6321, -6303,
      -6200, -6380, -6007, -4990, -4218, -3178, -2408, -2352, -2258,
      -2168, -2248, -2581, -2573, -2514, -2503, -2077, -1513,  -996,
      -1316, -1567, -1691, -1670, -1053,  -356,    61,  -143,  -914,
      -1440, -1438, -1211, -1093,  -786,   -95,   985,  1790,  2235,
       2083,
      ... 412 more items
    ],
    Int16Array(512) [
      -1124, -1691, -2126, -2212, -2153, -1703,  -967, -207,  505,
        656,   724,   408,     6,  -123,   353,   901,  544,  353,
        552,  1236,  2032,  2415,  2575,  2798,  2823, 2841, 2533,
       2340,  1971,  1314,   368,    54,   412,   260,  183, -339,
       -695,  -823,  -302,   341,   691,   904,  1362, 2178, 2559,
       2487,  1865,  1699,  2027,  2342,  2305,  2170, 2157, 2101,
       1584,  1478,  1289,  1066,   967,   723,   903,  887,  771,
        506,    88,  -226,   -15,   733,  1104,   918,  465,  183,
        750,   820,  1366,  -237,   635,  -584,  2618, -136, 8943,
        806,  1992,  6952,  3442,  3514,  1393,  4623, -961,  967,
        666, -1398, -3179,   -15,  1405,  -604, -3409,  223, 1578,
      -2098,
      ... 412 more items
    ],
    Int16Array(512) [
        708,   969,  1362,  1357,  1553, 1469,  -325, -2963, -3991,
      -4142, -3469, -2846, -2134, -1242, -452,   206,  1366,  3355,
       4298,  3785,  2327,  1171,   703,  390,   855,  1335,   929,
       -731, -1793, -1287,  -634,    86, -225,  -236,  -574,  -952,
        -58,  2322,  4775,  4810,  3109,  700,  -206,  -304,   -86,
        194,   189,  -471, -1205,  -472,  454,  1647,  1646,  1252,
        537,  -608,  -769,   731,  3663, 5107,  4988,  3770,  3260,
       3213,  3049,  3549,  3539,  2063, -495, -1996, -1665,  -463,
        496,   119,  -380,  -387,  -154,  840,  2601,  3809,  3897,
       3030,  1782,  1669,  1497,  1710, 2025,  1812,   326,  -717,
       -100,  1111,  2163,  1993,  1401,  457,  -119,   267,  2056,
       3630,
      ... 412 more items
    ],
    Int16Array(512) [
      -1374,   -31,  1042,  1094,  -318, -2374, -3212, -3139, -2309,
      -1782, -1583, -1501, -1466,  -973,   144,  1852,  2267,   936,
       -833, -2238, -2771, -2283, -1366,  -559,  -757, -1591, -1955,
      -1346,  -227,   825,  1000,   895,   957,  1121,  1547,  2496,
       3239,  2838,  1712,   110,  -774,  -573,    36,   574,   183,
      -1340, -2641, -2818, -1785,  -145,   858,   705,   396,   122,
       -102,   674,  2209,  2705,  1893,   670,  -180,   277,  1548,
       2517,  2864,  2059,   566,   -11,   268,   961,  1215,   948,
        218,  -438,  -731,  -154,  1427,  2567,  2618,  1737,  1219,
       1307,  2161,  2931,  3370,  2840,  1150,  -262,  -644,   150,
       1243,  1782,  1710,  1214,   910,  1162,  2380,  3587,  3107,
       1756,
      ... 412 more items
    ],
    Int16Array(512) [
       -743,  -840, -1221, -1954, -2172, -1796,  -870,  -416,  -444,
      -1187, -1958, -2004, -1539,  -597,    95,   234,     1,  -186,
        -57,   599,   930,   408,  -615, -2101, -3212, -3503, -3116,
      -2540, -2354, -2512, -2500, -2251, -1680,  -621,   434,   733,
        175,  -416,  -410,     4,   562,   945,  1031,   452,  -462,
       -914,  -665,  -333,   -92,  -222,  -756,  -828,  -831,  -468,
        326,   851,   828,    20,  -729,  -890,  -675,  -206,    83,
        -54,  -657, -1095,  -650,   251,   932,  1103,   598,    55,
       -203,  -108,   637,  1409,  1884,  1752,  1292,  1355,  1822,
       2165,  2135,  1580,   392,  -846, -1628, -1564,  -916,  -733,
       -825,  -765,  -508,   107,   944,  1963,  2365,  1800,   877,
        217,
      ... 412 more items
    ],
    Int16Array(512) [
       -379, -1374, -1967, -1933, -1674, -1514, -1628, -1941, -2444,
      -2653, -2144, -1361,  -618,  -164,  -118,  -281,  -143,   385,
       1016,  1410,  1402,   775,    15,  -350,  -364,  -339,  -570,
      -1263, -2199, -2637, -2882, -2472, -1641, -1068,  -959, -1209,
      -1242,  -810,  -362,   -62,   247,   -44,  -760, -1285, -1359,
      -1132,  -927, -1004, -1385, -1660, -1735, -1242,  -182,   572,
        827,   417,   -12,    74,   420,   893,  1004,   617,  -337,
      -1169, -1413, -1492, -1482, -1558, -2109, -2447, -2430, -2033,
      -1051,  -284,   285,   429,   277,   360,   726,  1450,  1996,
       2059,  1374,   571,    31,    89,   441,   410,    50,  -747,
      -1330, -1501, -1216,  -476,   118,   388,   382,   583,  1030,
       1669,
      ... 412 more items
    ],
    Int16Array(512) [
       -689,  -860,  -856,  -915, -1272, -1569, -1824, -2054, -1952,
      -1402,  -810,  -690,  -955, -1335, -1400, -1098,  -552,  -149,
       -119,  -548, -1101, -1374, -1217,  -976,  -936, -1136, -1323,
      -1308, -1209,  -964,  -424,    50,    26,  -119,  -207,  -115,
        168,   325,   162,  -389, -1211, -1606, -1642, -1564, -1468,
      -1549, -1799, -1943, -1780, -1590, -1208,  -677,  -276,  -180,
       -191,   -44,   291,   741,  1080,  1060,   594,   -84,  -461,
       -668,  -789,  -921, -1296, -1817, -2017, -2068, -1841, -1442,
      -1228, -1073, -1105,  -894,  -552,  -132,   109,   -12,  -289,
       -757,  -894,  -769,  -443,  -268,  -377,  -612,  -827,  -894,
       -705,  -109,   436,   495,   271,    94,   123,   566,   763,
        846,
      ... 412 more items
    ],
    Int16Array(512) [
        -90,    79,   150,   -16,  -425,  -750,  -779,  -604,  -158,
         76,   219,    13,  -185,  -230,  -142,   -31,   -90,  -503,
      -1151, -1606, -2048, -2013, -1880, -1854, -1958, -2125, -2216,
      -2163, -1661,  -992,  -630,  -525,  -503,  -565,  -452,  -238,
        -23,   162,  -192,  -737, -1152, -1295, -1360, -1571, -1777,
      -2109, -2472, -2431, -2021, -1512, -1259, -1124,  -967,  -866,
       -659,  -334,   -64,   -25,  -395,  -930, -1228, -1301, -1182,
       -837,  -736, -1162, -1331, -1405, -1222,  -616,  -192,  -168,
       -237,  -435,  -545,  -453,  -390,  -340,  -667, -1186, -1582,
      -1839, -1847, -1821, -1941, -1994, -2259, -2363, -2146, -1679,
      -1141,  -841,  -615,  -370,   -36,   235,   606,   781,   772,
        336,
      ... 412 more items
    ],
    Int16Array(512) [
       -574,  -621,  -682,  -715,  -826,  -681,  -320,   153,   411,
        767,   964,  1097,  1335,  1462,  1568,  1396,   827,   150,
       -270,  -694,  -836, -1081, -1267, -1528, -1788, -1567, -1207,
       -629,  -326,  -272,  -166,  -252,  -356,  -368,  -416,  -474,
       -731,  -968, -1001,  -981, -1025,  -965, -1066, -1138, -1136,
      -1346, -1141,  -708,  -293,   -35,    87,   320,   237,    42,
         43,  -146,  -440,  -872, -1261, -1349, -1474, -1649, -1743,
      -1834, -1793, -1694, -1449,  -972,  -631,  -177,    24,   179,
        368,   600,   868,   960,   912,   419,   -83,  -608,  -910,
      -1203, -1297, -1438, -1644, -1720, -1857, -1604, -1248,  -910,
       -853,  -914,  -938,  -880,  -723,  -745,  -743, -1112, -1366,
      -1455,
      ... 412 more items
    ],
    Int16Array(512) [
        269,    56,  -293,  -598,  -588,  -476,    63,   282,   678,
        806,   842,   858,   819,   702,   393,    26,  -209,  -158,
       -412,  -253,   -47,   241,   364,   203,    52,   123,   326,
        365,   407,   361,   197,   158,   206,    30,    56,  -157,
       -185,  -351,  -864, -1111, -1211, -1047, -1008,  -964,  -971,
       -903,  -635,  -331,  -280,  -393,  -379,  -164,    28,   208,
        142,   115,   133,   -74,  -294,  -547,  -907,  -964, -1020,
      -1001, -1496, -1971, -1935, -2195, -1984, -1681, -1187,  -832,
       -745,  -725,  -475,  -208,  -171,  -342,  -960, -1319, -1622,
      -1797, -1728, -1688, -1498, -1410,  -962,  -459,  -287,  -152,
         85,   256,   345,   -40,  -578, -1302, -2084, -2261, -2092,
      -2392,
      ... 412 more items
    ],
    Int16Array(512) [
       14806,  14023,  14777,  15970,  17559,  17899,  13582,   4493,
      -10626, -26560, -32610, -31803, -31627, -31213, -30756, -30599,
      -22131,  -6877,   7075,  18316,  24705,  25171,  22226,  18048,
       13471,   9641,   5341,   1289,  -2731,  -6289,  -9152, -11816,
      -15070, -18385, -22166, -24920, -25805, -24012, -19216, -13032,
       -5638,   1443,   7939,  13005,  16119,  17133,  15796,  12536,
        8077,   3411,   -809,  -3828,  -6082,  -7521,  -8906,  -9932,
      -10516, -10720, -10552,  -9821,  -8675,  -7143,  -4989,  -2042,
        1084,   1488,   -482,  -3171,  -4851,  -6630,  -8749, -10487,
      -10933, -10652,  -9820,  -8132,  -6079,  -4127,  -2747,  -2360,
       -2771,  -3397,  -3930,  -4261,  -4864,  -5733,  -6474,  -6925,
       -7232,  -6839,  -6038,  -5237,  -4662,  -4761,  -4408,  -3911,
       -2884,  -1344,    421,   1826,
      ... 412 more items
    ],
    Int16Array(512) [
       -5069,   1004,   7095,  12387,  15300,  14562,  11118,   5675,
       -1073,  -6514, -12274, -16674, -21822, -29214, -29613, -29074,
      -28893, -28391, -27888, -15671,   2088,  12610,  24563,  32322,
       32233,  29960,  19259,   5720,  -6554, -16910, -20404, -22510,
      -23375, -20862, -19233, -15044,  -8852,  -3252,   3825,   9861,
       14639,  19644,  23755,  29474,  31834,  30351,  26795,  20056,
       11642,   3852,  -2359,  -5010,  -6377,  -5508,  -1972,   1417,
        8373,  13764,  17355,  19571,  19179,  19378,  18968,  18438,
       19194,  18387,  17195,  15830,  13386,  14654,  15492,  15488,
       16478,  17010,  18430,  18601,  18560,  21471,  20910,  22651,
       24727,  22256,  24573,  24604,  24972,  23777,  24662,  22790,
       25045,   7775, -28742, -32768, -32325, -32768, -32230, -32768,
      -31829, -32768, -13937,  21724,
      ... 412 more items
    ],
    Int16Array(512) [
       24682,  21252,  25887,   9043, -32103, -32768, -32409, -32768,
      -31859, -32768, -30936, -32768, -12716,  25858,  25247,  25597,
       25095,  24640,  24973,  21605,   5058,  -2226,  -7276, -14203,
      -23543, -32453, -32595, -32768, -32614, -32768, -32665, -32768,
      -32698, -32768, -31244,  -6617,  23053,  28596,  27906,  27472,
       27491,  26592,  27178,  15299,  -4698, -19661, -31363, -32768,
      -32768, -32368, -32240, -32329, -31897, -31621, -30798, -24242,
      -15422,  -7319,   1333,  10585,  20237,  26366,  26033,  19262,
        8007,  -5535, -19501, -29614, -31160, -30491, -30325, -29789,
      -29659, -29026, -28709, -15216,  -2373,   7130,  18102,  19308,
       21356,  23475,  18018,  10948,   -815, -15117, -24565, -29367,
      -28540, -26757, -24851, -19382, -13983,  -5249,   6388,  15390,
       24975,  31757,  32218,  31945,
      ... 412 more items
    ],
    Int16Array(512) [
       -4598,   4909,  14858,  23408,  31049,  32767,  32511,  32261,
       31570,  26455,  17631,   8365,    781,  -4746,  -6566,  -5130,
       -3337,   2363,   6399,  10211,  15490,  17002,  22069,  25930,
       27886,  30113,  28774,  29389,  27544,  26251,  25902,  22230,
       19657,  16554,  13155,  17643,  19831,  24118,  26867,  25191,
       25854,  24841,  25058,  24470,  24256,  24190,  23309,  24184,
       21883,  25088, -14021, -32768, -30950, -32768, -32215, -32768,
      -32768, -31745, -32768,  -1747,  29268,  24191,  26714,  24655,
       25373,  24790,  23170,  17518,   7033,   -918,  -7265, -22781,
      -32004, -32768, -32677, -32768, -32749, -32740, -32768, -32531,
      -32768, -20570,  10055,  27518,  27786,  27237,  27202,  26495,
       26881,  21636,   3315,  -9061, -19552, -25862, -28736, -32768,
      -32537, -32768, -32482, -32542,
      ... 412 more items
    ],
    Int16Array(512) [
        3482,  -5522, -12208, -13167, -15128, -16907, -21703, -28483,
      -32768, -32629, -32649, -32064, -31721, -25053, -13079,   -635,
       10501,  15699,  17018,  12632,   4319,  -5907, -15110, -20266,
      -23010, -24882, -29211, -30377, -29976, -27945, -22070, -17737,
      -12986,  -7185,  -2036,   3347,   7942,  10005,  10199,   6741,
        1448,  -4557,  -8975, -12839, -16261, -18773, -20087, -17484,
      -12992,  -5816,   1223,   9290,  16850,  21985,  26915,  29659,
       30858,  28309,  23542,  19036,  14622,  11548,   7875,   4091,
        2375,   -284,    685,   4498,   7188,  11144,  13959,  16776,
       19201,  20754,  21640,  23494,  21429,  18661,  16492,  12329,
       14588,   9673,  10204,  11211,  12938,   8694,   9487,  11616,
       11466,  10562,  12596,  23727,  26122,  25652,  25431,  24976,
       24969,  24246,  24559,  23498,
      ... 412 more items
    ],
    Int16Array(512) [
        5192,   3380,   3607,   1673,   2223,    953,   4247,   4851,
        5817,   4658,   5768,   9866,  12724,  15844,  18682,  20889,
       20658,  17780,  14033,   9339,   4156,     75,  -3170,  -3510,
       -7273,     10,  -1132,  -4548,  -4651,  -7277,  -4611,  -9398,
       -3592,    665,   4871,   7773,   9813,  11122,  11341,   9260,
        5465,   4062,  -1659,   -862,  -1070,   2250,   5226,   6140,
        8892,   7365,   8700,  10629,  13395,  13412,  15875,  17950,
       20306,  23040,  24688,  28100,  27465,  27166,  26904,  26596,
       17658,   5386,  -5272, -13703, -19379, -26923, -32768, -32420,
      -32768, -32639, -28932, -22583, -15960, -10086,   3763,   9136,
       17734,  15040,  12306,  10154,   1109,  -3890,  -9596, -11280,
      -20465, -30871, -31273, -30896, -30503, -29801, -27375, -21532,
      -20539, -16243,  -8111,  -3413,
      ... 412 more items
    ],
    Int16Array(512) [
       3025,  4934,   6718,   7436,  8813,  8635,   8879,   7274,
       6707,  3353,   2359,    915,   628,  4189,   8056,  10657,
       8910,  9152,   7746,   6803,  2825,  -319,  -1229,   -936,
       3764,  5157,   7434,  11373, 16213, 13727,  10364,   5188,
       -151, -4311,  -6484, -10214, -9407, -6585,   -897,   5948,
       9463, 14560,   7838,   2070, -4659, -8074, -12311, -11338,
      -2561,  5007,  13320,  20683, 25467, 24892,  17096,   5769,
      -2971, -7956,  -9347,  -7112, -6542, -1348,   6634,   9383,
      10154,  6653,   -610,  -7768, -7829, -5967,  -3608,   3453,
      13088, 20367,  23014,  24662, 21090, 18706,  11976,   7636,
       1883,  3956,   2007,   4528,  9081,  6474,   4280,   -646,
       3479, -5498, -11062, -14467, -9980, -2001,   4111,   5727,
       3001,   623,   2149,  -2492,
      ... 412 more items
    ],
    Int16Array(512) [
       -8737, -11588, -11705, -12748, -12534, -12089, -10078,  -7607,
       -4155,    802,   3905,   6214,   6023,   8361,   6414,   3230,
        2618,   1546,  -1291,  -4259,  -4897,  -3859,  -4902,  -2670,
        1859,   5628,   7831,   8025,  11919,  15139,  20318,  23198,
       24806,  29158,  31718,  31935,  31424,  31064,  30808,  30192,
       30367,  27560,  27849,  29357,  28330,  25958,  26057,  27962,
       27219,  27228,  26652,  26551,  26066,  25908,  25483,  25286,
       24913,  24678,  24359,  24084,  23803,  23563,  22744,  19856,
       18931,  10682,  16645,  22282,  21216,  14288,   -830,  -5745,
      -14139, -16951, -22343, -28406, -32768, -32589, -32768, -31405,
      -26733, -31682, -32768, -32673, -31851, -26857, -26989, -27670,
      -24773, -24256, -16677,  -8773,  -4469, -11065, -14038, -10178,
       -7748, -10221, -14913, -14277,
      ... 412 more items
    ],
    Int16Array(512) [
      -32673, -32768, -32689, -32768, -32664, -32768, -32580, -32768,
      -32365, -32768, -21802,  -6540,   4296,  13826,  24195,  28222,
       27779,  22516,  11185,   3447,  -6083, -10771, -16168, -16909,
      -17165, -17413, -17088, -20476, -25147, -29598, -31796, -31307,
      -30896, -30670, -30091, -30132, -26046, -16397,  -6667,   2397,
        6106,   9262,   8904,   8580,   8600,   7923,  10162,  11403,
       13808,  14544,  13113,  10968,   5890,  -2401, -13460, -26498,
      -30508, -29375, -29458, -28831, -28699, -28204, -28009, -27530,
      -27478, -25337, -19887, -15879, -14563, -16018, -12869,  -6186,
       -4278,   2293,   9153,  12091,  11924,  12643,  12581,   7674,
       -1226,  -5198,  -6864,  -7255,  -3864,   -915,   4303,   8624,
       13968,  17057,  15934,  14929,  13009,  11445,  10098,  11500,
       14108,  17115,  20103,  25635,
      ... 412 more items
    ],
    Int16Array(512) [
       27827,  27692,  27255,  26996,  26662,  26331,  26074,  25689,
       25495,  25072,  24919,  24484,  24336,  23942,  23745,  23447,
       23111,  23006,  22533,  20674, -15451, -32768, -31678, -32768,
      -32203, -32768, -32421, -32768, -32557, -32768, -32657, -32768,
      -32738, -32759, -32768, -32487, -30998, -20479,  -5134,  11131,
       26530,  29038,  28220,  28203,  27581,  27584,  26858,  27014,
       20076,   6824,  -6202, -16087, -22493, -26158, -28507, -32635,
      -32768, -32541, -32223, -31760, -31494, -31018, -30773, -30287,
      -30137, -28428, -14619,   1276,  13941,  23300,  28814,  30913,
       30196,  30110,  29555,  29369,  28830,  25277,  20747,  14676,
        4175,  -9064, -24696, -32252, -31934, -31695, -31220, -30932,
      -30510, -30198, -29808, -29492, -29115, -28841, -28037, -23748,
      -18766, -15030, -10745,  -6697,
      ... 412 more items
    ],
    Int16Array(512) [
      -32768, -32399, -32768, -32532, -32768, -32618, -32768, -32514,
      -32239, -31808, -31456, -31118, -30650, -30648, -26914,  -5977,
        6380,  20860,  31577,  29743,  30433,  29236,  29749,  27015,
       18146,   7423,  -6920, -20113, -22095, -19362, -15337, -16244,
      -21681, -25556, -29465, -30329, -29907, -29508, -29274, -28781,
      -28673, -27288, -17413,  -2890,  10677,  17320,  20372,  17185,
       17003,  12851,   5776,  -3394, -10202,  -9426,  -5872,  -3091,
       -3661,  -5809,  -5964,  -5226,  -9275, -15933, -25204, -27816,
      -27162, -27093, -26518, -26568, -24843, -19463, -15004, -11027,
      -10013, -10290, -10387, -11285, -11428,  -9937,  -5550,   1575,
        9518,  18888,  29370,  32767,  32661,  32767,  32720,  32767,
       32737,  32767,  32680,  32322,  31972,  31569,  31244,  30817,
       30540,  30078,  29857,  29355,
      ... 412 more items
    ],
    Int16Array(512) [
       15120,  17332,  18226,  20734,  28675,  32767,  32520,  32767,
       32641,  32767,  32662,  32529,  31986,  31755,  31255,  31004,
       30548,  30262,  29879,  29524,  29247,  28771,  28628,  28197,
       24558, -12047, -32768, -31617, -32744, -31371, -31694, -30843,
      -30798, -30244, -29972, -29642, -29189, -29064, -28164, -25529,
      -26285, -20940,  -8486,   6455,  19521,  31147,  32767,  32048,
       32117,  31305,  31527,  28324,  14195,  -1223, -14637, -27337,
      -29985, -29460, -29147, -28819, -28443, -28162, -27761, -27525,
      -27098, -26918, -26435, -26355, -25711, -26045, -22021,  -6833,
        5601,  14982,  20964,  24216,  25013,  22131,  18421,  11849,
        4551,    642,    970,   2784,   2367,    753,   -804,  -2941,
       -6536, -11855, -18792, -25228, -26138, -25679, -25392, -25222,
      -22153, -14528,  -6922,   -347,
      ... 412 more items
    ],
    Int16Array(512) [
       28231,  27857,  27543,  27275,  26788,  26629,   7928, -19621,
      -32768, -32768, -32708, -32768, -32587, -32333, -31827, -31579,
      -31087, -30847, -30396, -29699, -22742, -15490,  -8518,   1235,
       12467,  23936,  30701,  30683,  30323,  29900,  29685,  29111,
       29217,  26267,  13248,    -84, -12145, -20837, -28958, -31985,
      -31331, -31135, -30649, -30381, -29951, -29665, -29260, -28986,
      -28571, -28337, -27907, -27077, -14485,   -690,   9025,  16835,
       21830,  24199,  23355,  22556,  20027,  16928,  13750,  10473,
        7375,   5120,   2779,  -1837,  -8954, -14336, -17888, -21374,
      -24727, -25384, -22459, -18192, -11251,  -2780,   5859,  12366,
       16579,  20554,  23607,  26973,  28968,  31140,  31353,  30869,
       30550,  30194,  29805,  29525,  29078,  28874,  28373,  28247,
       27683,  27633,  26993,  27090,
      ... 412 more items
    ],
    Int16Array(512) [
      -26875, -29976, -30534, -29843, -29728, -29178, -29049, -28440,
      -28557, -25680, -22199, -17810, -11757,  -5655,    697,   4739,
        9716,  16494,  19265,  17990,  16119,  16308,  14756,  10681,
        6109,    778,  -3897,  -6522,  -8052, -11088, -15383, -17288,
      -17241, -16818, -15048, -12714,  -9391,  -5061,   1234,   8632,
       14699,  21033,  26339,  29440,  31626,  32214,  31756,  31465,
       31010,  30742,  30280,  30031,  29579,  29323,  28920,  28608,
       28318,  27846,  27821,  26948,  27337,   9632,  -7700, -17475,
      -24122, -31508, -32768, -32222, -32768, -31487, -32051, -29835,
      -28710, -22172, -16769, -13534, -10213,  -4997,   -950,   2251,
        6883,  13735,  19993,  22433,  20862,  16002,  10892,   5935,
        -606,  -8232, -15169, -19170, -20836, -22087, -22428, -23137,
      -24068, -26200, -28149, -28554,
      ... 412 more items
    ],
    Int16Array(512) [
       14640,  16779,  16195,  13750,  11105,   8412,   7707,   8848,
       12369,  17246,  22273,  26873,  29599,  31511,  30259,  28382,
       24165,  22057,  22429,  25278,  29426,  29134,  28484,  28754,
       27462,  28235,   4414, -29405, -32657, -32768, -31867, -32232,
      -30871, -32044, -19369,     79,   8199,  10100,   5579,   1093,
       -4838,  -9614,  -9189,  -4248,   3065,  11239,  22713,  30316,
       29141,  28272,  17542,   2839, -10529, -23224, -30903, -31502,
      -31065, -29657, -22958, -16938, -12959, -11855, -14913, -20339,
      -24482, -25460, -23979, -20006, -12905,  -2066,  10225,  22221,
       29548,  30983,  27031,  20837,  12104,   1255,  -7329, -12705,
      -15979, -17130, -13934,  -9174,  -6043,  -5561,  -7528, -11542,
      -15457, -17406, -18847, -19403, -15999,  -9333,  -1039,   7019,
       13700,  17629,  18220,  16298,
      ... 412 more items
    ],
    Int16Array(512) [
        -789,  -174,  1441,  3466,   4425,   4268,   3671,   2371,
         188, -2336, -4048, -4598,  -4376,  -3270,  -1396,    928,
        3287,  5429,  6400,  6458,   5994,   5093,   4214,   3512,
        3697,  4406,  5940,  7807,  10275,  11824,  12757,  12033,
       10610,  6064, -2257, -9201, -12536, -12065, -12837, -12961,
      -10472, -5165,   568,  4071,   4699,   3823,   3022,   2313,
         966,   314,  1188,  2916,   4253,   5632,   7387,   8429,
        7451,  4014,  -257, -4060,  -6930,  -9695, -12075, -12608,
      -11037, -8679, -6279, -4321,  -3217,  -2710,  -2619,  -2880,
       -2931, -2168,  -634,   904,   2723,   5438,   8293,  10292,
       10855, 10166,  8403,  6368,   4167,   1784,    -29,   -807,
        -617,  -113,   688,  1747,   2677,   2759,   1854,   1016,
         320,    79,   181,   778,
      ... 412 more items
    ],
    Int16Array(512) [
      -1223, -577,    7,  389,  763, 1070, 1270, 1226, 1290,
       1338, 1271, 1265, 1577, 1804, 1791, 1609, 1238,  707,
        185,  -43, -145, -259, -357, -450, -402, -146,   36,
          2,   34,  -26, -134,  -54,    0,  162,  568,  955,
       1382, 1702, 2003, 1959, 1876, 1764, 1541, 1325, 1179,
       1097,  922, 1043, 1209, 1418, 1878, 2239, 2266, 2193,
       1813, 1440, 1118,  913,  823,  825,  942, 1216, 1397,
       1340, 1410, 1348, 1199,  926,  504,  359,  377,  389,
        490,  387,  425,  515,  601,  900,  941, 1060,  921,
        842, 1157, 1312, 1379, 1362, 1414, 1284, 1167,  815,
        415,  101,  -44, -231, -471, -557, -655, -767, -629,
       -462,
      ... 412 more items
    ],
    Int16Array(512) [
       439,  358,  370,  302,  321,  308,  363,  426,  595,  581,  594,
       673,  570,  543,  568,  748,  742,  667,  544,  363,  113,  -92,
        12,   39,   81,  126,  168,  277,  474,  583,  492,  596,  666,
       697,  820,  764,  841, 1080, 1079, 1196, 1321, 1133, 1086, 1017,
      1096,  992,  909,  734,  694,  739,  720,  923, 1001, 1177, 1165,
      1160, 1010,  934,  962, 1023, 1139, 1317, 1433, 1537, 1491, 1581,
      1696, 1735, 1887, 1803, 1769, 1396,  997,  828,  711,  747,  922,
      1111, 1059,  972,  978,  913,  820,  810,  663,  543,  622,  744,
       853,  999, 1105, 1068, 1053,  836,  834,  865, 1102, 1160,  980,
      1024,
      ... 412 more items
    ],
    Int16Array(512) [
       -560,  -629,  -697,  -776,  -775,  -457,  -372,  -335,  -314,
       -380,  -414,  -520,  -604,  -716,  -702,  -778,  -713,  -761,
       -684,  -352,  -340,  -367,  -728,  -877, -1022, -1103, -1199,
       -944,  -714,  -652,  -494,  -418,  -406,  -485,  -488,  -648,
       -563,  -705,  -523,  -451,  -532,  -500,  -765,  -946, -1163,
      -1393, -1705, -1929, -2365, -6620, -8750, -8411, -6458, -5950,
      -4450,  -197,  2098,  5176,  8666, 11286, 11795, 12140, 12085,
      10408,  9430,  9103,  7724,  5111,  3315,  2045,   501, -1127,
      -2283, -3660, -4535, -5117, -5894, -5490, -3886,  -687,  1012,
       3094,  4748,  6465,  7796,  8354,  8283,  6719,  6651,  3920,
       3679,   827,  2205,  -916,   132, -2257, -1555, -2695, -2591,
      -2131,
      ... 412 more items
    ],
    Int16Array(512) [
       10677,  11117,  13085,  14661,  14388,  16747,  15157,  18649,
       16362,  18280,  16363,  16043,  17482,  16689,  20935,  17285,
       18740,  14585,  12616,   1512, -17970, -20822, -20629, -11568,
      -14967, -28641, -31731, -29763, -31330, -26353, -18995, -17535,
      -13733,  -8497,   7754,  17246,  25197,  21203,  13733,   7794,
        1827,    949,  -2028,  -5943, -10718, -16152, -17117, -15871,
      -13895, -13733, -16424, -19298, -19593, -18476, -14850, -10465,
       -5679,     -8,   4166,   8536,  11868,  14705,  15888,  13997,
       10415,   6944,   3713,   1453,  -1421,  -3277,  -6215, -11852,
      -18485, -24492, -24758, -24812, -22604, -19891, -14001,  -7501,
       -1653,   3181,   6713,   8130,   7732,   5602,   2745,    387,
        -501,   -338,  -1052,  -1807,  -2616,  -2799,  -3390,  -4308,
       -5127,  -5736,  -6192,  -5522,
      ... 412 more items
    ],
    Int16Array(512) [
       10866,  12715,  15758,  19900,  19610,  22231,  18834,  19826,
       17153,  17317,  16967,  16780,  16757,  16461,  11843,   4993,
       -2589, -12238, -17463, -26504, -32768, -31916, -32215, -31223,
      -31452, -28397, -24231, -12105,  -5184,  -1127,   2401,   5003,
        9793,  10071,   8491,   6238,   5625,   1192,  -1672,  -6538,
       -8957, -10345, -14145, -17470, -20354, -19752, -18776, -18364,
      -16855, -14876, -10975,  -8087,  -4842,  -2024,   1766,   3361,
        4524,   5385,   5069,   5748,   4734,   3361,   2121,   -107,
       -1231,  -2595,  -4646,  -5258,  -8028,  -8210, -12939, -13225,
      -14467, -15332, -15234, -17265, -13892, -11022,  -8735,  -5543,
       -2563,   -442,   1911,   1643,   2681,   2317,    715,    -77,
       -1028,  -1197,  -1160,  -1348,  -2205,  -3450,  -4312,  -5019,
       -5826,  -6312,  -6131,  -5334,
      ... 412 more items
    ],
    Int16Array(512) [
       -2411,  -4077,  -4132,  -4833,  -6083,  -7016,  -8174,  -8431,
       -8323,  -8549,  -7925,  -6841,  -5180,  -2939,   -311,   2191,
        4572,   6294,   6922,   7751,   7676,   8674,   8411,   8164,
        8794,   8339,   8412,   7887,   7160,   6945,   6112,   5937,
        5643,   6276,   6498,   7758,   8015,   8205,   8710,   8521,
        8626,   7350,   5654,   4889,   5169,   6293,   7083,   6869,
        9290,  10071,  11700,  13345,  11336,  11606,   7589,   6324,
        5681,   6025,   8353,  11435,  12651,  14851,  13965,  16951,
       13630,  12747,  10711,   8977,  12670,   8125,  12717,   9360,
       10093,    767,  -3855, -19569, -16311, -28786, -19413, -25286,
      -21191, -18487, -20042, -13810, -13161, -10257,  -7504,  -9805,
       -8593,  -4756,  -2913,   3468,   3910,   3566,   2717,   -653,
       -2754,  -5393, -11113, -12399,
      ... 412 more items
    ],
    Int16Array(512) [
       10198,  13933,  15732,  14122,  14621,  11237,   8829,   7974,
        6345,   6390,   9137,  10662,  16166,  16732,  16757,  16214,
         313,  -3185, -16344, -17907, -16728, -19638, -18908, -19200,
      -17745, -10845, -12644, -12144, -14508, -16382, -12441, -12886,
       -6810,  -4611,    403,   1806,   1971,   1104,    812,  -4130,
       -5819, -14717, -15021, -18352, -15797, -17049, -15256, -13755,
      -11277, -10115,  -7902,  -8124,  -7508,  -7351,  -6265,  -4098,
       -5631,  -2762,  -2310,   -224,  -1949,  -2504,  -2022,  -2126,
       -5089,  -6164,  -8265, -10188, -11888, -10746, -10171,  -8267,
       -8084,  -5553,  -3829,  -3125,  -1569,  -2635,  -2733,  -3506,
       -3536,  -4197,  -4239,  -4344,  -3578,  -4175,  -3128,  -3093,
       -2919,  -3436,  -3846,  -3455,  -3984,  -3105,  -2930,  -3424,
       -3573,  -3470,  -2940,  -2187,
      ... 412 more items
    ],
    Int16Array(512) [
      -11656, -10971, -16152, -15686, -19933, -16475, -18384, -14921,
      -13075, -11616, -11641, -13798, -11300, -12027, -11044, -13497,
      -12676, -10088,  -9612,  -4402,  -5707,  -2449,  -3720,  -2692,
       -2684,  -5658,  -4533,  -7484,  -6823,  -8546,  -6768,  -5845,
       -4988,  -5366,  -6217,  -3923,  -2804,  -2326,  -2657,  -2131,
       -1643,  -1099,   -395,    111,   -833,   -437,  -1045,  -1033,
       -1363,   -816,  -1116,  -1473,   -442,    205,   1315,   1465,
        1961,   1964,   1660,   2482,   2440,   2372,   1278,   1061,
        1111,   2166,   2058,   2502,   3214,   4112,   5142,   6456,
        8622,   9419,  10179,   9179,   8598,   6835,   5745,   5675,
        2630,   3638,   2910,   4110,   4827,   5350,   7014,   5529,
        5045,   3465,   1672,   2950,   2706,   2505,   2493,   2538,
        6400,   5012,   4346,   3846,
      ... 412 more items
    ],
    Int16Array(512) [
        8496,   8892,   9222,   9088,   9393,  10056,  10426,  10121,
        9391,   9447,   9081,   9341,   9179,  10050,  10902,  11772,
       12904,  12906,  13777,  14428,  15182,  15181,  15951,  16144,
       18580,  19712,  20175,  20784,  19174,  20744,  18013,  15948,
       13648,  14597,  16309,  16445,  16596,  17088,  19499,  19759,
       19173,  17608,  16392,  13966,  14380,  13793,  14894,  14687,
       17608,  21211,  24128,  26347,  25484,  25574,  25006,  24924,
       24441,  24370,  23822,  23827,  20383,  17553,   2849,   2192,
       -8705, -10604, -20576, -27830, -25052, -32768, -24799, -32768,
      -25064, -30897, -24180, -19638, -18924, -13986, -13312,  -6220,
       -8095,  -1855,  -4763,    854,  -2348,  -2831,  -4704,  -8213,
       -7459, -12684, -14129, -16951, -15690, -15573, -15858, -14772,
      -16224, -13178, -12921,  -9524,
      ... 412 more items
    ],
    Int16Array(512) [
      -21518, -15888, -12621, -10738,  -9407,  -7997,  -8586, -11308,
      -12912, -11487,  -6719,   -740,   5147,  11225,  17368,  21497,
       22770,  20582,  17198,  13178,   7655,   1700,  -2918,  -5047,
       -5923,  -7222,  -8873,  -9868, -11561, -13849, -21721, -29304,
      -28934, -28663, -28376, -27874, -27722, -18788,  -8118,    778,
        6677,   7278,   7579,   6798,   5548,  -1392,  -5563,  -6257,
       -7028,  -6905,  -5334,  -1717,    -84,   -261,   -430,  -1872,
       -2724,  -3688,  -5305,  -6454,  -3797,   1904,   7195,  10942,
       13804,  17050,  19872,  21821,  20260,  17125,  14495,  14200,
       13101,  13562,  13508,  15883,  17966,  21045,  24256,  24243,
       25647,  24775,  23335,  20678,  19892,  19386,  18978,  17840,
       20316,  23524,  24669,  27068,  26787,  26771,  26904,  25955,
       26498,  25052,  26447,  21589,
      ... 412 more items
    ],
    Int16Array(512) [
       28949,  29046,  28730,  27322,  15158,   1041, -10418, -22351,
      -31359, -32271, -31431, -24718, -15533, -13032, -14060, -13399,
      -12192, -13799, -19480, -25416, -25417, -19020,  -8224,   4039,
       15864,  26180,  31186,  30779,  30407,  30167,  25098,  15643,
        6579,    383,  -1890,  -1861,  -1494,  -1290,  -3981,  -9689,
      -15177, -23216, -29420, -30654, -29963, -29808, -29311, -29144,
      -27951, -19216,  -9224,   -826,   7024,  11007,  10938,   7682,
        4132,    397,  -1660,  -2010,  -1898,  -1334,   -240,   1062,
        1015,   -143,  -2937,  -6187,  -9438, -10788, -10188,  -8366,
       -4567,    996,   8198,  15189,  20010,  22538,  22185,  21593,
       20042,  17958,  15936,  15950,  16901,  20349,  24136,  27673,
       29955,  29126,  29064,  28556,  28312,  27955,  27597,  27360,
       26899,  26789,  26216,  26253,
      ... 412 more items
    ],
    Int16Array(512) [
       -7033,   6087,  18457,  28063,  32638,  32408,  32201,  31257,
       27584,  22266,  17428,  13527,  10429,   6882,   1409,  -4078,
      -11027, -18657, -27709, -30082, -29179, -29194, -28561, -28505,
      -27870, -27872, -22236, -13529,  -7034,  -2129,   1652,   4081,
        4932,   4727,   4362,   4958,   5551,   5882,   5897,   5840,
        5117,   2835,    651,  -1390,  -2513,  -2512,  -2467,  -1216,
        1882,   6452,  10384,  12490,  14234,  17197,  18935,  20351,
       21237,  22741,  25563,  28355,  30909,  30512,  30194,  29824,
       29487,  29124,  28819,  28418,  28200,  27709,  27624,  26974,
       27083,  26351,  23442,  -7868, -32768, -32046, -32768, -32475,
      -32768, -32589, -32125, -32109, -19319, -12233, -25413, -30929,
      -30883, -27049, -19807, -17676, -12751,   1451,  21194,  31085,
       30981,  30139,  30719,  23583,
      ... 412 more items
    ],
    Int16Array(512) [
       22185,  23773,  24310,  26435,  29508,  31284,  31900,  31159,
       31006,  30532,  30214,  29913,  29404,  29383,  28419,  29368,
       12509, -18308, -28453, -21096, -16426, -21492, -28613, -30910,
      -26560, -26378, -30241, -29514, -29572, -28834, -28946, -21536,
       -8421,   -711,   2386,   -145,  -2742,  -2438,   -589,   2344,
        5751,   9511,  14276,  17988,  17753,  12569,   2642,  -7178,
      -13737, -15708, -14996, -13527, -12185, -10573,  -9691, -10912,
      -14748, -17970, -18942, -16538, -12373,  -6259,    941,   6268,
        8114,   7146,   8869,  11853,  14955,  13434,  10832,   9335,
        9761,  10523,   9647,   5975,    621,  -4218,  -6086,  -5828,
       -5760,  -7769, -10679, -12567, -12799, -11383, -10562, -11271,
      -11872, -11789,  -9757,  -7701,  -6376,  -5982,  -5976,  -5649,
       -4354,  -1741,   1126,   4260,
      ... 412 more items
    ],
    Int16Array(512) [
        6389,  -3398,  -6861,  -2948,  -1198,  -1064,   -551,  -1172,
       -4732,  -6509,  -6804,  -5506,  -4481,  -3149,  -1622,  -1030,
       -1794,  -3937,  -2812,    700,   4151,   7136,   9415,  11533,
       12702,  14653,  16934,  21338,  26568,  29894,  31456,  32724,
       31710,  31925,  30947,  30752,  25047,  19804,  27580,  30104,
       23526,   8860,   -518,  -1973,    437,  -2891,  -6140,  -9885,
      -12714, -17817, -24336, -26479, -25526, -22638, -22412, -23348,
      -23645, -22554, -22459, -22909, -21929, -17973, -12868, -10715,
      -10753, -10930,  -9709,  -7591,  -4327,  -1979,   -436,    353,
        -141,   -911,  -1522,  -1530,     47,   2008,   3031,   2071,
         679,    -12,    265,    680,   1483,   2148,  -2179,  -3228,
       -1506,   3195,   2684,  -1853,  -4721,  -1781,      2,   1006,
        1425,   3509,   4010,   2395,
      ... 412 more items
    ],
    Int16Array(512) [
        4187,   5478,   7506,   8801,   7976,   4855,   1512,    835,
        3195,   5774,   6341,   4817,   3000,   1641,    931,   1480,
        3581,   6301,   7233,   7293,   5834,   7484,   9578,  13475,
       15602,  19631,  23811,  28205,  29121,  29466,  27805,  25427,
       22452,  19774,  23712,  24212,  21211,  11533,   1076,  -3412,
         -86,   4135,   2442,  -8700, -17832, -17442, -12278, -10943,
      -16012, -20285, -17297, -14210, -14680, -18341, -19187, -16387,
      -13422, -12578, -10546,  -7867,  -6770,  -8509,  -9948,  -7436,
       -1598,   1646,    946,  -1486,  -2686,  -1566,   -730,  -1171,
       -1288,  -1633,  -1449,  -2944,  -3801,  -8021, -10258,  -9561,
       -2596,   2423,   -682,  -7086, -11342,  -9358,  -5284,   -694,
        1438,    891,  -3570,  -5941,  -4351,    435,   5173,   6496,
        6179,   4799,   4155,   3984,
      ... 412 more items
    ],
    Int16Array(512) [
         940,   4164,   6880,  10440,  13662,  15130,  16671,  18429,
       21728,  25929,  29211,  31535,  31604,  31024,  30832,  30318,
       30089,  29774,  24884,   8594,   7995,  11212,   4373, -10756,
      -20281, -20524, -17861, -24447, -32483, -29447, -30969, -28641,
      -24172, -23509, -23234, -22012, -19187, -16380, -13316,  -5421,
        3071,   8561,  12675,  14106,  16112,  14864,  10620,   7966,
        7959,   9908,   9226,   4719,   -952,  -5930, -10605, -15096,
      -18423, -18652, -18016, -16826, -17680, -17882, -20657, -23176,
      -23614, -21324, -16672, -11496,  -4799,   2138,   4886,   4353,
        4052,   5310,   9379,  12455,  14636,  15350,  13748,  12370,
        9990,   7079,   3968,    494,  -1436,  -1407,  -1187,  -1584,
       -4660,  -8453, -10813, -10958,  -8792,  -6053,  -3265,   -857,
        1636,   4197,   6812,   9091,
      ... 412 more items
    ],
    Int16Array(512) [
       18432,   -406, -17984, -30418, -32367, -31554, -31442, -25775,
      -18662, -21580, -26618, -29464, -27682, -24124, -19848, -11716,
        1119,  14898,  23687,  25363,  22248,  16927,  10228,   4105,
         386,    586,   2812,   3256,    878,  -3587,  -9696, -17783,
      -27107, -29774, -28860, -28821, -28170, -23369, -15807, -10281,
       -6370,  -5530,  -5025,  -4000,    -68,   4887,  11552,  13885,
       13145,  11303,   9450,   8416,   4530,   2001,   -243,  -1993,
       -4210,  -5149,  -6042,  -8084, -10765, -13085, -13606, -13119,
      -11337,  -9850,  -8043,  -5957,  -2628,    164,   1818,   3316,
        4531,   6114,   7216,   8322,   9529,  10752,  11138,  10939,
       10630,  10198,   9801,   9720,   9691,  10487,  11114,  11464,
       12617,  14093,  15207,  16574,  18900,  22600,  28410,  30708,
       29956,  30005,  29123,  29715,
      ... 412 more items
    ],
    Int16Array(512) [
       11772,  13910,  14144,  13897,  14168,  15016,  16020,  17158,
       18235,  19975,  21519,  24043,  26902,  30784,  29290,  30761,
       27783,  31622,   2849, -32768, -30536, -32015, -30410, -30895,
      -29988, -28761,  -6941,  19571,  21318,   -206, -21616, -24724,
      -14098,  -2572,   5578,  15827,  25995,  30262,  25664,  17862,
        8160,  -5708, -24064, -30884, -29592, -21150, -11019, -11771,
      -13516, -11585,  -8833, -14040, -24836, -28781, -26772, -17074,
       -5031,   4211,  13662,  20872,  23643,  20269,  14786,  10337,
        6647,   2079,   -854,   1069,   7267,  12743,  13560,   9729,
        3998,  -2826, -10376, -16558, -18952, -16970, -13080,  -8630,
       -3388,   2623,   6904,   6316,   1576,  -2878,  -4012,  -2358,
        -750,    711,   2593,   5844,   5496,    109,  -6318, -10677,
      -13511, -17502, -19166, -17542,
      ... 412 more items
    ],
    Int16Array(512) [
      -2101, -1316,  -626,  -354,  -397,  -779,  -963,  -934,  -700,
       -802,  -720,  -497,  -291,  -106,  -404, -1049, -1668, -1901,
      -2026, -1971, -1679, -1454, -1018, -1030, -1165, -1059, -1311,
      -1623, -1997, -1708,  -696,   394,  1268,  1760,  2195,  2263,
       2049,  1659,  1047,   646,   222,   167,   144,   -83,  -147,
       -170,  -215,  -617, -1202, -1517, -1473, -1414, -1295, -1121,
      -1104, -1167, -1074,  -832,  -610,  -461,  -367,  -264,  -292,
       -344,  -436,  -715, -1176, -1512, -1782, -1885, -2192, -2692,
      -2807, -2776, -2324, -2119, -1754, -1506, -1518, -1503, -1634,
      -1526, -1091,  -718,  -511,  -207,   104,   420,   791,  1053,
       1088,  1092,  1320,  1409,  1142,   649,   231,   123,   220,
        420,
      ... 412 more items
    ],
    Int16Array(512) [
         45,   267,   583,   587,   244,  -158,  -415,  -454,  -672,
       -851,  -899, -1086, -1146, -1052, -1052, -1024, -1028, -1090,
       -990,  -920, -1065, -1109, -1274, -1347,  -979,  -590,  -475,
       -461,  -627,  -790,  -725, -1043, -1376, -1840, -2043, -2129,
      -2064, -1619, -1332, -1035,  -916,  -537,  -509,  -581,  -638,
       -644,  -315,  -300,  -418,  -556,  -717,  -528,  -527,  -673,
       -706,  -749,  -649,  -557,  -593,  -568,  -683, -1039, -1389,
      -1581, -1618, -1450, -1356, -1263, -1240, -1185, -1001,  -819,
       -801,  -888,  -903,  -697,  -541,  -300,  -265,  -454,  -376,
       -518,  -527,  -672,  -950, -1371, -1672, -1753, -1923, -1880,
      -1850, -1661, -1750, -2004, -2092, -2185, -1860, -1415,  -967,
       -668,
      ... 412 more items
    ],
    Int16Array(512) [
         27,    -4,    2,   30,  311,  210,  205,   126,   76,
         70,   -22,  213,  199,  260,  -17, -260,  -282, -239,
        -56,   -57,  -58, -133, -106, -135, -353,  -328, -278,
       -280,  -431, -295, -262,   33,   17, -103,   -98, -208,
       -245,  -564, -446, -380, -464, -484, -715,  -601, -610,
       -321,  -335, -581, -559, -590, -361, -446,  -503, -580,
       -771,  -830, -927, -871, -769, -870, -670,  -561, -480,
       -663,  -626, -811, -952, -996, -976, -599,  -456, -337,
       -320,  -231, -403, -521, -686, -888, -851, -1054, -981,
      -1021, -1157, -881, -718, -621, -727, -667,  -689, -623,
       -520,  -315, -214, -536, -683, -814, -746,  -640, -781,
       -865,
      ... 412 more items
    ],
    Int16Array(512) [
         516,   -11,    151,    384,    913,   1597,   2161,   2474,
        2566,  2799,   3275,   4057,   4700,   5240,   5948,   6310,
        6544,  6624,   6565,   5888,   4904,   4239,   3349,   2507,
        1462,  1275,    744,    807,   1197,   2215,   2506,   1971,
        2997,  3505,   3910,   4737,   6699,   7858,   7880,   8398,
        9932, 10293,  11803,  12464,  13460,  14505,  15118,  13338,
        6688, -2094, -13223, -23814, -30280, -31619, -30063, -24453,
      -16971, -9980,  -2169,   4628,   9645,  10577,   7903,   4444,
        2437,  2805,   4271,   6249,   7919,   8573,   8188,   5608,
        1426, -4262, -10403, -15842, -19835, -21418, -20538, -17285,
      -12491, -7651,  -3638,  -1468,   -141,    523,    919,    860,
         697,  1415,   3228,   6327,   8958,  10349,  10038,   8024,
        4941,   877,  -2981,  -6167,
      ... 412 more items
    ],
    Int16Array(512) [
      -24941, -24542, -22645, -17780, -10153,  -1613,   5491,  11186,
       15270,  16682,  14749,  10722,   4505,  -1382,  -4331,  -4605,
       -4448,  -4390,  -4279,  -4701,  -6484,  -8414,  -9658, -10237,
      -10215,  -8781,  -5814,   -960,   5468,  11670,  16057,  17967,
       18481,  17448,  15267,  13114,  11849,  10942,  10039,  10011,
       11289,  12297,  12975,  11705,   9774,   6329,   4106,   3307,
        3363,   4351,   5733,  10008,  13311,  16904,  19215,  19911,
       19388,  17994,  17260,  16744,  16851,  18521,  20110,  20803,
       19076,  19811,  15192,   6657, -13364, -30862, -32768, -32768,
      -32132, -32283, -31114, -31993, -23408,  -5826,   7535,  14535,
       14028,  11710,   8104,   6591,   5776,   8346,  11718,  14012,
       12702,   9439,   5361,    806,  -6683, -15653, -25510, -31542,
      -30931, -30988, -28984, -21304,
      ... 412 more items
    ],
    Int16Array(512) [
       15122,  11342,   4758,  -3030,  -9702, -14795, -17659, -18253,
      -17099, -14478, -11703,  -8355,  -5249,  -2635,  -1800,  -2320,
       -3888,  -4520,  -3997,  -2388,  -3546,  -3027,  -5402, -12167,
      -13250, -13482,  -9580,  -6995,  -4985,   -402,   1658,   1885,
        4070,   3431,    136,  -3335,  -7111,  -9465, -10127,  -7992,
       -5571,  -5097,  -4315,  -2898,  -1569,   -866,    933,   2898,
        4391,   6026,   9163,  11935,  14943,  17152,  17116,  15041,
       12214,  10102,   7688,   5119,   3279,   2891,   2549,   3073,
        4886,   6183,   7212,   7621,   8373,   8914,   9503,  10747,
       12394,  13624,  15722,  16318,  16858,  17158,  16647,  17281,
       16430,  15840,  15327,  16156,  17767,  20857,  21806,  23653,
       22301,  20906,  12393,   1242, -17455, -32711, -32356, -32768,
      -32411, -32768, -31720, -32137,
      ... 412 more items
    ],
    Int16Array(512) [
         -80, -21056, -32768, -32333, -32768, -32137, -31986, -31708,
      -26245, -12173,   1237,  12233,  19479,  19444,  15367,  10049,
        5049,   5104,   7956,  10197,  11183,   8906,   4919,    224,
       -6111, -12339, -19336, -26764, -31246, -31176, -30602, -24892,
      -15606,  -6987,   -674,   3001,   6168,   8202,  10090,  10600,
        9711,   8488,   7908,   8347,   9842,  10847,  10104,   6509,
         472,  -5223,  -9846, -13174, -14255, -14281, -13394, -11204,
       -8513,  -5059,  -2044,     52,    947,     30,  -1397,  -1253,
        -545,   1426,   2668,   3643,   3469,   2935,   -344,  -3295,
      -10495, -20935, -24140, -25640, -21419, -15196,  -8361,    179,
        5524,   6834,   8637,   7216,   3357,     41,  -4948,  -7799,
       -7880,  -5366,  -1106,   1061,   2321,   2649,   1145,   -686,
        -723,    374,   2073,   3929,
      ... 412 more items
    ],
    Int16Array(512) [
       -1513,    170,     45,   -979,  -2080,  -2774,  -4208,  -5615,
       -6759,  -6698,  -5638,  -3800,  -2164,   -842,    322,    945,
         958,   1505,   3187,   5253,   6961,   8419,   9504,  10423,
       10854,  10138,   8645,   6190,   3727,   1806,    283,   -203,
         774,   1984,   3377,   4932,   6269,   7173,   8025,   8345,
        9058,   8869,   8590,   9410,  10448,  11793,  12237,  12186,
        9732,   8223,   6237,   6341,   7042,   5640,   6206,   9073,
       10529,  12820,  14092,  13112,  15479,  15146,  15843,  17421,
       18797,  20985,  23377,  21500,  16696,   5738, -12650, -30268,
      -32768, -32065, -32537, -31170, -32205, -25292, -11302,   2208,
       13397,  19445,  20921,  16912,  10854,   4920,   2414,   3682,
        7273,  10053,  10305,   7302,   2556,  -3749, -11103, -18494,
      -26034, -31002, -30971, -30726,
      ... 412 more items
    ],
    Int16Array(512) [
      -19612, -31820, -32095, -31764, -31363, -30983, -30527, -24492,
      -14971,  -3972,   5683,  11449,  11741,   8524,   8030,   8577,
        9981,  12495,  13679,  14747,  13407,   8347,   2014,  -5144,
      -11789, -18907, -26131, -30151, -29689, -26340, -20612, -15246,
       -9619,  -5035,  -2234,   -363,    848,   2811,   5270,   6956,
        8253,  10686,  13714,  16073,  15633,  12279,   7536,   1954,
       -3517,  -8117, -11317, -12502, -12233, -11406,  -9685,  -7641,
       -5193,  -3850,  -3203,  -3234,  -3260,  -2462,  -1012,   1324,
        3709,   5991,   7402,   7739,   6553,   4194,    199,  -3928,
       -7379, -10641, -12819, -16034, -16585, -14966, -12698,  -9429,
       -6360,  -3469,   -447,   1216,   2543,   3793,   4168,   4262,
        3650,   2700,   2161,   1925,   1752,    869,     12,   -369,
        -386,   -230,    626,   2102,
      ... 412 more items
    ],
    Int16Array(512) [
        6332,   4714,   -228,  -4484,  -6607,  -6301,  -7421,  -7290,
       -3985,    -61,   1390,    504,  -1012,  -3643,  -6899,  -9669,
      -10540,  -9644,  -7429,  -3916,   -877,     49,   -528,   -814,
       -2085,  -4365,  -6131,  -5761,  -3383,   -519,   1917,   4633,
        7333,   8358,   7884,   6069,   4439,   3753,   3903,   5157,
        6811,   8213,   9561,  10192,   9123,   7026,   4401,   2132,
         736,   -321,    324,   2009,   5041,   7523,   9009,   9005,
        8234,   8102,   7554,   7751,   7316,   7480,   8347,  10075,
       11312,  12388,  12005,  12411,  11587,  10526,   9945,  10008,
       11346,  13922,  15415,  17198,  18967,  20185,  22930,  21903,
       18347,  11134,   -608, -12376, -26596, -32768, -32061, -32120,
      -31280, -31519, -24164, -12861,  -7932,  -7294,  -8044,  -7690,
       -4599,  -1293,   2218,   8155,
      ... 412 more items
    ],
    Int16Array(512) [
        7773,   7406,   6788,   6551,   6754,   7213,   7789,   7573,
        6731,   5290,   3669,   2191,   1178,    954,   1274,   1701,
        2078,   2954,   3531,   4249,   4353,   4659,   5631,   6750,
        7849,   9135,  10435,  11775,  12726,  13168,  11840,   9604,
        5292,   -251,  -6718, -12982, -16842, -17948, -16523, -13963,
      -12210, -11532, -11803, -13158, -14663, -16291, -17795, -18258,
      -17145, -13941,  -9301,  -4791,  -1245,    801,   1353,   1258,
         925,    522,    482,    845,   1897,   3631,   5731,   7514,
        8181,   7676,   5980,   3855,   1708,    203,   -569,   -843,
        -699,   -340,    250,    679,    544,   -274,  -1754,  -3442,
       -4799,  -5487,  -5450,  -4506,  -3109,  -1589,   -392,    353,
         529,    205,   -217,   -780,  -1057,   -544,    457,   1754,
        3325,   4681,   5393,   5302,
      ... 412 more items
    ],
    Int16Array(512) [
        3939,   4421,   5180,   6260,   7698,   9688,  10624,  10802,
        9867,   8517,   7615,   6696,   5994,   4167,   1871,   -841,
       -3892,  -6399,  -7995,  -9249, -10004, -11392, -13319, -15151,
      -16702, -17258, -17365, -17653, -17629, -17532, -16717, -14972,
      -12650, -10281,  -8269,  -6795,  -5097,  -3195,   -831,   1446,
        3274,   5093,   6507,   8079,   9452,  10285,  10866,  10526,
        9595,   8634,   7655,   6808,   6093,   5274,   4402,   3161,
        1586,    -15,  -1712,  -3303,  -4793,  -6290,  -7759,  -8677,
       -9140,  -9078,  -9092,  -9044,  -8976,  -8776,  -8701,  -9091,
       -9367, -10378, -10715,  -9685,  -7820,  -4830,  -2271,   -438,
         982,   1638,   2314,   3118,   3328,   3491,   3440,   3726,
        4580,   5439,   6001,   5503,   4228,   2454,    244,  -1666,
       -3082,  -4140,  -4439,  -4486,
      ... 412 more items
    ],
    Int16Array(512) [
       15259,   9861,   3749,  -2404,  -7146, -10376, -12107, -13448,
      -15965, -20003, -27487, -29481, -28598, -28583, -28036, -27519,
      -23468, -16786, -10417,  -6068,  -2743,    -20,   2004,   3671,
        6284,  10427,  15499,  20121,  21862,  21037,  18393,  15143,
       11700,   8656,   5626,   2890,   1862,   1671,   1482,    679,
        -955,  -3177,  -5935,  -8943, -10494,  -9814,  -7355,  -4675,
       -2542,   -536,   1176,   2891,   3980,   4681,   5055,   5325,
        7223,  11001,  14946,  17485,  18435,  18279,  17818,  16286,
       15033,  14634,  15134,  14655,  14332,  14389,  15625,  17049,
       17356,  17098,  15278,  13869,  12376,  14100,  15919,  19566,
       21122,  19932,  12713,  -1282, -21980, -32768, -32265, -32522,
      -31561, -27694, -23312, -23754, -24923, -25871, -27706, -29907,
      -29126, -29455, -25572, -13945,
      ... 412 more items
    ],
    Int16Array(512) [
       14039,   -879, -23377, -32768, -32380, -32768, -32536, -32768,
      -32203, -32349, -29095, -28457, -30851, -30670, -30218, -30142,
      -26925, -17790,  -4407,   9269,  18644,  22853,  24194,  25351,
       24927,  21288,  15411,  11623,  11810,  13587,  14583,  14051,
       12109,   7334,  -1046, -12009, -21376, -27784, -30973, -30857,
      -30371, -30271, -27486, -21948, -18540, -16980, -16344, -15592,
      -14045, -11507,  -7296,   -812,   6690,  14003,  20428,  24833,
       26556,  24952,  20634,  15567,  11279,   8133,   5626,   3871,
        2702,   1868,   -359,  -4369, -10516, -16808, -23208, -28971,
      -29288, -28779, -28573, -28096, -27911, -23671, -14981,  -7824,
       -3335,  -2597,  -2238,  -1406,   -561,   3199,   8388,  14540,
       21328,  25478,  23715,  18082,  11751,   6584,   1206,  -5106,
       -9108,  -9131,  -5744,  -2335,
      ... 412 more items
    ],
    Int16Array(512) [
        -154,    920,   2158,   3872,   6483,   9490,  12417,  14535,
       15331,  15885,  16085,  15599,  14572,  13325,  12591,  12635,
       13189,  14253,  15510,  16988,  18341,  17679,  17429,  16545,
       15709,  14670,  13206,  14312,  14827,  17248,  18752,  20655,
       21277,  20446,  20681,  21648,  22537,  17014,   4598, -14838,
      -29908, -32768, -32576, -32768, -32585, -32768, -30783, -19992,
      -13475, -15732, -21251, -23689, -21643, -17794, -13921,  -9102,
       -1970,   6158,  13001,  17750,  20150,  18965,  13526,   5551,
        -578,  -4055,  -6327,  -9008, -10978, -10355,  -8312,  -7731,
      -10288, -14698, -18864, -21993, -24038, -24330, -21874, -17016,
      -10643,  -4494,   1425,   7576,  12135,  13940,  13240,  11608,
       10616,  10228,  10592,  11502,  12884,  14080,  13922,  12202,
        8871,   3695,  -5931, -16039,
      ... 412 more items
    ],
    Int16Array(512) [
       -4568,  -6093,  -5890,  -4293,  -1910,   1165,   4905,   7872,
        9444,   9975,   9850,   9273,   8396,   8354,   9500,  11491,
       14001,  16191,  18646,  20715,  21880,  21357,  20398,  19484,
       18780,  18788,  18803,  19263,  21495,  23525,  26019,  27320,
       27252,  27691,  27264,  26487,  24482,  21813,  13728,   1171,
      -16718, -30886, -32768, -32768, -32766, -32713, -32476, -30960,
      -21813, -14406, -17756, -23222, -23867, -19737, -15233, -13784,
      -12987,  -7267,   2322,  11540,  16193,  16602,  15226,  12806,
        8227,   2564,  -3421,  -8202, -11568, -13397, -12919, -10818,
       -9147,  -9639, -12071, -14564, -16480, -18033, -19558, -20090,
      -17514, -12582,  -6192,    120,   5778,  10403,  13229,  14541,
       14220,  13046,  11775,  10716,   9837,   9793,   9830,   8463,
        5068,    332,  -5322, -12885,
      ... 412 more items
    ],
    Int16Array(512) [
       17533,  19911,  22181,  24724,  26802,  27776,  28669,  29091,
       28644,  28456,  27967,  27816,  27303,  26968,  19941,   1979,
      -14905, -24769, -26378, -25596, -27173, -30779, -29638, -24337,
      -20123, -23712, -30861, -30840, -30687, -28446, -19494, -13297,
       -8752,  -2982,   2424,   5509,   5193,   2708,    701,    549,
        2969,   6979,  10441,  11944,  10715,   8029,   3868,  -1494,
       -7126, -11206, -13025, -12307, -10498,  -8607,  -6734,  -4814,
       -4393,  -5973,  -8586,  -9500,  -7012,  -2507,   1949,   5629,
        9562,  13678,  15677,  14523,   9843,   5097,   1195,    -26,
        -262,   -672,   -522,  -1776,  -3682,  -6614, -11296, -15677,
      -19380, -21849, -21733, -19882, -16153, -12805, -11510, -11435,
      -11920, -12103, -12207, -12338, -11489,  -8713,  -4575,   -810,
        1549,   2569,   3222,   3718,
      ... 412 more items
    ],
    Int16Array(512) [
       -4072,  -5574,  -2931,   -352,   -664,  -2856,  -4222,  -3608,
       -2250,  -2228,  -3481,  -4149,  -3399,   -550,   2171,   5166,
        5206,   3568,   1559,   1260,   3775,   6129,   7113,   6473,
        4973,   3411,   3445,   2481,   1963,   1004,    970,     -1,
       -2180,  -4465,  -5161,  -5358,  -5990,  -6763,  -7345,  -7209,
       -7766,  -8220,  -9412, -10645, -11100, -10307,  -8873,  -7457,
       -6522,  -5613,  -4925,  -3898,  -1614,    507,   1928,   2738,
        3794,   5899,   8823,  11281,  12634,  13930,  15957,  17970,
       20092,  21223,  22750,  24291,  25537,  26841,  28330,  29024,
       29713,  28882,  29152,  28023,  28743,  26958,  28813,  18255,
        2699,  -7873,  -6759,   5140,  10647,   4564, -14701, -27401,
      -32580, -25943, -20565, -17277, -19203, -21058, -23081, -23802,
      -24804, -24675, -22522, -18575,
      ... 412 more items
    ],
    Int16Array(512) [
       26868,  27538,  29657,  30214,  31308,  29847,  30815,  24473,
       14388,   9469,  10615,  16361,  14326,   6603,  -6713, -12663,
      -15003, -11883, -11223, -11370, -14966, -19523, -23172, -24322,
      -23401, -21324, -18876, -17333, -16287, -16485, -16571, -15432,
      -12014,  -8002,  -5900,  -5181,  -3763,   -773,   1653,   2012,
         579,     54,   1910,   5058,   6492,   4954,   1897,   -964,
       -1671,   -706,   1545,   3171,   3493,   1537,   -921,  -3461,
       -5243,  -4989,  -2415,   1484,   1752,  -1782,  -6501,  -7550,
       -6160,  -2570,    779,   3306,   2734,   -175,  -2294,  -1285,
        1651,   3987,   4617,   3566,   2603,   1374,    -23,  -1177,
       -1281,   -292,    -48,  -1131,  -2853,  -4226,  -5271,  -6293,
       -6965,  -6101,  -4080,  -2100,  -1086,  -1686,  -2892,  -3575,
       -1947,   1551,   5472,   8010,
      ... 412 more items
    ],
    Int16Array(512) [
       -6205,  -7960,  -8196,  -6122,  -2297,    640,   1751,   1776,
        2341,   4051,   6913,  10889,  14924,  18775,  20151,  21616,
       23211,  26367,  29158,  31244,  31070,  31027,  30139,  30507,
       29178,  30283,  25520,   9476,   1457,    990,   9001,  10553,
        3765, -11581, -21845, -27288, -27203, -28082, -28016, -25650,
      -21837, -19023, -19078, -19798, -20089, -18260, -15552, -10938,
       -4959,   2107,   8152,  10333,   8419,   4627,   2344,   3435,
        8077,  12721,  13745,   9401,   3416,  -1119,  -2897,  -4391,
       -6485,  -8399,  -8860,  -8673,  -9038, -10490, -11826, -12851,
      -15821, -18334, -18142, -10299,  -1817,   1502,  -1163,  -3062,
       -2025,   1307,   3430,   5733,   9484,  12320,  11956,   9113,
        8327,   9763,   9309,   5545,   1634,    784,   2317,   1996,
        -827,  -4503,  -7330,  -9035,
      ... 412 more items
    ],
    Int16Array(512) [
        4868,   7034,   9508,  11982,  14013,  15072,  15949,  16962,
       17147,  16701,  16893,  19095,  20819,  22068,  22785,  24238,
       25322,  26308,  28518,  29491,  29536,  28714,  29089,  25770,
        6967, -11095, -20105, -21093, -21389, -26083, -28678, -26800,
      -18581, -12711, -15726, -23269, -27285, -22821, -14579,  -8222,
       -2208,   4376,  10992,  14617,  14628,  12791,  10144,   7669,
        5537,   3518,   2925,   3187,   3141,   1167,  -3530,  -9355,
      -15505, -21104, -24615, -25636, -24630, -22057, -18502, -13982,
      -10314,  -8137,  -7374,  -6541,  -4942,  -6212,  -6241,  -3681,
        2752,   8282,   9666,  11657,  14123,  14723,  11484,   6628,
        3982,   2362,   1739,   1023,     34,  -1174,  -1970,  -2895,
       -5292,  -8624, -10310, -10379,  -9997,  -8538,  -5257,  -1706,
         335,   1572,   2964,   4142,
      ... 412 more items
    ],
    Int16Array(512) [
        4099,   5619,   8234,  12027,  15248,  17852,  18814,  19048,
       19060,  18600,  18428,  18604,  21532,  26276,  30813,  30734,
       30702,  29802,  30389,  25053,  10811,  -1257, -14368, -26618,
      -31629, -30628, -29614, -24179, -17982, -15828, -15591, -15780,
      -16556, -17742, -17464, -14854,  -9298,  -1844,   6969,  14648,
       18440,  17949,  14572,   9586,   3963,  -1099,  -4991,  -7540,
       -8108,  -6771,  -5853,  -6871,  -9883, -13833, -18371, -22257,
      -24080, -23906, -21489, -16812, -10352,  -3983,   1447,   5575,
        8106,   8735,   8443,   5687,   1206,  -1229,    912,   5939,
        8243,   9164,  10716,  11345,   9663,   5250,   -565,  -6242,
       -9896, -10337,  -9225,  -7582,  -5140,  -2778,  -2232,  -2919,
       -3081,  -3981,  -5946,  -7226,  -6019,  -2518,   1167,   4351,
        6525,   7787,   8628,   8558,
      ... 412 more items
    ],
    Int16Array(512) [
       -2717,  -2773,  -1970,   -566,     37,   -165,   -926,   -539,
         684,    544,   -982,  -1213,    305,   1432,   2235,   3746,
        5673,   7706,   9066,  10489,  11921,  13201,  15055,  16932,
       19246,  22065,  25276,  28921,  30798,  30366,  30216,  29644,
       29572,  28020,  16795,   2854,  -7890, -20267, -30536, -31928,
      -29727, -18872, -15427, -16634, -12275,  -5644,  -4307, -12828,
      -21429, -19992, -10943,  -2959,    183,   4622,  13759,  19646,
       17424,   9712,   3752,   -698,  -7035, -13827, -16757, -13536,
       -9295,  -8818, -10564, -10201,  -8052,  -9456, -15795, -21000,
      -20012, -15156, -10429,  -6285,    -72,   7818,  14696,  17274,
       16702,  14564,  12981,  10580,   9050,   4444,   1485,   2247,
        2857,   3438,    658,    667,   -562,  -3878,  -6230,  -8244,
       -9789, -10891, -10594,  -8417,
      ... 412 more items
    ],
    Int16Array(512) [
        1769,   8322,  13511,  17932,  22153,  22969,  19454,  14150,
       10166,   7976,   6646,   6338,   8425,  10043,   9102,   5629,
        2237,   -894,  -7207, -14033, -19939, -21218, -18893, -15683,
      -12856, -10013,  -5110,    291,   2652,   1881,   -194,  -1200,
       -1564,  -1818,  -1738,   -427,   1466,   3161,   3364,   1995,
        -133,  -3200,  -7490, -11468, -12945, -12489, -11386, -10002,
       -7858,  -4743,  -1237,    813,   1260,   1277,   1699,   2772,
        3460,   4460,   6652,   8954,  10667,  11465,  11699,  11406,
       10202,   8626,   6597,   5285,   4366,   4337,   4079,   3454,
        3441,   3516,   3936,   3562,   3156,   2659,   2332,   2814,
        3507,   4346,   5442,   6521,   7135,   7796,   7431,   7538,
        6974,   6686,   6290,   5181,   4289,   1716,  -1224,  -4994,
       -8048,  -9812, -11243, -12566,
      ... 412 more items
    ],
    Int16Array(512) [
      -1123, -1027,  -913,  -917,  -810,  -638,  -316,    45,   327,
        275,   178,   -24,  -437,  -688,  -865,  -879,  -920,  -902,
       -975,  -822,  -820,  -904, -1220, -1122,  -868,  -887,  -927,
      -1025, -1053,  -960,  -612,  -523,  -595,  -645,  -652,  -767,
      -1002, -1081,  -944,  -911,  -745,  -749,  -864,  -850, -1035,
      -1197, -1174,  -981,  -985,  -983,  -989,  -956,  -883,  -833,
       -974, -1152, -1168, -1265, -1334, -1459, -1319, -1181, -1086,
       -928,  -823,  -598,  -252,  -274,  -267,  -341,  -468,  -635,
       -829,  -732,  -378,  -274,  -142,   -32,    36,   -29,  -210,
       -237,  -357,   -35,    57,   144,     3,    -9,  -138,  -397,
       -451,  -514,  -498,  -327,    31,   509,  1025,  1421,  1701,
       1783,
      ... 412 more items
    ],
    Int16Array(512) [
      -1165,  -941,  -921,  -857,  -698,  -704,  -703,  -724,  -894,
       -853,  -904,  -997,  -809,  -765,  -750,  -514,  -375,  -388,
       -177,  -162,  -237,  -323,  -381,  -424,  -468,  -517,  -600,
       -801,  -996, -1024, -1173, -1144, -1197, -1414, -1440, -1344,
      -1093,  -855,  -709,  -754,  -941, -1129, -1180, -1203, -1102,
       -991,  -775,  -530,  -588,  -670,  -931,  -996,  -920, -1053,
      -1135, -1086, -1040, -1064, -1088, -1100, -1169, -1268, -1182,
      -1016,  -900,  -832,  -777,  -909,  -970,  -822,  -642,  -666,
       -584,  -610,  -334,  -109,  -261,  -326,  -429,  -556,  -838,
       -859,  -866,  -905,  -806,  -673,  -532,  -382,  -474,  -377,
       -278,  -275,  -302,  -204,  -319,  -403,  -404,  -366,  -263,
        -86,
      ... 412 more items
    ],
    Int16Array(512) [
       -225,  -221,  -238,  -299,   -89,   158,    97,   -62,   -80,
       -360,  -499,  -600,  -827, -1017,  -838,  -647,  -687,  -869,
      -1160, -1236, -1272, -1035,  -723,  -656,  -604,  -556,  -789,
      -1019,  -800,  -785,  -664,  -461,  -506,  -561,  -622,  -669,
       -874,  -958, -1118, -1325, -1443, -1531, -1497, -1413, -1478,
      -1455, -1310, -1262, -1254, -1201, -1256, -1350, -1422, -1596,
      -1633, -1533, -1481, -1410, -1279, -1302, -1213, -1021, -1004,
       -922,  -996, -1260, -1422, -1455, -1424, -1427, -1457, -1635,
      -1846, -1727, -1436, -1137,  -929,  -828, -1004, -1040, -1046,
       -994,  -912,  -822,  -745,  -892,  -857,  -854,  -873,  -858,
       -866, -1192, -1338, -1388, -1469, -1420, -1473, -1299,  -991,
       -765,
      ... 412 more items
    ],
    Int16Array(512) [
        510,   545,  498,  560,  539,   505,   529,   429,   412,
        330,   366,  264,  221,   54,   -24,   -84,  -232,  -114,
       -158,  -225, -306, -324, -203,   -53,   139,   151,     8,
        -77,  -156, -134,  -90, -162,  -339,  -392,  -351,  -206,
       -180,    25,   81, -245, -648, -1073, -1158,  -995,  -777,
       -711,  -627, -429, -653, -662,  -591,  -650,  -760,  -875,
       -788,  -788, -649, -658, -780,  -882,  -912, -1162, -1176,
      -1114, -1219, -965, -825, -655,  -713,  -719,  -850,  -868,
       -877,  -720, -753, -747, -652,  -815,  -818,  -832,  -874,
       -704,  -630, -624, -474, -521,  -649,  -699,  -546,  -338,
       -216,  -407, -613, -782, -793,  -649,  -469,  -242,  -139,
       -255,
      ... 412 more items
    ],
    Int16Array(512) [
       11567,  10341,   8907,   6627,   4625,   2635,  2074,   1439,
         477,   -603,  -1368,  -1827,  -3412,  -6220, -9660, -12101,
      -12787, -12423, -11034,  -9086,  -6036,  -2421,   740,   3052,
        4407,   5474,   5599,   4742,   3416,   2659,  2997,   3728,
        3981,   3540,   2972,   2701,   1850,    530, -1682,  -4720,
       -8254, -11266, -12796, -13464, -12860, -11285, -8225,  -5262,
       -2557,    413,   2294,   3220,   3518,   3494,  3131,   2607,
        2644,   2385,   2112,   1763,   1329,    397, -1198,  -2742,
       -4640,  -6457,  -7755,  -8074,  -7539,  -6258, -4236,  -2136,
        -498,    775,   1787,   2548,   3178,   3773,  3892,   3897,
        3895,   4194,   4223,   4336,   4508,   4286,  3872,   3386,
        2520,   1483,   1015,   1082,   1369,   2130,  3063,   3990,
        4501,   5159,   5230,   4595,
      ... 412 more items
    ],
    Int16Array(512) [
       13600,  13744,  12185,   9920,   5514,    197,  -4422, -10523,
      -14962, -18709, -21071, -22175, -24240, -25978, -24942, -20580,
      -14018,  -8383,  -4913,   -770,   3461,   7625,   9787,   9305,
        8738,   7306,   5540,   3065,    695,   -920,  -2647,  -4859,
       -7732,  -9831, -10751, -11752, -12735, -12918, -12236, -10025,
       -7491,  -4781,  -1642,   1637,   4319,   5425,   5400,   5493,
        6034,   6301,   5901,   5176,   4480,   4144,   3080,   2167,
          39,  -1826,  -5985, -13029, -17763, -20248, -18517, -16950,
      -14573,  -9529,  -5585,  -1541,    867,   1978,   1664,     67,
       -1572,  -3847,  -5006,  -3995,  -2668,  -2346,  -2206,  -1620,
       -1395,  -2370,  -3672,  -5077,  -6454,  -7343,  -7226,  -6401,
       -4185,  -1144,   1612,   3349,   4629,   5744,   6214,   6116,
        5804,   5750,   5928,   6719,
      ... 412 more items
    ],
    Int16Array(512) [
       14229,  14358,  13529,  13285,  11770,  11496,   9616,  10246,
       10986,  13085,  15997,  16419,  18547,  18837,  19297,  17610,
       17079,  17006,  16735,  14435,  11256,   6145,   -110,  -7960,
      -16504, -22624, -29305, -31490, -32035, -31258, -31330, -27893,
      -20050, -12176,  -1668,   8302,  14953,  17216,  17444,  16362,
       14003,   8869,   3458,    -51,  -1945,  -2934,  -4966,  -6446,
       -7633,  -9604, -13202, -17124, -18960, -18842, -18511, -17247,
      -14360,  -9146,  -3141,   1601,   5190,   8138,  10323,  10930,
        9901,   8003,   6752,   5882,   4607,   2846,   1907,    941,
        -288,  -2657,  -5382,  -7500,  -9423, -10872, -12291, -12128,
      -10924,  -9830,  -9731, -10833, -11072, -10686,  -9228,  -7596,
       -5647,  -2977,   -556,   1759,   2984,   4048,   4230,   2965,
         851,  -1350,  -3001,  -4312,
      ... 412 more items
    ],
    Int16Array(512) [
       -5055,  -6431,  -6716,  -6088,  -5663,  -4804,  -3872,  -3532,
       -2935,  -2248,  -1636,   -651,    975,   3298,   5711,   8028,
       10555,  12063,  12680,  12732,  12043,  11217,  10087,   9100,
        8377,   7876,   7772,   8065,   8665,   9114,   9478,   9333,
        8679,   8482,   8224,   9440,  10932,  12900,  14087,  14528,
       14285,  12899,  12467,  10784,  10903,  10067,  10664,  13159,
       15526,  18624,  20470,  21488,  23013,  22522,  21888,  21711,
       19904,  17710,   9614,   1554,  -7759, -17893, -26636, -31934,
      -32606, -32079, -30762, -28076, -24524, -20620, -12115,  -4653,
        -581,   3044,   4770,   7727,   9878,   9805,   9471,   8388,
        5938,   3064,  -1496,  -4932,  -7629, -11419, -15088, -18679,
      -20208, -20280, -20082, -18280, -15804, -12628,  -9165,  -6546,
       -3414,   -264,   2789,   5403,
      ... 412 more items
    ],
    Int16Array(512) [
      -15763, -10357, -5082,  -726,  2279,  4333,   5731,   6192,
        6666,   7115,  8112,  9240,  9436,  8722,   7069,   5237,
        2464,   -719, -4005, -6624, -8380, -9340, -11209, -12343,
      -11109,  -9068, -6651, -5914, -4539, -2725,  -2139,  -2650,
       -4274,  -5893, -7211, -7320, -5953, -4042,  -1668,   1180,
        3047,   3598,  3225,  2020,  -209, -3481,  -6269,  -7687,
       -7855,  -6980, -5906, -4641, -3518, -2918,  -2795,  -2830,
       -2737,  -1782,  -266,  1602,  4198,  7278,  10168,  11878,
       12831,  13101, 12316, 10958,  9143,  7412,   6351,   6073,
        6695,   7829,  9275, 10420, 10838, 10923,   9944,   9100,
        8305,   7870,  8301, 10117, 12726, 15426,  16506,  17469,
       17000,  15660, 12529, 10324,  8839,  8025,   9212,   9832,
       12360,  14755, 17668, 19402,
      ... 412 more items
    ],
    Int16Array(512) [
       10463,  12884,  13125,  13216,  12238,  10603,   9842,   9017,
        8392,   9970,  10191,  13316,  16304,  18597,  20864,  21028,
       22130,  21724,  22958,  19269,  14863,   6142,  -1983, -10408,
      -20850, -29080, -32753, -31506, -31912, -30671, -31562, -24442,
       -9483,    412,   5576,   9339,  12121,  14114,  12364,   8485,
        6575,   5668,   5740,   5509,   5174,   4706,   2699,  -2559,
       -9610, -16525, -21239, -24488, -26742, -26036, -23138, -17111,
      -11309,  -5866,   -867,   3138,   6181,   6342,   5734,   6015,
        7262,   8966,   9768,  10326,  11005,  10571,   9046,   5940,
        2292,  -1272,  -5089,  -8352, -10242, -10278,  -8858,  -7035,
       -5555,  -4168,  -3226,  -2449,  -2132,  -1889,  -1299,   -877,
       -1337,  -3365,  -3866,  -2431,   -762,   -992,  -4497,  -7229,
       -8519,  -8715,  -7432,  -6249,
      ... 412 more items
    ],
    Int16Array(512) [
        3180,   4564,  6132,  7498,   8874,   9229,   8356,   6567,
        3859,    562, -3012, -6596,  -9170, -10572, -10515,  -9279,
       -7738,  -6289, -5421, -5139,  -5007,  -5116,  -4463,  -3522,
       -2419,  -1008,   785,  3123,   4911,   5881,   5203,   3406,
        -242,  -4957, -7532, -9775, -12216, -15137, -16517, -15303,
      -13294, -10357, -7513, -4680,  -2812,  -1443,   -176,    633,
        1628,   2816,  3424,  3115,   3245,   3498,   3392,   2463,
        1537,    585,  -581, -1495,  -1697,  -1335,   -373,   1108,
        2416,   3378,  4338,  5811,   6825,   7180,   7470,   7883,
        8126,   8290,  8723,  9033,   8963,   8606,   7795,   6695,
        5438,   4738,  4453,  4131,   4509,   5169,   6348,   7687,
        8815,   9551,  9440,  8603,   7392,   5922,   5466,   5824,
        6408,   8441,  9120, 10408,
      ... 412 more items
    ],
    Int16Array(512) [
      -20566, -18906, -16575, -12741,  -8267,  -4383,  -1489,    170,
         627,    863,    967,   1915,   3207,   3890,   4482,   5192,
        5438,   4310,   2209,     71,  -1833,  -3493,  -4275,  -3792,
       -2121,    113,   2373,   4060,   5100,   5788,   5721,   5458,
        5180,   5257,   5973,   7334,   8355,   8822,   9225,   8875,
        7840,   6019,   4382,   3655,   3575,   4826,   6253,   7702,
        8202,   7583,   6711,   6136,   5686,   6239,   6398,   6940,
        8168,  10338,  12185,  13605,  13841,  13735,  13592,  13122,
       12525,  12674,  12694,  13870,  14791,  16590,  19782,  20360,
       18056,  10166,   2393,  -6344, -16498, -28567, -32208, -31155,
      -31209, -30522, -27538, -18680, -12954,  -9465, -10130,  -9153,
       -5651,  -3055,   -330,   2596,   8440,  16501,  22427,  24549,
       22772,  18232,  12705,   5960,
      ... 412 more items
    ],
    Int16Array(512) [
       3027,  2754,  2286,  1504,  1337,  1645,  2224,  2202,  1460,
        683,   231,   -23,  -294,  -532,  -782,  -732,  -674,  -578,
       -626, -1147, -1100,  -690,  -367,   -32,    21,   451,   897,
       1333,  1656,  2048,  2278,  2433,  2575,  2375,  2263,  1769,
        957,   327,  -358,  -850, -1186, -1627, -2144, -2484, -2624,
      -2978, -3364, -3920, -4388, -4848, -5284, -5456, -5773, -5798,
      -5848, -5818, -5566, -5533, -5463, -5512, -5896, -6122, -6319,
      -6229, -6041, -5854, -5479, -4809, -4325, -3995, -3610, -3278,
      -2816, -2395, -1924, -1768, -1721, -1559, -1381, -1063,  -585,
       -402,  -272,  -243,  -252,  -243,  -229,    49,   270,   528,
       1031,  1651,  2346,  2986,  3261,  3289,  3324,  3061,  2927,
       2695,
      ... 412 more items
    ],
    ... 148 more items
  ],
  recL: Int16Array(126976) [
    0, 0, 0, 0, 0, 0, 0, 0, 0, 0, 0, 0,
    0, 0, 0, 0, 0, 0, 0, 0, 0, 0, 0, 0,
    0, 0, 0, 0, 0, 0, 0, 0, 0, 0, 0, 0,
    0, 0, 0, 0, 0, 0, 0, 0, 0, 0, 0, 0,
    0, 0, 0, 0, 0, 0, 0, 0, 0, 0, 0, 0,
    0, 0, 0, 0, 0, 0, 0, 0, 0, 0, 0, 0,
    0, 0, 0, 0, 0, 0, 0, 0, 0, 0, 0, 0,
    0, 0, 0, 0, 0, 0, 0, 0, 0, 0, 0, 0,
    0, 0, 0, 0,
    ... 126876 more items
  ]
}
Unknown message from control worker: [object Object]
 Received: {
  message: 'stt',
  recC: [
    Int16Array(512) [
      0, 0, 0, 0, 0, 0, 0, 0, 0, 0, 0, 0,
      0, 0, 0, 0, 0, 0, 0, 0, 0, 0, 0, 0,
      0, 0, 0, 0, 0, 0, 0, 0, 0, 0, 0, 0,
      0, 0, 0, 0, 0, 0, 0, 0, 0, 0, 0, 0,
      0, 0, 0, 0, 0, 0, 0, 0, 0, 0, 0, 0,
      0, 0, 0, 0, 0, 0, 0, 0, 0, 0, 0, 0,
      0, 0, 0, 0, 0, 0, 0, 0, 0, 0, 0, 0,
      0, 0, 0, 0, 0, 0, 0, 0, 0, 0, 0, 0,
      0, 0, 0, 0,
      ... 412 more items
    ],
    Int16Array(512) [
         0,    0,    0,    0,    0,    0,    0,    0,    0,    0,    0,
         0,    0,   -1,    1,   -2,    2,   -3,    4,   -5,    6,   -7,
         9,  -12,   15,  -22,   48,  292,  534,  806,  685,  659,  698,
       796,  887, 1150, 1333, 1352, 1182, 1160, 1340, 1375, 1630, 1836,
      1894, 1963, 2069, 2046, 2181, 2307, 2308, 2348, 2354, 2467, 2296,
      2164, 2206, 2396, 2575, 2205, 1906, 1759, 1653, 1831, 1874, 1946,
      2157, 2252, 2168, 2205, 2368, 2496, 2829, 3000, 3160, 3098, 2993,
      2886, 2930, 3103, 3190, 3107, 2893, 2720, 2639, 2812, 2663, 2881,
      3115, 3094, 3208, 3120, 2912, 2774, 2749, 2849, 2979, 3132, 3112,
      3015,
      ... 412 more items
    ],
    Int16Array(512) [
      1771, 1747, 1743, 1631, 1628, 1668, 1764, 1607, 1386, 1340, 1405,
      1491, 1394, 1313, 1363, 1492, 1654, 1698, 1449, 1379, 1259, 1111,
      1031, 1082, 1116, 1089, 1220, 1205,  991,  816,  614,  529,  409,
       208,  281,  571,  679,  714,  840,  723,  620,  744,  859,  738,
       631,  554,  559,  613,  598,  393,  372,  415,  186,   16,  -78,
        33,  178,  119,  -39,  -83,  -64,  -16,  233,  222,  256,  352,
       352,  291,  265,  189,   96,   52,  -14,  139,  227,  344,  405,
       478,  580,  494,  489,  419,  355,  398,  422,  370,  385,  424,
       434,  499,  561,  476,  404,  181,   18, -134,  -76,   13,  251,
       547,
      ... 412 more items
    ],
    Int16Array(512) [
      1592, 1707, 1752, 1786, 1680, 1730, 1539, 1144,  963,  808,
       797,  750,  696,  621,  526,  558,  787,  793,  765,  736,
       547,  549,  672,  751,  753,  743,  712,  748,  836,  741,
       705,  764,  829,  660,  464,  268,  405,  513,  492,  550,
       394,  410,  262,  279,  418,  345,  116,  -94, -166,   46,
       277,  282,  271,   39, -243, -470, -672, -575, -469, -470,
      -479, -649, -675, -627, -557, -539, -603, -554, -689, -520,
      -358, -399, -242, -290, -240, -248, -315, -156, -218, -313,
      -507, -795, -886, -731, -661, -583, -548, -473, -246, -254,
      -346, -406, -387, -352, -403, -494, -600, -534, -666, -679,
      ... 412 more items
    ],
    Int16Array(512) [
       574,  581,  664,   769,   846,   913,   918,   994,   884,   804,
       931,  931,  766,   646,   711,   704,   735,   771,   654,   694,
       729,  589,  638,   745,   878,  1033,  1270,  1407,  1236,   876,
       808,  750,  663,   706,   715,   582,   483,   483,   447,   331,
       192,  159,  219,   262,   386,   306,   184,   283,   350,   298,
        50,  -43,  266,   460,   498,   422,   218,   103,   -65,  -117,
       -43, -259, -413,  -342,  -409,  -596,  -739,  -590,  -610,  -694,
      -907, -941, -957, -1063,  -909,  -795,  -654,  -641,  -775,  -793,
      -756, -754, -843, -1020, -1123, -1018,  -952,  -753,  -578,  -523,
      -379, -542, -707,  -685,  -747,  -912, -1022, -1072, -1242, -1160,
      ... 412 more items
    ],
    Int16Array(512) [
      1390, 1299, 1016,  802,  859,  909,  910,  917,  858,  719,  720,
       666,  640,  781,  937, 1165, 1201, 1231, 1272, 1071,  898,  913,
       955,  825,  762,  853, 1012, 1153, 1113, 1108, 1053, 1066, 1114,
      1151, 1207, 1248, 1246, 1363, 1635, 1575, 1283, 1107,  999,  836,
       570,  749,  860,  826,  886,  899,  927,  869,  914,  735,  372,
       190,  115,   44,  279,  478,  685,  709,  499,  428,  315,  271,
       464,  627,  561,  492,  617,  657,  510,  371,  366,  311,   41,
        14,  266,  375,  343,  357,  136,   16,   54,  -69, -136, -302,
      -468, -514, -440, -325, -301, -218, -101, -233, -221, -341, -594,
      -738,
      ... 412 more items
    ],
    Int16Array(512) [
       823,  906,  881, 1168, 1296, 1375, 1150,  996, 1058, 1029, 1258,
      1001,  917,  883,  932,  984, 1024, 1100, 1048, 1047, 1068,  921,
       840,  724,  700,  789, 1052, 1233, 1308, 1385, 1398, 1453, 1467,
      1225, 1158, 1402, 1511, 1622, 1397, 1272, 1177, 1062,  955,  856,
       727,  998,  844, 1029,  924, 1144, 1318, 1143, 1287, 1131, 1061,
       763,  639,  506,  429,  499,  820,  954,  857,  796,  752,  695,
       697,  844,  811,  573,  392,  358,  484,  474,  480,  417,  386,
       390,  325,  348,  283,  134, -150, -276, -186, -252, -330, -238,
        -4,  -90,   54,  202,  296,  224,  191,  263,  317,  246, -127,
      -400,
      ... 412 more items
    ],
    Int16Array(512) [
       536,  731,  918, 1026,  732,  402,  291,  381,  344,  401,  376,
       624,  877,  856,  903,  698,  665,  730,  774,  831,  725,  699,
       628,  546,  820,  804,  817,  804,  725,  864, 1009,  940,  784,
       673,  655,  849, 1007, 1061,  979,  807,  771,  623,  615,  681,
       608,  603,  707,  821,  893,  989, 1036, 1082,  897,  932, 1006,
      1025, 1127, 1264, 1327, 1265, 1001,  882,  816,  808,  905,  919,
       937,  912,  981, 1096, 1065, 1014, 1102, 1123, 1131, 1053,  966,
       871,  719,  765,  703,  613,  599,  446,  399,  400,  245,  128,
       122,  -10,   58,   47,  -75,  -25,  -70,    5,  129,  -33,  161,
       490,
      ... 412 more items
    ],
    Int16Array(512) [
         5,   18,  -51,  117,  341,    350,  258,  212,  147,
       139,  241,  234,  132,  171,    216,  247,  220,  387,
       678,  777,  773,  751,  792,    698,  632,  768, 1073,
      1375, 1401, 1358, 1200,  905,    643,  461,  468,  683,
       825,  795,  759,  962,  972,    862,  874,  829,  848,
       874,  698,  777,  975, 1138,   1181, 1483, 1339, 1245,
       841, 1531, 2054, -192,  419,   -156, 1823, 2725, 2101,
      1731, -139,   97,  112, 1896,   1613, 1400,  992,  361,
       837,  652, 1124, 1175, 1206,    822,  639,  569,  738,
      1348, 1371, 1744,  939, 1078,    786, 1473, 1320, 1706,
       712, 1271, -577, 6685, 3586, -10622, 4911, -295, 1469,
      3283,
      ... 412 more items
    ],
    Int16Array(512) [
      -987, -1001, -854, -838, -890, -782, -789, -821, -720, -609,
      -660,  -763, -741, -708, -586, -386, -460, -605, -429, -223,
      -151,   -81, -153, -343, -329, -322, -332, -291, -166,   27,
       155,   330,  345,  226,  186,  241,  280,  223,   80,  157,
       144,   147,  244,  413,  374,  202,  225,  196,  281,  333,
       226,   500,  699,  826,  743,  656,  519,  520,  459,  424,
       573,   684,  854,  911,  995, 1090, 1122, 1230, 1316, 1108,
       861,   686,  523,  618,  977, 1017,  762,  708,  834,  965,
      1073,  1073,  910,  919, 1030, 1064, 1012,  967, 1113, 1189,
      1252,  1288, 1156, 1002,  943,  938,  848,  724,  696,  811,
      ... 412 more items
    ],
    Int16Array(512) [
      -1171, -1235, -1322, -1285, -1174, -1173, -1106, -1064, -1132,
      -1168, -1062,  -946,  -952,  -961,  -773,  -735,  -680,  -538,
       -723,  -864, -1036, -1105, -1123, -1042,  -805,  -864,  -954,
       -911,  -820,  -709,  -566,  -404,  -416,  -376,  -291,  -218,
       -115,    16,   106,   140,   118,   133,   236,    16,  -240,
       -273,  -338,  -297,  -215,   -80,    85,   119,   284,   321,
        283,   277,   356,   354,   353,   413,   535,   623,   669,
        456,   464,   327,   303,   436,   357,   295,   269,   374,
        470,   614,   622,   528,   488,   382,   476,   682,   801,
        725,   605,   719,   733,   851,   898,   970,   994,   735,
        545,   530,   458,   450,   488,   636,   697,   879,   944,
       1073,
      ... 412 more items
    ],
    Int16Array(512) [
       -635,  -522,  -390, -359, -392, -313, -246,  -35,    9,  -100,
         -4,   -11,  -185, -276, -379, -614, -732, -616, -527,  -695,
       -617,  -630,  -783, -907, -964, -805, -757, -818, -910, -1022,
      -1057, -1099, -1024, -769, -806, -917, -692, -622, -742,  -879,
       -873,  -820,  -824, -717, -737, -734, -778, -800, -504,  -224,
       -141,   -28,   -48, -327, -355, -210, -246, -310, -322,   -45,
        191,   130,    22,   93,   47,   43,  195,  276,  317,   348,
        406,   379,   364,  536,  597,  648,  761,  656,  643,   687,
        508,   516,   556,  456,  547,  674,  793,  807,  867,   724,
        559,   400,   430,  233,  296,  692,  965,  853,  708,   578,
      ... 412 more items
    ],
    Int16Array(512) [
       -978, -1022, -1087, -1174, -1091,  -849,  -937,  -776,  -665,
       -861,  -857,  -920, -1024, -1000,  -883,  -834,  -916, -1001,
      -1235, -1201, -1202, -1152,  -914,  -840,  -793,  -928, -1118,
      -1298, -1299, -1035,  -789,  -645,  -685,  -812,  -848,  -974,
      -1135, -1017,  -942,  -870,  -708,  -680,  -766, -1019, -1198,
      -1352, -1296, -1147, -1119, -1177, -1279, -1341, -1181, -1034,
       -965,  -757,  -681,  -768,  -643,  -591,  -688,  -658,  -733,
       -745,  -875,  -957,  -916,  -889,  -914,  -987, -1119, -1141,
      -1073,  -841,  -620,  -593,  -463,  -283,  -409,  -627,  -668,
       -835,  -900,  -883,  -790,  -637,  -538,  -405,  -171,  -116,
        -81,  -261,  -357,  -314,  -307,  -197,   -50,   -41,  -216,
       -420,
      ... 412 more items
    ],
    Int16Array(512) [
       -263,  -282, -279,   -83,  -50,   -4,  -138,  -200,    -6,   106,
         74,   -61, -172,  -282, -353, -140,    35,   256,   281,   -58,
       -225,  -463, -483,  -437, -532, -797, -1075, -1063, -1258, -1369,
      -1142, -1001, -982,  -935, -856, -816,  -890,  -717,  -541,  -523,
       -482,  -791, -990, -1014, -945, -771,  -699,  -562,  -442,  -340,
       -281,   -60,   59,   203,  358,  222,    11,   -15,   -25,   201,
        281,   231,  160,    39,  -61,  -46,    34,   310,   420,   398,
        248,  -239, -452,  -434, -372, -212,     9,    66,    83,   140,
        189,   322,  415,   419,  466,  191,   682,  1025,   616,   700,
        808,  1042,  994,  1072, 1217, 1520,  1862,  1429,  1927,  1890,
      ... 412 more items
    ],
    Int16Array(512) [
        -42,   540,   639,   452,  -353,  -989,  -901,  -544,  -227,
       -448,  -700, -1042, -1208,  -931,  -970, -1039, -1322, -1479,
      -1645, -1757, -1822, -1874, -1741, -1806, -1658, -1023,  -443,
       -612, -1061, -1332, -2036, -2465, -2330, -2042, -1760, -1549,
      -1495, -1172, -1766, -2406, -2679, -2796, -2697, -2749, -2358,
      -1851, -1606, -1375,  -708,  -324,  -204,  -745, -1091, -1212,
      -1140, -1346, -1217,  -902,  -678,  -755, -1259, -1370, -1701,
      -1871, -1684, -1494, -1095, -1230, -1797, -1573, -1194,  -668,
       -585,  -477, -1008, -1741, -1727, -1447, -1289, -1287,  -860,
       -711,  -830,  -668,  -178,   171,     0,  -647, -1036, -1265,
      -1451, -1288, -1083, -1327, -1617, -1751, -1733, -1814, -1689,
      -1447,
      ... 412 more items
    ],
    Int16Array(512) [
       3872,  3877,  3359,  2756,  2346,  2490,  2841,  2489,  2607,
       3293,  3752,  3710,  3286,  2605,  2085,  1724,  1972,  2683,
       3174,  3236,  3000,  2873,  2778,  2238,  2055,  1939,  2044,
       1712,  1217,  1490,  1229,  1117,  1642,  2594,  3087,  3246,
       3454,  3961,  3666,  2901,  1890,   951,   299,    37,  -373,
      -1110,  -391,  1026,  1798,  1497,  1210,  1531,  1593,  1040,
        702,   226,  -278,  -570,   144,  1029,   413,  -413,  -394,
        293,   567,     1,  -421,  -870, -1426, -1688,  -987,    78,
       -185,  -719,  -845,  -967, -1793, -2349, -1840, -1292, -1730,
      -2066, -1933, -1480,  -999,  -530,    33,   -83,  -587, -1266,
      -1461, -1603, -1921, -2692, -2938, -2778, -2611, -2068, -1646,
      -1721,
      ... 412 more items
    ],
    Int16Array(512) [
       4414,  4959,  5563,  5965,  5845,  5717,  5981,  6692,  7155,
       6664,  5770,  5539,  5020,  4632,  4854,  4782,  4155,  3371,
       3547,  4174,  4922,  5063,  4848,  4806,  4591,  4399,  4373,
       4431,  4940,  5245,  5584,  5195,  3677,  3076,  3352,  4429,
       5304,  5206,  5236,  4777,  4755,  5003,  5506,  5559,  5268,
       4912,  5530,  6367,  6369,  6280,  5981,  5649,  5666,  6118,
       6534,  6787,  6511,  6194,  5912,  4887,  3540,  2310,  1372,
        795,   515,   298,   288,   841,  1124,   735,     1, -1197,
      -2078, -2845, -3845, -4587, -5149, -4806, -5770, -6368, -6179,
      -6338, -6851, -7262, -6915, -6411, -6606, -6971, -7729, -8308,
      -8054, -6762, -5675, -5672, -5768, -5451, -4859, -3846, -3679,
      -4669,
      ... 412 more items
    ],
    Int16Array(512) [
      -3041, -2994, -2494, -1627, -1400, -1479, -1411, -1270,  -862,
         82,  1320,  1552,  1779,  1983,  2459,  2961,  3073,  3605,
       4539,  5439,  5731,  6073,  6057,  7137,  8982, 10194, 11252,
      11567, 11519, 11293, 10795,  9924,  8697,  8244,  9211, 10156,
      10403,  9777,  9269,  9220,  8744,  7976,  7755,  7303,  6738,
       5877,  5639,  6162,  6991,  8484,  9145,  9254,  7890,  5928,
       5310,  5066,  4487,  3885,  2977,  2805,  2459,  2495,  2745,
       3189,  3297,  2460,  1729,  1011,   368,  -546, -1347, -2113,
      -2959, -3226, -2712, -1373,  -353,    86,   414,   395,   151,
        -45,  -281,   -57,  -239,  -481,    87,  1027,  1264,   904,
        551,   295,  -132, -1207, -1576, -2096, -2646, -3133, -2813,
      -1821,
      ... 412 more items
    ],
    Int16Array(512) [
       -253,   -18,  -174,  -427,   -72,   328,   930,  1598,  1814,
       1688,  1453,   970,   183,  -612,  -894,  -212,   990,  2282,
       2596,  2830,  3206,  3844,  4435,  3704,  2743,  1796,  2337,
       3039,  2725,  2067,  2007,  2458,  2333,  1864,  1833,  1223,
        429,  -176,  -808, -1511, -1302,   -34,  1173,  1196,   184,
       -260,  -932, -2208, -3811, -5002, -4780, -3654, -2927, -2993,
      -3045, -2115, -1357, -1210, -2271, -3605, -5570, -6052, -4917,
      -4550, -3819, -3192, -2094,  -971, -1033, -1065, -1327, -1824,
      -2538, -3520, -3738, -3423, -2824, -2227, -1624, -1646, -1746,
      -1733, -1865, -1780, -1729, -1372,  -801,  -927, -1481, -1471,
       -609,   388,   435,   119,  -331,  -326,    65,  -237,  -793,
      -1227,
      ... 412 more items
    ],
    Int16Array(512) [
        524,  1255,  1262,  1108,   847,   656,  1307,  1998,  2450,
       2407,  2883,  3481,  3629,  3740,  3707,  2889,  2267,  2219,
       2399,  2273,  1808,  1442,  1545,  1858,  1947,  1638,   974,
        578,    66,  -110,  -727, -1138, -1605, -1191,  -934,  -404,
         30,    -2,   210,    41,    65,  -270,  -726, -1014, -1212,
      -1176, -1233,  -653,   185,  -111, -1161, -2925, -4496, -5612,
      -6065, -6428, -7015, -6763, -6375, -6274, -6342, -6321, -6303,
      -6200, -6380, -6007, -4990, -4218, -3178, -2408, -2352, -2258,
      -2168, -2248, -2581, -2573, -2514, -2503, -2077, -1513,  -996,
      -1316, -1567, -1691, -1670, -1053,  -356,    61,  -143,  -914,
      -1440, -1438, -1211, -1093,  -786,   -95,   985,  1790,  2235,
       2083,
      ... 412 more items
    ],
    Int16Array(512) [
      -1124, -1691, -2126, -2212, -2153, -1703,  -967, -207,  505,
        656,   724,   408,     6,  -123,   353,   901,  544,  353,
        552,  1236,  2032,  2415,  2575,  2798,  2823, 2841, 2533,
       2340,  1971,  1314,   368,    54,   412,   260,  183, -339,
       -695,  -823,  -302,   341,   691,   904,  1362, 2178, 2559,
       2487,  1865,  1699,  2027,  2342,  2305,  2170, 2157, 2101,
       1584,  1478,  1289,  1066,   967,   723,   903,  887,  771,
        506,    88,  -226,   -15,   733,  1104,   918,  465,  183,
        750,   820,  1366,  -237,   635,  -584,  2618, -136, 8943,
        806,  1992,  6952,  3442,  3514,  1393,  4623, -961,  967,
        666, -1398, -3179,   -15,  1405,  -604, -3409,  223, 1578,
      -2098,
      ... 412 more items
    ],
    Int16Array(512) [
        708,   969,  1362,  1357,  1553, 1469,  -325, -2963, -3991,
      -4142, -3469, -2846, -2134, -1242, -452,   206,  1366,  3355,
       4298,  3785,  2327,  1171,   703,  390,   855,  1335,   929,
       -731, -1793, -1287,  -634,    86, -225,  -236,  -574,  -952,
        -58,  2322,  4775,  4810,  3109,  700,  -206,  -304,   -86,
        194,   189,  -471, -1205,  -472,  454,  1647,  1646,  1252,
        537,  -608,  -769,   731,  3663, 5107,  4988,  3770,  3260,
       3213,  3049,  3549,  3539,  2063, -495, -1996, -1665,  -463,
        496,   119,  -380,  -387,  -154,  840,  2601,  3809,  3897,
       3030,  1782,  1669,  1497,  1710, 2025,  1812,   326,  -717,
       -100,  1111,  2163,  1993,  1401,  457,  -119,   267,  2056,
       3630,
      ... 412 more items
    ],
    Int16Array(512) [
      -1374,   -31,  1042,  1094,  -318, -2374, -3212, -3139, -2309,
      -1782, -1583, -1501, -1466,  -973,   144,  1852,  2267,   936,
       -833, -2238, -2771, -2283, -1366,  -559,  -757, -1591, -1955,
      -1346,  -227,   825,  1000,   895,   957,  1121,  1547,  2496,
       3239,  2838,  1712,   110,  -774,  -573,    36,   574,   183,
      -1340, -2641, -2818, -1785,  -145,   858,   705,   396,   122,
       -102,   674,  2209,  2705,  1893,   670,  -180,   277,  1548,
       2517,  2864,  2059,   566,   -11,   268,   961,  1215,   948,
        218,  -438,  -731,  -154,  1427,  2567,  2618,  1737,  1219,
       1307,  2161,  2931,  3370,  2840,  1150,  -262,  -644,   150,
       1243,  1782,  1710,  1214,   910,  1162,  2380,  3587,  3107,
       1756,
      ... 412 more items
    ],
    Int16Array(512) [
       -743,  -840, -1221, -1954, -2172, -1796,  -870,  -416,  -444,
      -1187, -1958, -2004, -1539,  -597,    95,   234,     1,  -186,
        -57,   599,   930,   408,  -615, -2101, -3212, -3503, -3116,
      -2540, -2354, -2512, -2500, -2251, -1680,  -621,   434,   733,
        175,  -416,  -410,     4,   562,   945,  1031,   452,  -462,
       -914,  -665,  -333,   -92,  -222,  -756,  -828,  -831,  -468,
        326,   851,   828,    20,  -729,  -890,  -675,  -206,    83,
        -54,  -657, -1095,  -650,   251,   932,  1103,   598,    55,
       -203,  -108,   637,  1409,  1884,  1752,  1292,  1355,  1822,
       2165,  2135,  1580,   392,  -846, -1628, -1564,  -916,  -733,
       -825,  -765,  -508,   107,   944,  1963,  2365,  1800,   877,
        217,
      ... 412 more items
    ],
    Int16Array(512) [
       -379, -1374, -1967, -1933, -1674, -1514, -1628, -1941, -2444,
      -2653, -2144, -1361,  -618,  -164,  -118,  -281,  -143,   385,
       1016,  1410,  1402,   775,    15,  -350,  -364,  -339,  -570,
      -1263, -2199, -2637, -2882, -2472, -1641, -1068,  -959, -1209,
      -1242,  -810,  -362,   -62,   247,   -44,  -760, -1285, -1359,
      -1132,  -927, -1004, -1385, -1660, -1735, -1242,  -182,   572,
        827,   417,   -12,    74,   420,   893,  1004,   617,  -337,
      -1169, -1413, -1492, -1482, -1558, -2109, -2447, -2430, -2033,
      -1051,  -284,   285,   429,   277,   360,   726,  1450,  1996,
       2059,  1374,   571,    31,    89,   441,   410,    50,  -747,
      -1330, -1501, -1216,  -476,   118,   388,   382,   583,  1030,
       1669,
      ... 412 more items
    ],
    Int16Array(512) [
       -689,  -860,  -856,  -915, -1272, -1569, -1824, -2054, -1952,
      -1402,  -810,  -690,  -955, -1335, -1400, -1098,  -552,  -149,
       -119,  -548, -1101, -1374, -1217,  -976,  -936, -1136, -1323,
      -1308, -1209,  -964,  -424,    50,    26,  -119,  -207,  -115,
        168,   325,   162,  -389, -1211, -1606, -1642, -1564, -1468,
      -1549, -1799, -1943, -1780, -1590, -1208,  -677,  -276,  -180,
       -191,   -44,   291,   741,  1080,  1060,   594,   -84,  -461,
       -668,  -789,  -921, -1296, -1817, -2017, -2068, -1841, -1442,
      -1228, -1073, -1105,  -894,  -552,  -132,   109,   -12,  -289,
       -757,  -894,  -769,  -443,  -268,  -377,  -612,  -827,  -894,
       -705,  -109,   436,   495,   271,    94,   123,   566,   763,
        846,
      ... 412 more items
    ],
    Int16Array(512) [
        -90,    79,   150,   -16,  -425,  -750,  -779,  -604,  -158,
         76,   219,    13,  -185,  -230,  -142,   -31,   -90,  -503,
      -1151, -1606, -2048, -2013, -1880, -1854, -1958, -2125, -2216,
      -2163, -1661,  -992,  -630,  -525,  -503,  -565,  -452,  -238,
        -23,   162,  -192,  -737, -1152, -1295, -1360, -1571, -1777,
      -2109, -2472, -2431, -2021, -1512, -1259, -1124,  -967,  -866,
       -659,  -334,   -64,   -25,  -395,  -930, -1228, -1301, -1182,
       -837,  -736, -1162, -1331, -1405, -1222,  -616,  -192,  -168,
       -237,  -435,  -545,  -453,  -390,  -340,  -667, -1186, -1582,
      -1839, -1847, -1821, -1941, -1994, -2259, -2363, -2146, -1679,
      -1141,  -841,  -615,  -370,   -36,   235,   606,   781,   772,
        336,
      ... 412 more items
    ],
    Int16Array(512) [
       -574,  -621,  -682,  -715,  -826,  -681,  -320,   153,   411,
        767,   964,  1097,  1335,  1462,  1568,  1396,   827,   150,
       -270,  -694,  -836, -1081, -1267, -1528, -1788, -1567, -1207,
       -629,  -326,  -272,  -166,  -252,  -356,  -368,  -416,  -474,
       -731,  -968, -1001,  -981, -1025,  -965, -1066, -1138, -1136,
      -1346, -1141,  -708,  -293,   -35,    87,   320,   237,    42,
         43,  -146,  -440,  -872, -1261, -1349, -1474, -1649, -1743,
      -1834, -1793, -1694, -1449,  -972,  -631,  -177,    24,   179,
        368,   600,   868,   960,   912,   419,   -83,  -608,  -910,
      -1203, -1297, -1438, -1644, -1720, -1857, -1604, -1248,  -910,
       -853,  -914,  -938,  -880,  -723,  -745,  -743, -1112, -1366,
      -1455,
      ... 412 more items
    ],
    Int16Array(512) [
        269,    56,  -293,  -598,  -588,  -476,    63,   282,   678,
        806,   842,   858,   819,   702,   393,    26,  -209,  -158,
       -412,  -253,   -47,   241,   364,   203,    52,   123,   326,
        365,   407,   361,   197,   158,   206,    30,    56,  -157,
       -185,  -351,  -864, -1111, -1211, -1047, -1008,  -964,  -971,
       -903,  -635,  -331,  -280,  -393,  -379,  -164,    28,   208,
        142,   115,   133,   -74,  -294,  -547,  -907,  -964, -1020,
      -1001, -1496, -1971, -1935, -2195, -1984, -1681, -1187,  -832,
       -745,  -725,  -475,  -208,  -171,  -342,  -960, -1319, -1622,
      -1797, -1728, -1688, -1498, -1410,  -962,  -459,  -287,  -152,
         85,   256,   345,   -40,  -578, -1302, -2084, -2261, -2092,
      -2392,
      ... 412 more items
    ],
    Int16Array(512) [
       14806,  14023,  14777,  15970,  17559,  17899,  13582,   4493,
      -10626, -26560, -32610, -31803, -31627, -31213, -30756, -30599,
      -22131,  -6877,   7075,  18316,  24705,  25171,  22226,  18048,
       13471,   9641,   5341,   1289,  -2731,  -6289,  -9152, -11816,
      -15070, -18385, -22166, -24920, -25805, -24012, -19216, -13032,
       -5638,   1443,   7939,  13005,  16119,  17133,  15796,  12536,
        8077,   3411,   -809,  -3828,  -6082,  -7521,  -8906,  -9932,
      -10516, -10720, -10552,  -9821,  -8675,  -7143,  -4989,  -2042,
        1084,   1488,   -482,  -3171,  -4851,  -6630,  -8749, -10487,
      -10933, -10652,  -9820,  -8132,  -6079,  -4127,  -2747,  -2360,
       -2771,  -3397,  -3930,  -4261,  -4864,  -5733,  -6474,  -6925,
       -7232,  -6839,  -6038,  -5237,  -4662,  -4761,  -4408,  -3911,
       -2884,  -1344,    421,   1826,
      ... 412 more items
    ],
    Int16Array(512) [
       -5069,   1004,   7095,  12387,  15300,  14562,  11118,   5675,
       -1073,  -6514, -12274, -16674, -21822, -29214, -29613, -29074,
      -28893, -28391, -27888, -15671,   2088,  12610,  24563,  32322,
       32233,  29960,  19259,   5720,  -6554, -16910, -20404, -22510,
      -23375, -20862, -19233, -15044,  -8852,  -3252,   3825,   9861,
       14639,  19644,  23755,  29474,  31834,  30351,  26795,  20056,
       11642,   3852,  -2359,  -5010,  -6377,  -5508,  -1972,   1417,
        8373,  13764,  17355,  19571,  19179,  19378,  18968,  18438,
       19194,  18387,  17195,  15830,  13386,  14654,  15492,  15488,
       16478,  17010,  18430,  18601,  18560,  21471,  20910,  22651,
       24727,  22256,  24573,  24604,  24972,  23777,  24662,  22790,
       25045,   7775, -28742, -32768, -32325, -32768, -32230, -32768,
      -31829, -32768, -13937,  21724,
      ... 412 more items
    ],
    Int16Array(512) [
       24682,  21252,  25887,   9043, -32103, -32768, -32409, -32768,
      -31859, -32768, -30936, -32768, -12716,  25858,  25247,  25597,
       25095,  24640,  24973,  21605,   5058,  -2226,  -7276, -14203,
      -23543, -32453, -32595, -32768, -32614, -32768, -32665, -32768,
      -32698, -32768, -31244,  -6617,  23053,  28596,  27906,  27472,
       27491,  26592,  27178,  15299,  -4698, -19661, -31363, -32768,
      -32768, -32368, -32240, -32329, -31897, -31621, -30798, -24242,
      -15422,  -7319,   1333,  10585,  20237,  26366,  26033,  19262,
        8007,  -5535, -19501, -29614, -31160, -30491, -30325, -29789,
      -29659, -29026, -28709, -15216,  -2373,   7130,  18102,  19308,
       21356,  23475,  18018,  10948,   -815, -15117, -24565, -29367,
      -28540, -26757, -24851, -19382, -13983,  -5249,   6388,  15390,
       24975,  31757,  32218,  31945,
      ... 412 more items
    ],
    Int16Array(512) [
       -4598,   4909,  14858,  23408,  31049,  32767,  32511,  32261,
       31570,  26455,  17631,   8365,    781,  -4746,  -6566,  -5130,
       -3337,   2363,   6399,  10211,  15490,  17002,  22069,  25930,
       27886,  30113,  28774,  29389,  27544,  26251,  25902,  22230,
       19657,  16554,  13155,  17643,  19831,  24118,  26867,  25191,
       25854,  24841,  25058,  24470,  24256,  24190,  23309,  24184,
       21883,  25088, -14021, -32768, -30950, -32768, -32215, -32768,
      -32768, -31745, -32768,  -1747,  29268,  24191,  26714,  24655,
       25373,  24790,  23170,  17518,   7033,   -918,  -7265, -22781,
      -32004, -32768, -32677, -32768, -32749, -32740, -32768, -32531,
      -32768, -20570,  10055,  27518,  27786,  27237,  27202,  26495,
       26881,  21636,   3315,  -9061, -19552, -25862, -28736, -32768,
      -32537, -32768, -32482, -32542,
      ... 412 more items
    ],
    Int16Array(512) [
        3482,  -5522, -12208, -13167, -15128, -16907, -21703, -28483,
      -32768, -32629, -32649, -32064, -31721, -25053, -13079,   -635,
       10501,  15699,  17018,  12632,   4319,  -5907, -15110, -20266,
      -23010, -24882, -29211, -30377, -29976, -27945, -22070, -17737,
      -12986,  -7185,  -2036,   3347,   7942,  10005,  10199,   6741,
        1448,  -4557,  -8975, -12839, -16261, -18773, -20087, -17484,
      -12992,  -5816,   1223,   9290,  16850,  21985,  26915,  29659,
       30858,  28309,  23542,  19036,  14622,  11548,   7875,   4091,
        2375,   -284,    685,   4498,   7188,  11144,  13959,  16776,
       19201,  20754,  21640,  23494,  21429,  18661,  16492,  12329,
       14588,   9673,  10204,  11211,  12938,   8694,   9487,  11616,
       11466,  10562,  12596,  23727,  26122,  25652,  25431,  24976,
       24969,  24246,  24559,  23498,
      ... 412 more items
    ],
    Int16Array(512) [
        5192,   3380,   3607,   1673,   2223,    953,   4247,   4851,
        5817,   4658,   5768,   9866,  12724,  15844,  18682,  20889,
       20658,  17780,  14033,   9339,   4156,     75,  -3170,  -3510,
       -7273,     10,  -1132,  -4548,  -4651,  -7277,  -4611,  -9398,
       -3592,    665,   4871,   7773,   9813,  11122,  11341,   9260,
        5465,   4062,  -1659,   -862,  -1070,   2250,   5226,   6140,
        8892,   7365,   8700,  10629,  13395,  13412,  15875,  17950,
       20306,  23040,  24688,  28100,  27465,  27166,  26904,  26596,
       17658,   5386,  -5272, -13703, -19379, -26923, -32768, -32420,
      -32768, -32639, -28932, -22583, -15960, -10086,   3763,   9136,
       17734,  15040,  12306,  10154,   1109,  -3890,  -9596, -11280,
      -20465, -30871, -31273, -30896, -30503, -29801, -27375, -21532,
      -20539, -16243,  -8111,  -3413,
      ... 412 more items
    ],
    Int16Array(512) [
       3025,  4934,   6718,   7436,  8813,  8635,   8879,   7274,
       6707,  3353,   2359,    915,   628,  4189,   8056,  10657,
       8910,  9152,   7746,   6803,  2825,  -319,  -1229,   -936,
       3764,  5157,   7434,  11373, 16213, 13727,  10364,   5188,
       -151, -4311,  -6484, -10214, -9407, -6585,   -897,   5948,
       9463, 14560,   7838,   2070, -4659, -8074, -12311, -11338,
      -2561,  5007,  13320,  20683, 25467, 24892,  17096,   5769,
      -2971, -7956,  -9347,  -7112, -6542, -1348,   6634,   9383,
      10154,  6653,   -610,  -7768, -7829, -5967,  -3608,   3453,
      13088, 20367,  23014,  24662, 21090, 18706,  11976,   7636,
       1883,  3956,   2007,   4528,  9081,  6474,   4280,   -646,
       3479, -5498, -11062, -14467, -9980, -2001,   4111,   5727,
       3001,   623,   2149,  -2492,
      ... 412 more items
    ],
    Int16Array(512) [
       -8737, -11588, -11705, -12748, -12534, -12089, -10078,  -7607,
       -4155,    802,   3905,   6214,   6023,   8361,   6414,   3230,
        2618,   1546,  -1291,  -4259,  -4897,  -3859,  -4902,  -2670,
        1859,   5628,   7831,   8025,  11919,  15139,  20318,  23198,
       24806,  29158,  31718,  31935,  31424,  31064,  30808,  30192,
       30367,  27560,  27849,  29357,  28330,  25958,  26057,  27962,
       27219,  27228,  26652,  26551,  26066,  25908,  25483,  25286,
       24913,  24678,  24359,  24084,  23803,  23563,  22744,  19856,
       18931,  10682,  16645,  22282,  21216,  14288,   -830,  -5745,
      -14139, -16951, -22343, -28406, -32768, -32589, -32768, -31405,
      -26733, -31682, -32768, -32673, -31851, -26857, -26989, -27670,
      -24773, -24256, -16677,  -8773,  -4469, -11065, -14038, -10178,
       -7748, -10221, -14913, -14277,
      ... 412 more items
    ],
    Int16Array(512) [
      -32673, -32768, -32689, -32768, -32664, -32768, -32580, -32768,
      -32365, -32768, -21802,  -6540,   4296,  13826,  24195,  28222,
       27779,  22516,  11185,   3447,  -6083, -10771, -16168, -16909,
      -17165, -17413, -17088, -20476, -25147, -29598, -31796, -31307,
      -30896, -30670, -30091, -30132, -26046, -16397,  -6667,   2397,
        6106,   9262,   8904,   8580,   8600,   7923,  10162,  11403,
       13808,  14544,  13113,  10968,   5890,  -2401, -13460, -26498,
      -30508, -29375, -29458, -28831, -28699, -28204, -28009, -27530,
      -27478, -25337, -19887, -15879, -14563, -16018, -12869,  -6186,
       -4278,   2293,   9153,  12091,  11924,  12643,  12581,   7674,
       -1226,  -5198,  -6864,  -7255,  -3864,   -915,   4303,   8624,
       13968,  17057,  15934,  14929,  13009,  11445,  10098,  11500,
       14108,  17115,  20103,  25635,
      ... 412 more items
    ],
    Int16Array(512) [
       27827,  27692,  27255,  26996,  26662,  26331,  26074,  25689,
       25495,  25072,  24919,  24484,  24336,  23942,  23745,  23447,
       23111,  23006,  22533,  20674, -15451, -32768, -31678, -32768,
      -32203, -32768, -32421, -32768, -32557, -32768, -32657, -32768,
      -32738, -32759, -32768, -32487, -30998, -20479,  -5134,  11131,
       26530,  29038,  28220,  28203,  27581,  27584,  26858,  27014,
       20076,   6824,  -6202, -16087, -22493, -26158, -28507, -32635,
      -32768, -32541, -32223, -31760, -31494, -31018, -30773, -30287,
      -30137, -28428, -14619,   1276,  13941,  23300,  28814,  30913,
       30196,  30110,  29555,  29369,  28830,  25277,  20747,  14676,
        4175,  -9064, -24696, -32252, -31934, -31695, -31220, -30932,
      -30510, -30198, -29808, -29492, -29115, -28841, -28037, -23748,
      -18766, -15030, -10745,  -6697,
      ... 412 more items
    ],
    Int16Array(512) [
      -32768, -32399, -32768, -32532, -32768, -32618, -32768, -32514,
      -32239, -31808, -31456, -31118, -30650, -30648, -26914,  -5977,
        6380,  20860,  31577,  29743,  30433,  29236,  29749,  27015,
       18146,   7423,  -6920, -20113, -22095, -19362, -15337, -16244,
      -21681, -25556, -29465, -30329, -29907, -29508, -29274, -28781,
      -28673, -27288, -17413,  -2890,  10677,  17320,  20372,  17185,
       17003,  12851,   5776,  -3394, -10202,  -9426,  -5872,  -3091,
       -3661,  -5809,  -5964,  -5226,  -9275, -15933, -25204, -27816,
      -27162, -27093, -26518, -26568, -24843, -19463, -15004, -11027,
      -10013, -10290, -10387, -11285, -11428,  -9937,  -5550,   1575,
        9518,  18888,  29370,  32767,  32661,  32767,  32720,  32767,
       32737,  32767,  32680,  32322,  31972,  31569,  31244,  30817,
       30540,  30078,  29857,  29355,
      ... 412 more items
    ],
    Int16Array(512) [
       15120,  17332,  18226,  20734,  28675,  32767,  32520,  32767,
       32641,  32767,  32662,  32529,  31986,  31755,  31255,  31004,
       30548,  30262,  29879,  29524,  29247,  28771,  28628,  28197,
       24558, -12047, -32768, -31617, -32744, -31371, -31694, -30843,
      -30798, -30244, -29972, -29642, -29189, -29064, -28164, -25529,
      -26285, -20940,  -8486,   6455,  19521,  31147,  32767,  32048,
       32117,  31305,  31527,  28324,  14195,  -1223, -14637, -27337,
      -29985, -29460, -29147, -28819, -28443, -28162, -27761, -27525,
      -27098, -26918, -26435, -26355, -25711, -26045, -22021,  -6833,
        5601,  14982,  20964,  24216,  25013,  22131,  18421,  11849,
        4551,    642,    970,   2784,   2367,    753,   -804,  -2941,
       -6536, -11855, -18792, -25228, -26138, -25679, -25392, -25222,
      -22153, -14528,  -6922,   -347,
      ... 412 more items
    ],
    Int16Array(512) [
       28231,  27857,  27543,  27275,  26788,  26629,   7928, -19621,
      -32768, -32768, -32708, -32768, -32587, -32333, -31827, -31579,
      -31087, -30847, -30396, -29699, -22742, -15490,  -8518,   1235,
       12467,  23936,  30701,  30683,  30323,  29900,  29685,  29111,
       29217,  26267,  13248,    -84, -12145, -20837, -28958, -31985,
      -31331, -31135, -30649, -30381, -29951, -29665, -29260, -28986,
      -28571, -28337, -27907, -27077, -14485,   -690,   9025,  16835,
       21830,  24199,  23355,  22556,  20027,  16928,  13750,  10473,
        7375,   5120,   2779,  -1837,  -8954, -14336, -17888, -21374,
      -24727, -25384, -22459, -18192, -11251,  -2780,   5859,  12366,
       16579,  20554,  23607,  26973,  28968,  31140,  31353,  30869,
       30550,  30194,  29805,  29525,  29078,  28874,  28373,  28247,
       27683,  27633,  26993,  27090,
      ... 412 more items
    ],
    Int16Array(512) [
      -26875, -29976, -30534, -29843, -29728, -29178, -29049, -28440,
      -28557, -25680, -22199, -17810, -11757,  -5655,    697,   4739,
        9716,  16494,  19265,  17990,  16119,  16308,  14756,  10681,
        6109,    778,  -3897,  -6522,  -8052, -11088, -15383, -17288,
      -17241, -16818, -15048, -12714,  -9391,  -5061,   1234,   8632,
       14699,  21033,  26339,  29440,  31626,  32214,  31756,  31465,
       31010,  30742,  30280,  30031,  29579,  29323,  28920,  28608,
       28318,  27846,  27821,  26948,  27337,   9632,  -7700, -17475,
      -24122, -31508, -32768, -32222, -32768, -31487, -32051, -29835,
      -28710, -22172, -16769, -13534, -10213,  -4997,   -950,   2251,
        6883,  13735,  19993,  22433,  20862,  16002,  10892,   5935,
        -606,  -8232, -15169, -19170, -20836, -22087, -22428, -23137,
      -24068, -26200, -28149, -28554,
      ... 412 more items
    ],
    Int16Array(512) [
       14640,  16779,  16195,  13750,  11105,   8412,   7707,   8848,
       12369,  17246,  22273,  26873,  29599,  31511,  30259,  28382,
       24165,  22057,  22429,  25278,  29426,  29134,  28484,  28754,
       27462,  28235,   4414, -29405, -32657, -32768, -31867, -32232,
      -30871, -32044, -19369,     79,   8199,  10100,   5579,   1093,
       -4838,  -9614,  -9189,  -4248,   3065,  11239,  22713,  30316,
       29141,  28272,  17542,   2839, -10529, -23224, -30903, -31502,
      -31065, -29657, -22958, -16938, -12959, -11855, -14913, -20339,
      -24482, -25460, -23979, -20006, -12905,  -2066,  10225,  22221,
       29548,  30983,  27031,  20837,  12104,   1255,  -7329, -12705,
      -15979, -17130, -13934,  -9174,  -6043,  -5561,  -7528, -11542,
      -15457, -17406, -18847, -19403, -15999,  -9333,  -1039,   7019,
       13700,  17629,  18220,  16298,
      ... 412 more items
    ],
    Int16Array(512) [
        -789,  -174,  1441,  3466,   4425,   4268,   3671,   2371,
         188, -2336, -4048, -4598,  -4376,  -3270,  -1396,    928,
        3287,  5429,  6400,  6458,   5994,   5093,   4214,   3512,
        3697,  4406,  5940,  7807,  10275,  11824,  12757,  12033,
       10610,  6064, -2257, -9201, -12536, -12065, -12837, -12961,
      -10472, -5165,   568,  4071,   4699,   3823,   3022,   2313,
         966,   314,  1188,  2916,   4253,   5632,   7387,   8429,
        7451,  4014,  -257, -4060,  -6930,  -9695, -12075, -12608,
      -11037, -8679, -6279, -4321,  -3217,  -2710,  -2619,  -2880,
       -2931, -2168,  -634,   904,   2723,   5438,   8293,  10292,
       10855, 10166,  8403,  6368,   4167,   1784,    -29,   -807,
        -617,  -113,   688,  1747,   2677,   2759,   1854,   1016,
         320,    79,   181,   778,
      ... 412 more items
    ],
    Int16Array(512) [
      -1223, -577,    7,  389,  763, 1070, 1270, 1226, 1290,
       1338, 1271, 1265, 1577, 1804, 1791, 1609, 1238,  707,
        185,  -43, -145, -259, -357, -450, -402, -146,   36,
          2,   34,  -26, -134,  -54,    0,  162,  568,  955,
       1382, 1702, 2003, 1959, 1876, 1764, 1541, 1325, 1179,
       1097,  922, 1043, 1209, 1418, 1878, 2239, 2266, 2193,
       1813, 1440, 1118,  913,  823,  825,  942, 1216, 1397,
       1340, 1410, 1348, 1199,  926,  504,  359,  377,  389,
        490,  387,  425,  515,  601,  900,  941, 1060,  921,
        842, 1157, 1312, 1379, 1362, 1414, 1284, 1167,  815,
        415,  101,  -44, -231, -471, -557, -655, -767, -629,
       -462,
      ... 412 more items
    ],
    Int16Array(512) [
       439,  358,  370,  302,  321,  308,  363,  426,  595,  581,  594,
       673,  570,  543,  568,  748,  742,  667,  544,  363,  113,  -92,
        12,   39,   81,  126,  168,  277,  474,  583,  492,  596,  666,
       697,  820,  764,  841, 1080, 1079, 1196, 1321, 1133, 1086, 1017,
      1096,  992,  909,  734,  694,  739,  720,  923, 1001, 1177, 1165,
      1160, 1010,  934,  962, 1023, 1139, 1317, 1433, 1537, 1491, 1581,
      1696, 1735, 1887, 1803, 1769, 1396,  997,  828,  711,  747,  922,
      1111, 1059,  972,  978,  913,  820,  810,  663,  543,  622,  744,
       853,  999, 1105, 1068, 1053,  836,  834,  865, 1102, 1160,  980,
      1024,
      ... 412 more items
    ],
    Int16Array(512) [
       -560,  -629,  -697,  -776,  -775,  -457,  -372,  -335,  -314,
       -380,  -414,  -520,  -604,  -716,  -702,  -778,  -713,  -761,
       -684,  -352,  -340,  -367,  -728,  -877, -1022, -1103, -1199,
       -944,  -714,  -652,  -494,  -418,  -406,  -485,  -488,  -648,
       -563,  -705,  -523,  -451,  -532,  -500,  -765,  -946, -1163,
      -1393, -1705, -1929, -2365, -6620, -8750, -8411, -6458, -5950,
      -4450,  -197,  2098,  5176,  8666, 11286, 11795, 12140, 12085,
      10408,  9430,  9103,  7724,  5111,  3315,  2045,   501, -1127,
      -2283, -3660, -4535, -5117, -5894, -5490, -3886,  -687,  1012,
       3094,  4748,  6465,  7796,  8354,  8283,  6719,  6651,  3920,
       3679,   827,  2205,  -916,   132, -2257, -1555, -2695, -2591,
      -2131,
      ... 412 more items
    ],
    Int16Array(512) [
       10677,  11117,  13085,  14661,  14388,  16747,  15157,  18649,
       16362,  18280,  16363,  16043,  17482,  16689,  20935,  17285,
       18740,  14585,  12616,   1512, -17970, -20822, -20629, -11568,
      -14967, -28641, -31731, -29763, -31330, -26353, -18995, -17535,
      -13733,  -8497,   7754,  17246,  25197,  21203,  13733,   7794,
        1827,    949,  -2028,  -5943, -10718, -16152, -17117, -15871,
      -13895, -13733, -16424, -19298, -19593, -18476, -14850, -10465,
       -5679,     -8,   4166,   8536,  11868,  14705,  15888,  13997,
       10415,   6944,   3713,   1453,  -1421,  -3277,  -6215, -11852,
      -18485, -24492, -24758, -24812, -22604, -19891, -14001,  -7501,
       -1653,   3181,   6713,   8130,   7732,   5602,   2745,    387,
        -501,   -338,  -1052,  -1807,  -2616,  -2799,  -3390,  -4308,
       -5127,  -5736,  -6192,  -5522,
      ... 412 more items
    ],
    Int16Array(512) [
       10866,  12715,  15758,  19900,  19610,  22231,  18834,  19826,
       17153,  17317,  16967,  16780,  16757,  16461,  11843,   4993,
       -2589, -12238, -17463, -26504, -32768, -31916, -32215, -31223,
      -31452, -28397, -24231, -12105,  -5184,  -1127,   2401,   5003,
        9793,  10071,   8491,   6238,   5625,   1192,  -1672,  -6538,
       -8957, -10345, -14145, -17470, -20354, -19752, -18776, -18364,
      -16855, -14876, -10975,  -8087,  -4842,  -2024,   1766,   3361,
        4524,   5385,   5069,   5748,   4734,   3361,   2121,   -107,
       -1231,  -2595,  -4646,  -5258,  -8028,  -8210, -12939, -13225,
      -14467, -15332, -15234, -17265, -13892, -11022,  -8735,  -5543,
       -2563,   -442,   1911,   1643,   2681,   2317,    715,    -77,
       -1028,  -1197,  -1160,  -1348,  -2205,  -3450,  -4312,  -5019,
       -5826,  -6312,  -6131,  -5334,
      ... 412 more items
    ],
    Int16Array(512) [
       -2411,  -4077,  -4132,  -4833,  -6083,  -7016,  -8174,  -8431,
       -8323,  -8549,  -7925,  -6841,  -5180,  -2939,   -311,   2191,
        4572,   6294,   6922,   7751,   7676,   8674,   8411,   8164,
        8794,   8339,   8412,   7887,   7160,   6945,   6112,   5937,
        5643,   6276,   6498,   7758,   8015,   8205,   8710,   8521,
        8626,   7350,   5654,   4889,   5169,   6293,   7083,   6869,
        9290,  10071,  11700,  13345,  11336,  11606,   7589,   6324,
        5681,   6025,   8353,  11435,  12651,  14851,  13965,  16951,
       13630,  12747,  10711,   8977,  12670,   8125,  12717,   9360,
       10093,    767,  -3855, -19569, -16311, -28786, -19413, -25286,
      -21191, -18487, -20042, -13810, -13161, -10257,  -7504,  -9805,
       -8593,  -4756,  -2913,   3468,   3910,   3566,   2717,   -653,
       -2754,  -5393, -11113, -12399,
      ... 412 more items
    ],
    Int16Array(512) [
       10198,  13933,  15732,  14122,  14621,  11237,   8829,   7974,
        6345,   6390,   9137,  10662,  16166,  16732,  16757,  16214,
         313,  -3185, -16344, -17907, -16728, -19638, -18908, -19200,
      -17745, -10845, -12644, -12144, -14508, -16382, -12441, -12886,
       -6810,  -4611,    403,   1806,   1971,   1104,    812,  -4130,
       -5819, -14717, -15021, -18352, -15797, -17049, -15256, -13755,
      -11277, -10115,  -7902,  -8124,  -7508,  -7351,  -6265,  -4098,
       -5631,  -2762,  -2310,   -224,  -1949,  -2504,  -2022,  -2126,
       -5089,  -6164,  -8265, -10188, -11888, -10746, -10171,  -8267,
       -8084,  -5553,  -3829,  -3125,  -1569,  -2635,  -2733,  -3506,
       -3536,  -4197,  -4239,  -4344,  -3578,  -4175,  -3128,  -3093,
       -2919,  -3436,  -3846,  -3455,  -3984,  -3105,  -2930,  -3424,
       -3573,  -3470,  -2940,  -2187,
      ... 412 more items
    ],
    Int16Array(512) [
      -11656, -10971, -16152, -15686, -19933, -16475, -18384, -14921,
      -13075, -11616, -11641, -13798, -11300, -12027, -11044, -13497,
      -12676, -10088,  -9612,  -4402,  -5707,  -2449,  -3720,  -2692,
       -2684,  -5658,  -4533,  -7484,  -6823,  -8546,  -6768,  -5845,
       -4988,  -5366,  -6217,  -3923,  -2804,  -2326,  -2657,  -2131,
       -1643,  -1099,   -395,    111,   -833,   -437,  -1045,  -1033,
       -1363,   -816,  -1116,  -1473,   -442,    205,   1315,   1465,
        1961,   1964,   1660,   2482,   2440,   2372,   1278,   1061,
        1111,   2166,   2058,   2502,   3214,   4112,   5142,   6456,
        8622,   9419,  10179,   9179,   8598,   6835,   5745,   5675,
        2630,   3638,   2910,   4110,   4827,   5350,   7014,   5529,
        5045,   3465,   1672,   2950,   2706,   2505,   2493,   2538,
        6400,   5012,   4346,   3846,
      ... 412 more items
    ],
    Int16Array(512) [
        8496,   8892,   9222,   9088,   9393,  10056,  10426,  10121,
        9391,   9447,   9081,   9341,   9179,  10050,  10902,  11772,
       12904,  12906,  13777,  14428,  15182,  15181,  15951,  16144,
       18580,  19712,  20175,  20784,  19174,  20744,  18013,  15948,
       13648,  14597,  16309,  16445,  16596,  17088,  19499,  19759,
       19173,  17608,  16392,  13966,  14380,  13793,  14894,  14687,
       17608,  21211,  24128,  26347,  25484,  25574,  25006,  24924,
       24441,  24370,  23822,  23827,  20383,  17553,   2849,   2192,
       -8705, -10604, -20576, -27830, -25052, -32768, -24799, -32768,
      -25064, -30897, -24180, -19638, -18924, -13986, -13312,  -6220,
       -8095,  -1855,  -4763,    854,  -2348,  -2831,  -4704,  -8213,
       -7459, -12684, -14129, -16951, -15690, -15573, -15858, -14772,
      -16224, -13178, -12921,  -9524,
      ... 412 more items
    ],
    Int16Array(512) [
      -21518, -15888, -12621, -10738,  -9407,  -7997,  -8586, -11308,
      -12912, -11487,  -6719,   -740,   5147,  11225,  17368,  21497,
       22770,  20582,  17198,  13178,   7655,   1700,  -2918,  -5047,
       -5923,  -7222,  -8873,  -9868, -11561, -13849, -21721, -29304,
      -28934, -28663, -28376, -27874, -27722, -18788,  -8118,    778,
        6677,   7278,   7579,   6798,   5548,  -1392,  -5563,  -6257,
       -7028,  -6905,  -5334,  -1717,    -84,   -261,   -430,  -1872,
       -2724,  -3688,  -5305,  -6454,  -3797,   1904,   7195,  10942,
       13804,  17050,  19872,  21821,  20260,  17125,  14495,  14200,
       13101,  13562,  13508,  15883,  17966,  21045,  24256,  24243,
       25647,  24775,  23335,  20678,  19892,  19386,  18978,  17840,
       20316,  23524,  24669,  27068,  26787,  26771,  26904,  25955,
       26498,  25052,  26447,  21589,
      ... 412 more items
    ],
    Int16Array(512) [
       28949,  29046,  28730,  27322,  15158,   1041, -10418, -22351,
      -31359, -32271, -31431, -24718, -15533, -13032, -14060, -13399,
      -12192, -13799, -19480, -25416, -25417, -19020,  -8224,   4039,
       15864,  26180,  31186,  30779,  30407,  30167,  25098,  15643,
        6579,    383,  -1890,  -1861,  -1494,  -1290,  -3981,  -9689,
      -15177, -23216, -29420, -30654, -29963, -29808, -29311, -29144,
      -27951, -19216,  -9224,   -826,   7024,  11007,  10938,   7682,
        4132,    397,  -1660,  -2010,  -1898,  -1334,   -240,   1062,
        1015,   -143,  -2937,  -6187,  -9438, -10788, -10188,  -8366,
       -4567,    996,   8198,  15189,  20010,  22538,  22185,  21593,
       20042,  17958,  15936,  15950,  16901,  20349,  24136,  27673,
       29955,  29126,  29064,  28556,  28312,  27955,  27597,  27360,
       26899,  26789,  26216,  26253,
      ... 412 more items
    ],
    Int16Array(512) [
       -7033,   6087,  18457,  28063,  32638,  32408,  32201,  31257,
       27584,  22266,  17428,  13527,  10429,   6882,   1409,  -4078,
      -11027, -18657, -27709, -30082, -29179, -29194, -28561, -28505,
      -27870, -27872, -22236, -13529,  -7034,  -2129,   1652,   4081,
        4932,   4727,   4362,   4958,   5551,   5882,   5897,   5840,
        5117,   2835,    651,  -1390,  -2513,  -2512,  -2467,  -1216,
        1882,   6452,  10384,  12490,  14234,  17197,  18935,  20351,
       21237,  22741,  25563,  28355,  30909,  30512,  30194,  29824,
       29487,  29124,  28819,  28418,  28200,  27709,  27624,  26974,
       27083,  26351,  23442,  -7868, -32768, -32046, -32768, -32475,
      -32768, -32589, -32125, -32109, -19319, -12233, -25413, -30929,
      -30883, -27049, -19807, -17676, -12751,   1451,  21194,  31085,
       30981,  30139,  30719,  23583,
      ... 412 more items
    ],
    Int16Array(512) [
       22185,  23773,  24310,  26435,  29508,  31284,  31900,  31159,
       31006,  30532,  30214,  29913,  29404,  29383,  28419,  29368,
       12509, -18308, -28453, -21096, -16426, -21492, -28613, -30910,
      -26560, -26378, -30241, -29514, -29572, -28834, -28946, -21536,
       -8421,   -711,   2386,   -145,  -2742,  -2438,   -589,   2344,
        5751,   9511,  14276,  17988,  17753,  12569,   2642,  -7178,
      -13737, -15708, -14996, -13527, -12185, -10573,  -9691, -10912,
      -14748, -17970, -18942, -16538, -12373,  -6259,    941,   6268,
        8114,   7146,   8869,  11853,  14955,  13434,  10832,   9335,
        9761,  10523,   9647,   5975,    621,  -4218,  -6086,  -5828,
       -5760,  -7769, -10679, -12567, -12799, -11383, -10562, -11271,
      -11872, -11789,  -9757,  -7701,  -6376,  -5982,  -5976,  -5649,
       -4354,  -1741,   1126,   4260,
      ... 412 more items
    ],
    Int16Array(512) [
        6389,  -3398,  -6861,  -2948,  -1198,  -1064,   -551,  -1172,
       -4732,  -6509,  -6804,  -5506,  -4481,  -3149,  -1622,  -1030,
       -1794,  -3937,  -2812,    700,   4151,   7136,   9415,  11533,
       12702,  14653,  16934,  21338,  26568,  29894,  31456,  32724,
       31710,  31925,  30947,  30752,  25047,  19804,  27580,  30104,
       23526,   8860,   -518,  -1973,    437,  -2891,  -6140,  -9885,
      -12714, -17817, -24336, -26479, -25526, -22638, -22412, -23348,
      -23645, -22554, -22459, -22909, -21929, -17973, -12868, -10715,
      -10753, -10930,  -9709,  -7591,  -4327,  -1979,   -436,    353,
        -141,   -911,  -1522,  -1530,     47,   2008,   3031,   2071,
         679,    -12,    265,    680,   1483,   2148,  -2179,  -3228,
       -1506,   3195,   2684,  -1853,  -4721,  -1781,      2,   1006,
        1425,   3509,   4010,   2395,
      ... 412 more items
    ],
    Int16Array(512) [
        4187,   5478,   7506,   8801,   7976,   4855,   1512,    835,
        3195,   5774,   6341,   4817,   3000,   1641,    931,   1480,
        3581,   6301,   7233,   7293,   5834,   7484,   9578,  13475,
       15602,  19631,  23811,  28205,  29121,  29466,  27805,  25427,
       22452,  19774,  23712,  24212,  21211,  11533,   1076,  -3412,
         -86,   4135,   2442,  -8700, -17832, -17442, -12278, -10943,
      -16012, -20285, -17297, -14210, -14680, -18341, -19187, -16387,
      -13422, -12578, -10546,  -7867,  -6770,  -8509,  -9948,  -7436,
       -1598,   1646,    946,  -1486,  -2686,  -1566,   -730,  -1171,
       -1288,  -1633,  -1449,  -2944,  -3801,  -8021, -10258,  -9561,
       -2596,   2423,   -682,  -7086, -11342,  -9358,  -5284,   -694,
        1438,    891,  -3570,  -5941,  -4351,    435,   5173,   6496,
        6179,   4799,   4155,   3984,
      ... 412 more items
    ],
    Int16Array(512) [
         940,   4164,   6880,  10440,  13662,  15130,  16671,  18429,
       21728,  25929,  29211,  31535,  31604,  31024,  30832,  30318,
       30089,  29774,  24884,   8594,   7995,  11212,   4373, -10756,
      -20281, -20524, -17861, -24447, -32483, -29447, -30969, -28641,
      -24172, -23509, -23234, -22012, -19187, -16380, -13316,  -5421,
        3071,   8561,  12675,  14106,  16112,  14864,  10620,   7966,
        7959,   9908,   9226,   4719,   -952,  -5930, -10605, -15096,
      -18423, -18652, -18016, -16826, -17680, -17882, -20657, -23176,
      -23614, -21324, -16672, -11496,  -4799,   2138,   4886,   4353,
        4052,   5310,   9379,  12455,  14636,  15350,  13748,  12370,
        9990,   7079,   3968,    494,  -1436,  -1407,  -1187,  -1584,
       -4660,  -8453, -10813, -10958,  -8792,  -6053,  -3265,   -857,
        1636,   4197,   6812,   9091,
      ... 412 more items
    ],
    Int16Array(512) [
       18432,   -406, -17984, -30418, -32367, -31554, -31442, -25775,
      -18662, -21580, -26618, -29464, -27682, -24124, -19848, -11716,
        1119,  14898,  23687,  25363,  22248,  16927,  10228,   4105,
         386,    586,   2812,   3256,    878,  -3587,  -9696, -17783,
      -27107, -29774, -28860, -28821, -28170, -23369, -15807, -10281,
       -6370,  -5530,  -5025,  -4000,    -68,   4887,  11552,  13885,
       13145,  11303,   9450,   8416,   4530,   2001,   -243,  -1993,
       -4210,  -5149,  -6042,  -8084, -10765, -13085, -13606, -13119,
      -11337,  -9850,  -8043,  -5957,  -2628,    164,   1818,   3316,
        4531,   6114,   7216,   8322,   9529,  10752,  11138,  10939,
       10630,  10198,   9801,   9720,   9691,  10487,  11114,  11464,
       12617,  14093,  15207,  16574,  18900,  22600,  28410,  30708,
       29956,  30005,  29123,  29715,
      ... 412 more items
    ],
    Int16Array(512) [
       11772,  13910,  14144,  13897,  14168,  15016,  16020,  17158,
       18235,  19975,  21519,  24043,  26902,  30784,  29290,  30761,
       27783,  31622,   2849, -32768, -30536, -32015, -30410, -30895,
      -29988, -28761,  -6941,  19571,  21318,   -206, -21616, -24724,
      -14098,  -2572,   5578,  15827,  25995,  30262,  25664,  17862,
        8160,  -5708, -24064, -30884, -29592, -21150, -11019, -11771,
      -13516, -11585,  -8833, -14040, -24836, -28781, -26772, -17074,
       -5031,   4211,  13662,  20872,  23643,  20269,  14786,  10337,
        6647,   2079,   -854,   1069,   7267,  12743,  13560,   9729,
        3998,  -2826, -10376, -16558, -18952, -16970, -13080,  -8630,
       -3388,   2623,   6904,   6316,   1576,  -2878,  -4012,  -2358,
        -750,    711,   2593,   5844,   5496,    109,  -6318, -10677,
      -13511, -17502, -19166, -17542,
      ... 412 more items
    ],
    Int16Array(512) [
      -2101, -1316,  -626,  -354,  -397,  -779,  -963,  -934,  -700,
       -802,  -720,  -497,  -291,  -106,  -404, -1049, -1668, -1901,
      -2026, -1971, -1679, -1454, -1018, -1030, -1165, -1059, -1311,
      -1623, -1997, -1708,  -696,   394,  1268,  1760,  2195,  2263,
       2049,  1659,  1047,   646,   222,   167,   144,   -83,  -147,
       -170,  -215,  -617, -1202, -1517, -1473, -1414, -1295, -1121,
      -1104, -1167, -1074,  -832,  -610,  -461,  -367,  -264,  -292,
       -344,  -436,  -715, -1176, -1512, -1782, -1885, -2192, -2692,
      -2807, -2776, -2324, -2119, -1754, -1506, -1518, -1503, -1634,
      -1526, -1091,  -718,  -511,  -207,   104,   420,   791,  1053,
       1088,  1092,  1320,  1409,  1142,   649,   231,   123,   220,
        420,
      ... 412 more items
    ],
    Int16Array(512) [
         45,   267,   583,   587,   244,  -158,  -415,  -454,  -672,
       -851,  -899, -1086, -1146, -1052, -1052, -1024, -1028, -1090,
       -990,  -920, -1065, -1109, -1274, -1347,  -979,  -590,  -475,
       -461,  -627,  -790,  -725, -1043, -1376, -1840, -2043, -2129,
      -2064, -1619, -1332, -1035,  -916,  -537,  -509,  -581,  -638,
       -644,  -315,  -300,  -418,  -556,  -717,  -528,  -527,  -673,
       -706,  -749,  -649,  -557,  -593,  -568,  -683, -1039, -1389,
      -1581, -1618, -1450, -1356, -1263, -1240, -1185, -1001,  -819,
       -801,  -888,  -903,  -697,  -541,  -300,  -265,  -454,  -376,
       -518,  -527,  -672,  -950, -1371, -1672, -1753, -1923, -1880,
      -1850, -1661, -1750, -2004, -2092, -2185, -1860, -1415,  -967,
       -668,
      ... 412 more items
    ],
    Int16Array(512) [
         27,    -4,    2,   30,  311,  210,  205,   126,   76,
         70,   -22,  213,  199,  260,  -17, -260,  -282, -239,
        -56,   -57,  -58, -133, -106, -135, -353,  -328, -278,
       -280,  -431, -295, -262,   33,   17, -103,   -98, -208,
       -245,  -564, -446, -380, -464, -484, -715,  -601, -610,
       -321,  -335, -581, -559, -590, -361, -446,  -503, -580,
       -771,  -830, -927, -871, -769, -870, -670,  -561, -480,
       -663,  -626, -811, -952, -996, -976, -599,  -456, -337,
       -320,  -231, -403, -521, -686, -888, -851, -1054, -981,
      -1021, -1157, -881, -718, -621, -727, -667,  -689, -623,
       -520,  -315, -214, -536, -683, -814, -746,  -640, -781,
       -865,
      ... 412 more items
    ],
    Int16Array(512) [
         516,   -11,    151,    384,    913,   1597,   2161,   2474,
        2566,  2799,   3275,   4057,   4700,   5240,   5948,   6310,
        6544,  6624,   6565,   5888,   4904,   4239,   3349,   2507,
        1462,  1275,    744,    807,   1197,   2215,   2506,   1971,
        2997,  3505,   3910,   4737,   6699,   7858,   7880,   8398,
        9932, 10293,  11803,  12464,  13460,  14505,  15118,  13338,
        6688, -2094, -13223, -23814, -30280, -31619, -30063, -24453,
      -16971, -9980,  -2169,   4628,   9645,  10577,   7903,   4444,
        2437,  2805,   4271,   6249,   7919,   8573,   8188,   5608,
        1426, -4262, -10403, -15842, -19835, -21418, -20538, -17285,
      -12491, -7651,  -3638,  -1468,   -141,    523,    919,    860,
         697,  1415,   3228,   6327,   8958,  10349,  10038,   8024,
        4941,   877,  -2981,  -6167,
      ... 412 more items
    ],
    Int16Array(512) [
      -24941, -24542, -22645, -17780, -10153,  -1613,   5491,  11186,
       15270,  16682,  14749,  10722,   4505,  -1382,  -4331,  -4605,
       -4448,  -4390,  -4279,  -4701,  -6484,  -8414,  -9658, -10237,
      -10215,  -8781,  -5814,   -960,   5468,  11670,  16057,  17967,
       18481,  17448,  15267,  13114,  11849,  10942,  10039,  10011,
       11289,  12297,  12975,  11705,   9774,   6329,   4106,   3307,
        3363,   4351,   5733,  10008,  13311,  16904,  19215,  19911,
       19388,  17994,  17260,  16744,  16851,  18521,  20110,  20803,
       19076,  19811,  15192,   6657, -13364, -30862, -32768, -32768,
      -32132, -32283, -31114, -31993, -23408,  -5826,   7535,  14535,
       14028,  11710,   8104,   6591,   5776,   8346,  11718,  14012,
       12702,   9439,   5361,    806,  -6683, -15653, -25510, -31542,
      -30931, -30988, -28984, -21304,
      ... 412 more items
    ],
    Int16Array(512) [
       15122,  11342,   4758,  -3030,  -9702, -14795, -17659, -18253,
      -17099, -14478, -11703,  -8355,  -5249,  -2635,  -1800,  -2320,
       -3888,  -4520,  -3997,  -2388,  -3546,  -3027,  -5402, -12167,
      -13250, -13482,  -9580,  -6995,  -4985,   -402,   1658,   1885,
        4070,   3431,    136,  -3335,  -7111,  -9465, -10127,  -7992,
       -5571,  -5097,  -4315,  -2898,  -1569,   -866,    933,   2898,
        4391,   6026,   9163,  11935,  14943,  17152,  17116,  15041,
       12214,  10102,   7688,   5119,   3279,   2891,   2549,   3073,
        4886,   6183,   7212,   7621,   8373,   8914,   9503,  10747,
       12394,  13624,  15722,  16318,  16858,  17158,  16647,  17281,
       16430,  15840,  15327,  16156,  17767,  20857,  21806,  23653,
       22301,  20906,  12393,   1242, -17455, -32711, -32356, -32768,
      -32411, -32768, -31720, -32137,
      ... 412 more items
    ],
    Int16Array(512) [
         -80, -21056, -32768, -32333, -32768, -32137, -31986, -31708,
      -26245, -12173,   1237,  12233,  19479,  19444,  15367,  10049,
        5049,   5104,   7956,  10197,  11183,   8906,   4919,    224,
       -6111, -12339, -19336, -26764, -31246, -31176, -30602, -24892,
      -15606,  -6987,   -674,   3001,   6168,   8202,  10090,  10600,
        9711,   8488,   7908,   8347,   9842,  10847,  10104,   6509,
         472,  -5223,  -9846, -13174, -14255, -14281, -13394, -11204,
       -8513,  -5059,  -2044,     52,    947,     30,  -1397,  -1253,
        -545,   1426,   2668,   3643,   3469,   2935,   -344,  -3295,
      -10495, -20935, -24140, -25640, -21419, -15196,  -8361,    179,
        5524,   6834,   8637,   7216,   3357,     41,  -4948,  -7799,
       -7880,  -5366,  -1106,   1061,   2321,   2649,   1145,   -686,
        -723,    374,   2073,   3929,
      ... 412 more items
    ],
    Int16Array(512) [
       -1513,    170,     45,   -979,  -2080,  -2774,  -4208,  -5615,
       -6759,  -6698,  -5638,  -3800,  -2164,   -842,    322,    945,
         958,   1505,   3187,   5253,   6961,   8419,   9504,  10423,
       10854,  10138,   8645,   6190,   3727,   1806,    283,   -203,
         774,   1984,   3377,   4932,   6269,   7173,   8025,   8345,
        9058,   8869,   8590,   9410,  10448,  11793,  12237,  12186,
        9732,   8223,   6237,   6341,   7042,   5640,   6206,   9073,
       10529,  12820,  14092,  13112,  15479,  15146,  15843,  17421,
       18797,  20985,  23377,  21500,  16696,   5738, -12650, -30268,
      -32768, -32065, -32537, -31170, -32205, -25292, -11302,   2208,
       13397,  19445,  20921,  16912,  10854,   4920,   2414,   3682,
        7273,  10053,  10305,   7302,   2556,  -3749, -11103, -18494,
      -26034, -31002, -30971, -30726,
      ... 412 more items
    ],
    Int16Array(512) [
      -19612, -31820, -32095, -31764, -31363, -30983, -30527, -24492,
      -14971,  -3972,   5683,  11449,  11741,   8524,   8030,   8577,
        9981,  12495,  13679,  14747,  13407,   8347,   2014,  -5144,
      -11789, -18907, -26131, -30151, -29689, -26340, -20612, -15246,
       -9619,  -5035,  -2234,   -363,    848,   2811,   5270,   6956,
        8253,  10686,  13714,  16073,  15633,  12279,   7536,   1954,
       -3517,  -8117, -11317, -12502, -12233, -11406,  -9685,  -7641,
       -5193,  -3850,  -3203,  -3234,  -3260,  -2462,  -1012,   1324,
        3709,   5991,   7402,   7739,   6553,   4194,    199,  -3928,
       -7379, -10641, -12819, -16034, -16585, -14966, -12698,  -9429,
       -6360,  -3469,   -447,   1216,   2543,   3793,   4168,   4262,
        3650,   2700,   2161,   1925,   1752,    869,     12,   -369,
        -386,   -230,    626,   2102,
      ... 412 more items
    ],
    Int16Array(512) [
        6332,   4714,   -228,  -4484,  -6607,  -6301,  -7421,  -7290,
       -3985,    -61,   1390,    504,  -1012,  -3643,  -6899,  -9669,
      -10540,  -9644,  -7429,  -3916,   -877,     49,   -528,   -814,
       -2085,  -4365,  -6131,  -5761,  -3383,   -519,   1917,   4633,
        7333,   8358,   7884,   6069,   4439,   3753,   3903,   5157,
        6811,   8213,   9561,  10192,   9123,   7026,   4401,   2132,
         736,   -321,    324,   2009,   5041,   7523,   9009,   9005,
        8234,   8102,   7554,   7751,   7316,   7480,   8347,  10075,
       11312,  12388,  12005,  12411,  11587,  10526,   9945,  10008,
       11346,  13922,  15415,  17198,  18967,  20185,  22930,  21903,
       18347,  11134,   -608, -12376, -26596, -32768, -32061, -32120,
      -31280, -31519, -24164, -12861,  -7932,  -7294,  -8044,  -7690,
       -4599,  -1293,   2218,   8155,
      ... 412 more items
    ],
    Int16Array(512) [
        7773,   7406,   6788,   6551,   6754,   7213,   7789,   7573,
        6731,   5290,   3669,   2191,   1178,    954,   1274,   1701,
        2078,   2954,   3531,   4249,   4353,   4659,   5631,   6750,
        7849,   9135,  10435,  11775,  12726,  13168,  11840,   9604,
        5292,   -251,  -6718, -12982, -16842, -17948, -16523, -13963,
      -12210, -11532, -11803, -13158, -14663, -16291, -17795, -18258,
      -17145, -13941,  -9301,  -4791,  -1245,    801,   1353,   1258,
         925,    522,    482,    845,   1897,   3631,   5731,   7514,
        8181,   7676,   5980,   3855,   1708,    203,   -569,   -843,
        -699,   -340,    250,    679,    544,   -274,  -1754,  -3442,
       -4799,  -5487,  -5450,  -4506,  -3109,  -1589,   -392,    353,
         529,    205,   -217,   -780,  -1057,   -544,    457,   1754,
        3325,   4681,   5393,   5302,
      ... 412 more items
    ],
    Int16Array(512) [
        3939,   4421,   5180,   6260,   7698,   9688,  10624,  10802,
        9867,   8517,   7615,   6696,   5994,   4167,   1871,   -841,
       -3892,  -6399,  -7995,  -9249, -10004, -11392, -13319, -15151,
      -16702, -17258, -17365, -17653, -17629, -17532, -16717, -14972,
      -12650, -10281,  -8269,  -6795,  -5097,  -3195,   -831,   1446,
        3274,   5093,   6507,   8079,   9452,  10285,  10866,  10526,
        9595,   8634,   7655,   6808,   6093,   5274,   4402,   3161,
        1586,    -15,  -1712,  -3303,  -4793,  -6290,  -7759,  -8677,
       -9140,  -9078,  -9092,  -9044,  -8976,  -8776,  -8701,  -9091,
       -9367, -10378, -10715,  -9685,  -7820,  -4830,  -2271,   -438,
         982,   1638,   2314,   3118,   3328,   3491,   3440,   3726,
        4580,   5439,   6001,   5503,   4228,   2454,    244,  -1666,
       -3082,  -4140,  -4439,  -4486,
      ... 412 more items
    ],
    Int16Array(512) [
       15259,   9861,   3749,  -2404,  -7146, -10376, -12107, -13448,
      -15965, -20003, -27487, -29481, -28598, -28583, -28036, -27519,
      -23468, -16786, -10417,  -6068,  -2743,    -20,   2004,   3671,
        6284,  10427,  15499,  20121,  21862,  21037,  18393,  15143,
       11700,   8656,   5626,   2890,   1862,   1671,   1482,    679,
        -955,  -3177,  -5935,  -8943, -10494,  -9814,  -7355,  -4675,
       -2542,   -536,   1176,   2891,   3980,   4681,   5055,   5325,
        7223,  11001,  14946,  17485,  18435,  18279,  17818,  16286,
       15033,  14634,  15134,  14655,  14332,  14389,  15625,  17049,
       17356,  17098,  15278,  13869,  12376,  14100,  15919,  19566,
       21122,  19932,  12713,  -1282, -21980, -32768, -32265, -32522,
      -31561, -27694, -23312, -23754, -24923, -25871, -27706, -29907,
      -29126, -29455, -25572, -13945,
      ... 412 more items
    ],
    Int16Array(512) [
       14039,   -879, -23377, -32768, -32380, -32768, -32536, -32768,
      -32203, -32349, -29095, -28457, -30851, -30670, -30218, -30142,
      -26925, -17790,  -4407,   9269,  18644,  22853,  24194,  25351,
       24927,  21288,  15411,  11623,  11810,  13587,  14583,  14051,
       12109,   7334,  -1046, -12009, -21376, -27784, -30973, -30857,
      -30371, -30271, -27486, -21948, -18540, -16980, -16344, -15592,
      -14045, -11507,  -7296,   -812,   6690,  14003,  20428,  24833,
       26556,  24952,  20634,  15567,  11279,   8133,   5626,   3871,
        2702,   1868,   -359,  -4369, -10516, -16808, -23208, -28971,
      -29288, -28779, -28573, -28096, -27911, -23671, -14981,  -7824,
       -3335,  -2597,  -2238,  -1406,   -561,   3199,   8388,  14540,
       21328,  25478,  23715,  18082,  11751,   6584,   1206,  -5106,
       -9108,  -9131,  -5744,  -2335,
      ... 412 more items
    ],
    Int16Array(512) [
        -154,    920,   2158,   3872,   6483,   9490,  12417,  14535,
       15331,  15885,  16085,  15599,  14572,  13325,  12591,  12635,
       13189,  14253,  15510,  16988,  18341,  17679,  17429,  16545,
       15709,  14670,  13206,  14312,  14827,  17248,  18752,  20655,
       21277,  20446,  20681,  21648,  22537,  17014,   4598, -14838,
      -29908, -32768, -32576, -32768, -32585, -32768, -30783, -19992,
      -13475, -15732, -21251, -23689, -21643, -17794, -13921,  -9102,
       -1970,   6158,  13001,  17750,  20150,  18965,  13526,   5551,
        -578,  -4055,  -6327,  -9008, -10978, -10355,  -8312,  -7731,
      -10288, -14698, -18864, -21993, -24038, -24330, -21874, -17016,
      -10643,  -4494,   1425,   7576,  12135,  13940,  13240,  11608,
       10616,  10228,  10592,  11502,  12884,  14080,  13922,  12202,
        8871,   3695,  -5931, -16039,
      ... 412 more items
    ],
    Int16Array(512) [
       -4568,  -6093,  -5890,  -4293,  -1910,   1165,   4905,   7872,
        9444,   9975,   9850,   9273,   8396,   8354,   9500,  11491,
       14001,  16191,  18646,  20715,  21880,  21357,  20398,  19484,
       18780,  18788,  18803,  19263,  21495,  23525,  26019,  27320,
       27252,  27691,  27264,  26487,  24482,  21813,  13728,   1171,
      -16718, -30886, -32768, -32768, -32766, -32713, -32476, -30960,
      -21813, -14406, -17756, -23222, -23867, -19737, -15233, -13784,
      -12987,  -7267,   2322,  11540,  16193,  16602,  15226,  12806,
        8227,   2564,  -3421,  -8202, -11568, -13397, -12919, -10818,
       -9147,  -9639, -12071, -14564, -16480, -18033, -19558, -20090,
      -17514, -12582,  -6192,    120,   5778,  10403,  13229,  14541,
       14220,  13046,  11775,  10716,   9837,   9793,   9830,   8463,
        5068,    332,  -5322, -12885,
      ... 412 more items
    ],
    Int16Array(512) [
       17533,  19911,  22181,  24724,  26802,  27776,  28669,  29091,
       28644,  28456,  27967,  27816,  27303,  26968,  19941,   1979,
      -14905, -24769, -26378, -25596, -27173, -30779, -29638, -24337,
      -20123, -23712, -30861, -30840, -30687, -28446, -19494, -13297,
       -8752,  -2982,   2424,   5509,   5193,   2708,    701,    549,
        2969,   6979,  10441,  11944,  10715,   8029,   3868,  -1494,
       -7126, -11206, -13025, -12307, -10498,  -8607,  -6734,  -4814,
       -4393,  -5973,  -8586,  -9500,  -7012,  -2507,   1949,   5629,
        9562,  13678,  15677,  14523,   9843,   5097,   1195,    -26,
        -262,   -672,   -522,  -1776,  -3682,  -6614, -11296, -15677,
      -19380, -21849, -21733, -19882, -16153, -12805, -11510, -11435,
      -11920, -12103, -12207, -12338, -11489,  -8713,  -4575,   -810,
        1549,   2569,   3222,   3718,
      ... 412 more items
    ],
    Int16Array(512) [
       -4072,  -5574,  -2931,   -352,   -664,  -2856,  -4222,  -3608,
       -2250,  -2228,  -3481,  -4149,  -3399,   -550,   2171,   5166,
        5206,   3568,   1559,   1260,   3775,   6129,   7113,   6473,
        4973,   3411,   3445,   2481,   1963,   1004,    970,     -1,
       -2180,  -4465,  -5161,  -5358,  -5990,  -6763,  -7345,  -7209,
       -7766,  -8220,  -9412, -10645, -11100, -10307,  -8873,  -7457,
       -6522,  -5613,  -4925,  -3898,  -1614,    507,   1928,   2738,
        3794,   5899,   8823,  11281,  12634,  13930,  15957,  17970,
       20092,  21223,  22750,  24291,  25537,  26841,  28330,  29024,
       29713,  28882,  29152,  28023,  28743,  26958,  28813,  18255,
        2699,  -7873,  -6759,   5140,  10647,   4564, -14701, -27401,
      -32580, -25943, -20565, -17277, -19203, -21058, -23081, -23802,
      -24804, -24675, -22522, -18575,
      ... 412 more items
    ],
    Int16Array(512) [
       26868,  27538,  29657,  30214,  31308,  29847,  30815,  24473,
       14388,   9469,  10615,  16361,  14326,   6603,  -6713, -12663,
      -15003, -11883, -11223, -11370, -14966, -19523, -23172, -24322,
      -23401, -21324, -18876, -17333, -16287, -16485, -16571, -15432,
      -12014,  -8002,  -5900,  -5181,  -3763,   -773,   1653,   2012,
         579,     54,   1910,   5058,   6492,   4954,   1897,   -964,
       -1671,   -706,   1545,   3171,   3493,   1537,   -921,  -3461,
       -5243,  -4989,  -2415,   1484,   1752,  -1782,  -6501,  -7550,
       -6160,  -2570,    779,   3306,   2734,   -175,  -2294,  -1285,
        1651,   3987,   4617,   3566,   2603,   1374,    -23,  -1177,
       -1281,   -292,    -48,  -1131,  -2853,  -4226,  -5271,  -6293,
       -6965,  -6101,  -4080,  -2100,  -1086,  -1686,  -2892,  -3575,
       -1947,   1551,   5472,   8010,
      ... 412 more items
    ],
    Int16Array(512) [
       -6205,  -7960,  -8196,  -6122,  -2297,    640,   1751,   1776,
        2341,   4051,   6913,  10889,  14924,  18775,  20151,  21616,
       23211,  26367,  29158,  31244,  31070,  31027,  30139,  30507,
       29178,  30283,  25520,   9476,   1457,    990,   9001,  10553,
        3765, -11581, -21845, -27288, -27203, -28082, -28016, -25650,
      -21837, -19023, -19078, -19798, -20089, -18260, -15552, -10938,
       -4959,   2107,   8152,  10333,   8419,   4627,   2344,   3435,
        8077,  12721,  13745,   9401,   3416,  -1119,  -2897,  -4391,
       -6485,  -8399,  -8860,  -8673,  -9038, -10490, -11826, -12851,
      -15821, -18334, -18142, -10299,  -1817,   1502,  -1163,  -3062,
       -2025,   1307,   3430,   5733,   9484,  12320,  11956,   9113,
        8327,   9763,   9309,   5545,   1634,    784,   2317,   1996,
        -827,  -4503,  -7330,  -9035,
      ... 412 more items
    ],
    Int16Array(512) [
        4868,   7034,   9508,  11982,  14013,  15072,  15949,  16962,
       17147,  16701,  16893,  19095,  20819,  22068,  22785,  24238,
       25322,  26308,  28518,  29491,  29536,  28714,  29089,  25770,
        6967, -11095, -20105, -21093, -21389, -26083, -28678, -26800,
      -18581, -12711, -15726, -23269, -27285, -22821, -14579,  -8222,
       -2208,   4376,  10992,  14617,  14628,  12791,  10144,   7669,
        5537,   3518,   2925,   3187,   3141,   1167,  -3530,  -9355,
      -15505, -21104, -24615, -25636, -24630, -22057, -18502, -13982,
      -10314,  -8137,  -7374,  -6541,  -4942,  -6212,  -6241,  -3681,
        2752,   8282,   9666,  11657,  14123,  14723,  11484,   6628,
        3982,   2362,   1739,   1023,     34,  -1174,  -1970,  -2895,
       -5292,  -8624, -10310, -10379,  -9997,  -8538,  -5257,  -1706,
         335,   1572,   2964,   4142,
      ... 412 more items
    ],
    Int16Array(512) [
        4099,   5619,   8234,  12027,  15248,  17852,  18814,  19048,
       19060,  18600,  18428,  18604,  21532,  26276,  30813,  30734,
       30702,  29802,  30389,  25053,  10811,  -1257, -14368, -26618,
      -31629, -30628, -29614, -24179, -17982, -15828, -15591, -15780,
      -16556, -17742, -17464, -14854,  -9298,  -1844,   6969,  14648,
       18440,  17949,  14572,   9586,   3963,  -1099,  -4991,  -7540,
       -8108,  -6771,  -5853,  -6871,  -9883, -13833, -18371, -22257,
      -24080, -23906, -21489, -16812, -10352,  -3983,   1447,   5575,
        8106,   8735,   8443,   5687,   1206,  -1229,    912,   5939,
        8243,   9164,  10716,  11345,   9663,   5250,   -565,  -6242,
       -9896, -10337,  -9225,  -7582,  -5140,  -2778,  -2232,  -2919,
       -3081,  -3981,  -5946,  -7226,  -6019,  -2518,   1167,   4351,
        6525,   7787,   8628,   8558,
      ... 412 more items
    ],
    Int16Array(512) [
       -2717,  -2773,  -1970,   -566,     37,   -165,   -926,   -539,
         684,    544,   -982,  -1213,    305,   1432,   2235,   3746,
        5673,   7706,   9066,  10489,  11921,  13201,  15055,  16932,
       19246,  22065,  25276,  28921,  30798,  30366,  30216,  29644,
       29572,  28020,  16795,   2854,  -7890, -20267, -30536, -31928,
      -29727, -18872, -15427, -16634, -12275,  -5644,  -4307, -12828,
      -21429, -19992, -10943,  -2959,    183,   4622,  13759,  19646,
       17424,   9712,   3752,   -698,  -7035, -13827, -16757, -13536,
       -9295,  -8818, -10564, -10201,  -8052,  -9456, -15795, -21000,
      -20012, -15156, -10429,  -6285,    -72,   7818,  14696,  17274,
       16702,  14564,  12981,  10580,   9050,   4444,   1485,   2247,
        2857,   3438,    658,    667,   -562,  -3878,  -6230,  -8244,
       -9789, -10891, -10594,  -8417,
      ... 412 more items
    ],
    Int16Array(512) [
        1769,   8322,  13511,  17932,  22153,  22969,  19454,  14150,
       10166,   7976,   6646,   6338,   8425,  10043,   9102,   5629,
        2237,   -894,  -7207, -14033, -19939, -21218, -18893, -15683,
      -12856, -10013,  -5110,    291,   2652,   1881,   -194,  -1200,
       -1564,  -1818,  -1738,   -427,   1466,   3161,   3364,   1995,
        -133,  -3200,  -7490, -11468, -12945, -12489, -11386, -10002,
       -7858,  -4743,  -1237,    813,   1260,   1277,   1699,   2772,
        3460,   4460,   6652,   8954,  10667,  11465,  11699,  11406,
       10202,   8626,   6597,   5285,   4366,   4337,   4079,   3454,
        3441,   3516,   3936,   3562,   3156,   2659,   2332,   2814,
        3507,   4346,   5442,   6521,   7135,   7796,   7431,   7538,
        6974,   6686,   6290,   5181,   4289,   1716,  -1224,  -4994,
       -8048,  -9812, -11243, -12566,
      ... 412 more items
    ],
    Int16Array(512) [
      -1123, -1027,  -913,  -917,  -810,  -638,  -316,    45,   327,
        275,   178,   -24,  -437,  -688,  -865,  -879,  -920,  -902,
       -975,  -822,  -820,  -904, -1220, -1122,  -868,  -887,  -927,
      -1025, -1053,  -960,  -612,  -523,  -595,  -645,  -652,  -767,
      -1002, -1081,  -944,  -911,  -745,  -749,  -864,  -850, -1035,
      -1197, -1174,  -981,  -985,  -983,  -989,  -956,  -883,  -833,
       -974, -1152, -1168, -1265, -1334, -1459, -1319, -1181, -1086,
       -928,  -823,  -598,  -252,  -274,  -267,  -341,  -468,  -635,
       -829,  -732,  -378,  -274,  -142,   -32,    36,   -29,  -210,
       -237,  -357,   -35,    57,   144,     3,    -9,  -138,  -397,
       -451,  -514,  -498,  -327,    31,   509,  1025,  1421,  1701,
       1783,
      ... 412 more items
    ],
    Int16Array(512) [
      -1165,  -941,  -921,  -857,  -698,  -704,  -703,  -724,  -894,
       -853,  -904,  -997,  -809,  -765,  -750,  -514,  -375,  -388,
       -177,  -162,  -237,  -323,  -381,  -424,  -468,  -517,  -600,
       -801,  -996, -1024, -1173, -1144, -1197, -1414, -1440, -1344,
      -1093,  -855,  -709,  -754,  -941, -1129, -1180, -1203, -1102,
       -991,  -775,  -530,  -588,  -670,  -931,  -996,  -920, -1053,
      -1135, -1086, -1040, -1064, -1088, -1100, -1169, -1268, -1182,
      -1016,  -900,  -832,  -777,  -909,  -970,  -822,  -642,  -666,
       -584,  -610,  -334,  -109,  -261,  -326,  -429,  -556,  -838,
       -859,  -866,  -905,  -806,  -673,  -532,  -382,  -474,  -377,
       -278,  -275,  -302,  -204,  -319,  -403,  -404,  -366,  -263,
        -86,
      ... 412 more items
    ],
    Int16Array(512) [
       -225,  -221,  -238,  -299,   -89,   158,    97,   -62,   -80,
       -360,  -499,  -600,  -827, -1017,  -838,  -647,  -687,  -869,
      -1160, -1236, -1272, -1035,  -723,  -656,  -604,  -556,  -789,
      -1019,  -800,  -785,  -664,  -461,  -506,  -561,  -622,  -669,
       -874,  -958, -1118, -1325, -1443, -1531, -1497, -1413, -1478,
      -1455, -1310, -1262, -1254, -1201, -1256, -1350, -1422, -1596,
      -1633, -1533, -1481, -1410, -1279, -1302, -1213, -1021, -1004,
       -922,  -996, -1260, -1422, -1455, -1424, -1427, -1457, -1635,
      -1846, -1727, -1436, -1137,  -929,  -828, -1004, -1040, -1046,
       -994,  -912,  -822,  -745,  -892,  -857,  -854,  -873,  -858,
       -866, -1192, -1338, -1388, -1469, -1420, -1473, -1299,  -991,
       -765,
      ... 412 more items
    ],
    Int16Array(512) [
        510,   545,  498,  560,  539,   505,   529,   429,   412,
        330,   366,  264,  221,   54,   -24,   -84,  -232,  -114,
       -158,  -225, -306, -324, -203,   -53,   139,   151,     8,
        -77,  -156, -134,  -90, -162,  -339,  -392,  -351,  -206,
       -180,    25,   81, -245, -648, -1073, -1158,  -995,  -777,
       -711,  -627, -429, -653, -662,  -591,  -650,  -760,  -875,
       -788,  -788, -649, -658, -780,  -882,  -912, -1162, -1176,
      -1114, -1219, -965, -825, -655,  -713,  -719,  -850,  -868,
       -877,  -720, -753, -747, -652,  -815,  -818,  -832,  -874,
       -704,  -630, -624, -474, -521,  -649,  -699,  -546,  -338,
       -216,  -407, -613, -782, -793,  -649,  -469,  -242,  -139,
       -255,
      ... 412 more items
    ],
    Int16Array(512) [
       11567,  10341,   8907,   6627,   4625,   2635,  2074,   1439,
         477,   -603,  -1368,  -1827,  -3412,  -6220, -9660, -12101,
      -12787, -12423, -11034,  -9086,  -6036,  -2421,   740,   3052,
        4407,   5474,   5599,   4742,   3416,   2659,  2997,   3728,
        3981,   3540,   2972,   2701,   1850,    530, -1682,  -4720,
       -8254, -11266, -12796, -13464, -12860, -11285, -8225,  -5262,
       -2557,    413,   2294,   3220,   3518,   3494,  3131,   2607,
        2644,   2385,   2112,   1763,   1329,    397, -1198,  -2742,
       -4640,  -6457,  -7755,  -8074,  -7539,  -6258, -4236,  -2136,
        -498,    775,   1787,   2548,   3178,   3773,  3892,   3897,
        3895,   4194,   4223,   4336,   4508,   4286,  3872,   3386,
        2520,   1483,   1015,   1082,   1369,   2130,  3063,   3990,
        4501,   5159,   5230,   4595,
      ... 412 more items
    ],
    Int16Array(512) [
       13600,  13744,  12185,   9920,   5514,    197,  -4422, -10523,
      -14962, -18709, -21071, -22175, -24240, -25978, -24942, -20580,
      -14018,  -8383,  -4913,   -770,   3461,   7625,   9787,   9305,
        8738,   7306,   5540,   3065,    695,   -920,  -2647,  -4859,
       -7732,  -9831, -10751, -11752, -12735, -12918, -12236, -10025,
       -7491,  -4781,  -1642,   1637,   4319,   5425,   5400,   5493,
        6034,   6301,   5901,   5176,   4480,   4144,   3080,   2167,
          39,  -1826,  -5985, -13029, -17763, -20248, -18517, -16950,
      -14573,  -9529,  -5585,  -1541,    867,   1978,   1664,     67,
       -1572,  -3847,  -5006,  -3995,  -2668,  -2346,  -2206,  -1620,
       -1395,  -2370,  -3672,  -5077,  -6454,  -7343,  -7226,  -6401,
       -4185,  -1144,   1612,   3349,   4629,   5744,   6214,   6116,
        5804,   5750,   5928,   6719,
      ... 412 more items
    ],
    Int16Array(512) [
       14229,  14358,  13529,  13285,  11770,  11496,   9616,  10246,
       10986,  13085,  15997,  16419,  18547,  18837,  19297,  17610,
       17079,  17006,  16735,  14435,  11256,   6145,   -110,  -7960,
      -16504, -22624, -29305, -31490, -32035, -31258, -31330, -27893,
      -20050, -12176,  -1668,   8302,  14953,  17216,  17444,  16362,
       14003,   8869,   3458,    -51,  -1945,  -2934,  -4966,  -6446,
       -7633,  -9604, -13202, -17124, -18960, -18842, -18511, -17247,
      -14360,  -9146,  -3141,   1601,   5190,   8138,  10323,  10930,
        9901,   8003,   6752,   5882,   4607,   2846,   1907,    941,
        -288,  -2657,  -5382,  -7500,  -9423, -10872, -12291, -12128,
      -10924,  -9830,  -9731, -10833, -11072, -10686,  -9228,  -7596,
       -5647,  -2977,   -556,   1759,   2984,   4048,   4230,   2965,
         851,  -1350,  -3001,  -4312,
      ... 412 more items
    ],
    Int16Array(512) [
       -5055,  -6431,  -6716,  -6088,  -5663,  -4804,  -3872,  -3532,
       -2935,  -2248,  -1636,   -651,    975,   3298,   5711,   8028,
       10555,  12063,  12680,  12732,  12043,  11217,  10087,   9100,
        8377,   7876,   7772,   8065,   8665,   9114,   9478,   9333,
        8679,   8482,   8224,   9440,  10932,  12900,  14087,  14528,
       14285,  12899,  12467,  10784,  10903,  10067,  10664,  13159,
       15526,  18624,  20470,  21488,  23013,  22522,  21888,  21711,
       19904,  17710,   9614,   1554,  -7759, -17893, -26636, -31934,
      -32606, -32079, -30762, -28076, -24524, -20620, -12115,  -4653,
        -581,   3044,   4770,   7727,   9878,   9805,   9471,   8388,
        5938,   3064,  -1496,  -4932,  -7629, -11419, -15088, -18679,
      -20208, -20280, -20082, -18280, -15804, -12628,  -9165,  -6546,
       -3414,   -264,   2789,   5403,
      ... 412 more items
    ],
    Int16Array(512) [
      -15763, -10357, -5082,  -726,  2279,  4333,   5731,   6192,
        6666,   7115,  8112,  9240,  9436,  8722,   7069,   5237,
        2464,   -719, -4005, -6624, -8380, -9340, -11209, -12343,
      -11109,  -9068, -6651, -5914, -4539, -2725,  -2139,  -2650,
       -4274,  -5893, -7211, -7320, -5953, -4042,  -1668,   1180,
        3047,   3598,  3225,  2020,  -209, -3481,  -6269,  -7687,
       -7855,  -6980, -5906, -4641, -3518, -2918,  -2795,  -2830,
       -2737,  -1782,  -266,  1602,  4198,  7278,  10168,  11878,
       12831,  13101, 12316, 10958,  9143,  7412,   6351,   6073,
        6695,   7829,  9275, 10420, 10838, 10923,   9944,   9100,
        8305,   7870,  8301, 10117, 12726, 15426,  16506,  17469,
       17000,  15660, 12529, 10324,  8839,  8025,   9212,   9832,
       12360,  14755, 17668, 19402,
      ... 412 more items
    ],
    Int16Array(512) [
       10463,  12884,  13125,  13216,  12238,  10603,   9842,   9017,
        8392,   9970,  10191,  13316,  16304,  18597,  20864,  21028,
       22130,  21724,  22958,  19269,  14863,   6142,  -1983, -10408,
      -20850, -29080, -32753, -31506, -31912, -30671, -31562, -24442,
       -9483,    412,   5576,   9339,  12121,  14114,  12364,   8485,
        6575,   5668,   5740,   5509,   5174,   4706,   2699,  -2559,
       -9610, -16525, -21239, -24488, -26742, -26036, -23138, -17111,
      -11309,  -5866,   -867,   3138,   6181,   6342,   5734,   6015,
        7262,   8966,   9768,  10326,  11005,  10571,   9046,   5940,
        2292,  -1272,  -5089,  -8352, -10242, -10278,  -8858,  -7035,
       -5555,  -4168,  -3226,  -2449,  -2132,  -1889,  -1299,   -877,
       -1337,  -3365,  -3866,  -2431,   -762,   -992,  -4497,  -7229,
       -8519,  -8715,  -7432,  -6249,
      ... 412 more items
    ],
    Int16Array(512) [
        3180,   4564,  6132,  7498,   8874,   9229,   8356,   6567,
        3859,    562, -3012, -6596,  -9170, -10572, -10515,  -9279,
       -7738,  -6289, -5421, -5139,  -5007,  -5116,  -4463,  -3522,
       -2419,  -1008,   785,  3123,   4911,   5881,   5203,   3406,
        -242,  -4957, -7532, -9775, -12216, -15137, -16517, -15303,
      -13294, -10357, -7513, -4680,  -2812,  -1443,   -176,    633,
        1628,   2816,  3424,  3115,   3245,   3498,   3392,   2463,
        1537,    585,  -581, -1495,  -1697,  -1335,   -373,   1108,
        2416,   3378,  4338,  5811,   6825,   7180,   7470,   7883,
        8126,   8290,  8723,  9033,   8963,   8606,   7795,   6695,
        5438,   4738,  4453,  4131,   4509,   5169,   6348,   7687,
        8815,   9551,  9440,  8603,   7392,   5922,   5466,   5824,
        6408,   8441,  9120, 10408,
      ... 412 more items
    ],
    Int16Array(512) [
      -20566, -18906, -16575, -12741,  -8267,  -4383,  -1489,    170,
         627,    863,    967,   1915,   3207,   3890,   4482,   5192,
        5438,   4310,   2209,     71,  -1833,  -3493,  -4275,  -3792,
       -2121,    113,   2373,   4060,   5100,   5788,   5721,   5458,
        5180,   5257,   5973,   7334,   8355,   8822,   9225,   8875,
        7840,   6019,   4382,   3655,   3575,   4826,   6253,   7702,
        8202,   7583,   6711,   6136,   5686,   6239,   6398,   6940,
        8168,  10338,  12185,  13605,  13841,  13735,  13592,  13122,
       12525,  12674,  12694,  13870,  14791,  16590,  19782,  20360,
       18056,  10166,   2393,  -6344, -16498, -28567, -32208, -31155,
      -31209, -30522, -27538, -18680, -12954,  -9465, -10130,  -9153,
       -5651,  -3055,   -330,   2596,   8440,  16501,  22427,  24549,
       22772,  18232,  12705,   5960,
      ... 412 more items
    ],
    Int16Array(512) [
       3027,  2754,  2286,  1504,  1337,  1645,  2224,  2202,  1460,
        683,   231,   -23,  -294,  -532,  -782,  -732,  -674,  -578,
       -626, -1147, -1100,  -690,  -367,   -32,    21,   451,   897,
       1333,  1656,  2048,  2278,  2433,  2575,  2375,  2263,  1769,
        957,   327,  -358,  -850, -1186, -1627, -2144, -2484, -2624,
      -2978, -3364, -3920, -4388, -4848, -5284, -5456, -5773, -5798,
      -5848, -5818, -5566, -5533, -5463, -5512, -5896, -6122, -6319,
      -6229, -6041, -5854, -5479, -4809, -4325, -3995, -3610, -3278,
      -2816, -2395, -1924, -1768, -1721, -1559, -1381, -1063,  -585,
       -402,  -272,  -243,  -252,  -243,  -229,    49,   270,   528,
       1031,  1651,  2346,  2986,  3261,  3289,  3324,  3061,  2927,
       2695,
      ... 412 more items
    ],
    ... 148 more items
  ],
  recL: Int16Array(126976) [
    0, 0, 0, 0, 0, 0, 0, 0, 0, 0, 0, 0,
    0, 0, 0, 0, 0, 0, 0, 0, 0, 0, 0, 0,
    0, 0, 0, 0, 0, 0, 0, 0, 0, 0, 0, 0,
    0, 0, 0, 0, 0, 0, 0, 0, 0, 0, 0, 0,
    0, 0, 0, 0, 0, 0, 0, 0, 0, 0, 0, 0,
    0, 0, 0, 0, 0, 0, 0, 0, 0, 0, 0, 0,
    0, 0, 0, 0, 0, 0, 0, 0, 0, 0, 0, 0,
    0, 0, 0, 0, 0, 0, 0, 0, 0, 0, 0, 0,
    0, 0, 0, 0,
    ... 126876 more items
  ]
}
child stt Received: [
  'stt',
  {
    message: 'stt',
    recC: [
      [Int16Array], [Int16Array], [Int16Array], [Int16Array], [Int16Array],
      [Int16Array], [Int16Array], [Int16Array], [Int16Array], [Int16Array],
      [Int16Array], [Int16Array], [Int16Array], [Int16Array], [Int16Array],
      [Int16Array], [Int16Array], [Int16Array], [Int16Array], [Int16Array],
      [Int16Array], [Int16Array], [Int16Array], [Int16Array], [Int16Array],
      [Int16Array], [Int16Array], [Int16Array], [Int16Array], [Int16Array],
      [Int16Array], [Int16Array], [Int16Array], [Int16Array], [Int16Array],
      [Int16Array], [Int16Array], [Int16Array], [Int16Array], [Int16Array],
      [Int16Array], [Int16Array], [Int16Array], [Int16Array], [Int16Array],
      [Int16Array], [Int16Array], [Int16Array], [Int16Array], [Int16Array],
      [Int16Array], [Int16Array], [Int16Array], [Int16Array], [Int16Array],
      [Int16Array], [Int16Array], [Int16Array], [Int16Array], [Int16Array],
      [Int16Array], [Int16Array], [Int16Array], [Int16Array], [Int16Array],
      [Int16Array], [Int16Array], [Int16Array], [Int16Array], [Int16Array],
      [Int16Array], [Int16Array], [Int16Array], [Int16Array], [Int16Array],
      [Int16Array], [Int16Array], [Int16Array], [Int16Array], [Int16Array],
      [Int16Array], [Int16Array], [Int16Array], [Int16Array], [Int16Array],
      [Int16Array], [Int16Array], [Int16Array], [Int16Array], [Int16Array],
      [Int16Array], [Int16Array], [Int16Array], [Int16Array], [Int16Array],
      [Int16Array], [Int16Array], [Int16Array], [Int16Array], [Int16Array],
      ... 148 more items
    ],
    recL: Int16Array(126976) [
      0, 0, 0, 0, 0, 0, 0, 0, 0, 0, 0, 0,
      0, 0, 0, 0, 0, 0, 0, 0, 0, 0, 0, 0,
      0, 0, 0, 0, 0, 0, 0, 0, 0, 0, 0, 0,
      0, 0, 0, 0, 0, 0, 0, 0, 0, 0, 0, 0,
      0, 0, 0, 0, 0, 0, 0, 0, 0, 0, 0, 0,
      0, 0, 0, 0, 0, 0, 0, 0, 0, 0, 0, 0,
      0, 0, 0, 0, 0, 0, 0, 0, 0, 0, 0, 0,
      0, 0, 0, 0, 0, 0, 0, 0, 0, 0, 0, 0,
      0, 0, 0, 0,
      ... 126876 more items
    ]
  },
  undefined
]
stt parent Received:  {
  message: 'transcription',
  text: 'Aranha, aranha, aranha, aranha, aranha, aranha.'
}
red child Received: [ 'start' ]
Voice assistant WebSocket server is running on ws://localhost:8000
recorder child Received: start
control parent Received:  started
Received: {"payload":"*pong*","_msgid":"a4b52cd2f7f21db2"}
red parent Received:  started
Control & Red init ok.
Main loop started.
recorder child Received: idle
child speaker Received: play_start
speaker parent Received:  audio_queue_done
Voice assistant Client disconnected
red child Received: [ 'start' ]
Voice assistant WebSocket server is running on ws://localhost:8000
recorder child Received: start
control parent Received:  started
Received: {"payload":"*pong*","_msgid":"efdf42717b7fc1f7"}
red parent Received:  started
Control & Red init ok.
Main loop started.
recorder child Received: idle
child speaker Received: play_start
speaker parent Received:  audio_queue_done
